video_id,title,description,tags,published_at,duration,view_count
2KGO54k0di0,Surah Al-Mulk with Urdu Translation - Ayah 15 To 30 Ruku No 2,"Tarjuma by :
Molana Muhammad Saleem Akhtar

FRIDAY CLASS PLAYLIST 
https://www.youtube.com/playlist?list=PLQowKeTNj5RHy5aDTVNMg2UP2Idoaz0Kj

Quran With Urdu Translation
PLAYLIST LIVE URDU TRJUMA QURAN 2023
https://www.youtube.com/playlist?list=PLQowKeTNj5RFktbc8r-Duku_qu5AzR1LG

Quran With Urdu Translation
 اردو ترجمہ قرآن

All platfoms we are live on
Zikra Social Media Links

YouTube
https://www.youtube.com/channel/UCLYuowOAkMxiPFNWEDzqldQ?view_as=subscriber

Facebook
https://www.facebook.com/Zikra-Dar-ul-nashr-ذکریٰ-دار-النشر-102479931673745/

Tags:
Zikra trjuma Quran
urdu trjuma quran by Zikra dar ul nashr
Ramzan Live Trjuma
Quran Urdu Hindi Translation
اردو ترجمہ قرآن
zikra dar ul nashr

#quranwithurdutranslation 
#friday  
#urdutarjuma

zikra friday class
trjuma by molana muhammad saleem akhtar
zikra trjuma quran
zikra darul nashr
zikra dar ul nashr
trjuma by zikra
Muhammad Saleem Akhtar
Molana Muhammad saleem akhtar
zikra","zikra dar ul nashr,zikra trjuma quran,urdu trjuma quran,friday class zikra,zikra friday class,Surah Al-Mulk with Urdu Translation,Surah Al-Mulk 15 to 30,Ruku 2 Surah Al-Mulk,Trjuma Surah Al-Mulk 15 to 30 with Urdu Translation,Trjuma 15 to 30 Surah Al-Mulk,Surah Al-Mulk Urdu trjuma,Urdu trjuma Surah Al-Mulk,Urdu Translation Surah Al-Mulk Ayah 15 30,Surah Al-Mulk Urdu Trjuma 15 30,Ayah 15 to 30 Surah Al-Mulk",2025-07-30T12:00:04Z,PT9M40S,0
Fb-WSZ9Qgzc,Surah Al-Mulk with Urdu Translation - Ayah 1 To 14 Ruku No 1,"Tarjuma by :
Molana Muhammad Saleem Akhtar

FRIDAY CLASS PLAYLIST 
https://www.youtube.com/playlist?list=PLQowKeTNj5RHy5aDTVNMg2UP2Idoaz0Kj

Quran With Urdu Translation
PLAYLIST LIVE URDU TRJUMA QURAN 2023
https://www.youtube.com/playlist?list=PLQowKeTNj5RFktbc8r-Duku_qu5AzR1LG

Quran With Urdu Translation
 اردو ترجمہ قرآن

All platfoms we are live on
Zikra Social Media Links

YouTube
https://www.youtube.com/channel/UCLYuowOAkMxiPFNWEDzqldQ?view_as=subscriber

Facebook
https://www.facebook.com/Zikra-Dar-ul-nashr-ذکریٰ-دار-النشر-102479931673745/

Tags:
Zikra trjuma Quran
urdu trjuma quran by Zikra dar ul nashr
Ramzan Live Trjuma
Quran Urdu Hindi Translation
اردو ترجمہ قرآن
zikra dar ul nashr

#quranwithurdutranslation 
#friday  
#urdutarjuma

zikra friday class
trjuma by molana muhammad saleem akhtar
zikra trjuma quran
zikra darul nashr
zikra dar ul nashr
trjuma by zikra
Muhammad Saleem Akhtar
Molana Muhammad saleem akhtar
zikra","zikra dar ul nashr,zikra trjuma quran,urdu trjuma quran,friday class zikra,zikra friday class,Surah Al-Mulk with Urdu Translation,Surah Al-Mulk 1 to 14,Ruku 1 Surah Al-Mulk,Trjuma Surah Al-Mulk 1 to 14 with Urdu Translation,Trjuma 1 to 14 Surah Al-Mulk,Surah Al-Mulk Urdu trjuma,Urdu trjuma Surah Al-Mulk,Urdu Translation Surah Al-Mulk Ayah 1 14,Surah Al-Mulk Urdu Trjuma 1 14,Ayah 1 to 14 Surah Al-Mulk",2025-07-29T12:00:37Z,PT12M43S,2
BdRl51m6iiI,Surah At-Tahrim with Urdu Translation - Ayah 15 To 30 Ruku No 2,"Tarjuma by :
Molana Muhammad Saleem Akhtar

FRIDAY CLASS PLAYLIST 
https://www.youtube.com/playlist?list=PLQowKeTNj5RHy5aDTVNMg2UP2Idoaz0Kj

Quran With Urdu Translation
PLAYLIST LIVE URDU TRJUMA QURAN 2023
https://www.youtube.com/playlist?list=PLQowKeTNj5RFktbc8r-Duku_qu5AzR1LG

Quran With Urdu Translation
 اردو ترجمہ قرآن

All platfoms we are live on
Zikra Social Media Links

YouTube
https://www.youtube.com/channel/UCLYuowOAkMxiPFNWEDzqldQ?view_as=subscriber

Facebook
https://www.facebook.com/Zikra-Dar-ul-nashr-ذکریٰ-دار-النشر-102479931673745/

Tags:
Zikra trjuma Quran
urdu trjuma quran by Zikra dar ul nashr
Ramzan Live Trjuma
Quran Urdu Hindi Translation
اردو ترجمہ قرآن
zikra dar ul nashr

#quranwithurdutranslation 
#friday  
#urdutarjuma

zikra friday class
trjuma by molana muhammad saleem akhtar
zikra trjuma quran
zikra darul nashr
zikra dar ul nashr
trjuma by zikra
Muhammad Saleem Akhtar
Molana Muhammad saleem akhtar
zikra","zikra dar ul nashr,zikra trjuma quran,urdu trjuma quran,friday class zikra,zikra friday class,Surah At-Tahrim with Urdu Translation,Surah At-Tahrim 15 to 30,Ruku 2 Surah At-Tahrim,Trjuma Surah At-Tahrim 15 to 30 with Urdu Translation,Trjuma 15 to 30 Surah At-Tahrim,Surah At-Tahrim Urdu trjuma,Urdu trjuma Surah At-Tahrim,Urdu Translation Surah At-Tahrim Ayah 15 30,Surah At-Tahrim Urdu Trjuma 15 30,Ayah 15 to 30 Surah At-Tahrim",2025-07-28T12:00:15Z,PT8M6S,0
oysBqGcHSW4,Surah At-Tahrim with Urdu Translation - Ayah 1 To 14 Ruku No 1,"Tarjuma by :
Molana Muhammad Saleem Akhtar

FRIDAY CLASS PLAYLIST 
https://www.youtube.com/playlist?list=PLQowKeTNj5RHy5aDTVNMg2UP2Idoaz0Kj

Quran With Urdu Translation
PLAYLIST LIVE URDU TRJUMA QURAN 2023
https://www.youtube.com/playlist?list=PLQowKeTNj5RFktbc8r-Duku_qu5AzR1LG

Quran With Urdu Translation
 اردو ترجمہ قرآن

All platfoms we are live on
Zikra Social Media Links

YouTube
https://www.youtube.com/channel/UCLYuowOAkMxiPFNWEDzqldQ?view_as=subscriber

Facebook
https://www.facebook.com/Zikra-Dar-ul-nashr-ذکریٰ-دار-النشر-102479931673745/

Tags:
Zikra trjuma Quran
urdu trjuma quran by Zikra dar ul nashr
Ramzan Live Trjuma
Quran Urdu Hindi Translation
اردو ترجمہ قرآن
zikra dar ul nashr

#quranwithurdutranslation 
#friday  
#urdutarjuma

zikra friday class
trjuma by molana muhammad saleem akhtar
zikra trjuma quran
zikra darul nashr
zikra dar ul nashr
trjuma by zikra
Muhammad Saleem Akhtar
Molana Muhammad saleem akhtar
zikra","zikra dar ul nashr,zikra trjuma quran,urdu trjuma quran,friday class zikra,zikra friday class,Surah At-Tahrim with Urdu Translation,Surah At-Tahrim 1 to 14,Ruku 1 Surah At-Tahrim,Trjuma Surah At-Tahrim 1 to 14 with Urdu Translation,Trjuma 1 to 14 Surah At-Tahrim,Surah At-Tahrim Urdu trjuma,Urdu trjuma Surah At-Tahrim,Urdu Translation Surah At-Tahrim Ayah 1 14,Surah At-Tahrim Urdu Trjuma 1 14,Ayah 1 to 14 Surah At-Tahrim",2025-07-27T12:01:22Z,PT9M13S,9
08C6PohWA-0,Surah At-Talaq with Urdu Translation - Ayah 1 To 7 Ruku No 1,"Tarjuma by :
Molana Muhammad Saleem Akhtar

FRIDAY CLASS PLAYLIST 
https://www.youtube.com/playlist?list=PLQowKeTNj5RHy5aDTVNMg2UP2Idoaz0Kj

Quran With Urdu Translation
PLAYLIST LIVE URDU TRJUMA QURAN 2023
https://www.youtube.com/playlist?list=PLQowKeTNj5RFktbc8r-Duku_qu5AzR1LG

Quran With Urdu Translation
 اردو ترجمہ قرآن

All platfoms we are live on
Zikra Social Media Links

YouTube
https://www.youtube.com/channel/UCLYuowOAkMxiPFNWEDzqldQ?view_as=subscriber

Facebook
https://www.facebook.com/Zikra-Dar-ul-nashr-ذکریٰ-دار-النشر-102479931673745/

Tags:
Zikra trjuma Quran
urdu trjuma quran by Zikra dar ul nashr
Ramzan Live Trjuma
Quran Urdu Hindi Translation
اردو ترجمہ قرآن
zikra dar ul nashr

#quranwithurdutranslation 
#friday  
#urdutarjuma

zikra friday class
trjuma by molana muhammad saleem akhtar
zikra trjuma quran
zikra darul nashr
zikra dar ul nashr
trjuma by zikra
Muhammad Saleem Akhtar
Molana Muhammad saleem akhtar
zikra","zikra dar ul nashr,zikra trjuma quran,urdu trjuma quran,friday class zikra,zikra friday class,Surah At-Talaq with Urdu Translation,Surah At-Talaq 1 to 7,Ruku 1 Surah At-Talaq,Trjuma Surah At-Talaq 1 to 7 with Urdu Translation,Trjuma 1 to 7 Surah At-Talaq,Surah At-Talaq Urdu trjuma,Urdu trjuma Surah At-Talaq,Urdu Translation Surah At-Talaq Ayah 1 7,Surah At-Talaq Urdu Trjuma 1 7,Ayah 1 to 7 Surah At-Talaq",2025-07-24T12:00:03Z,PT21M54S,13
xPWUJywCxHQ,Surah At-Tagabun with Urdu Translation - Ayah 8 To 12 Ruku No 2,"Tarjuma by :
Molana Muhammad Saleem Akhtar

FRIDAY CLASS PLAYLIST 
https://www.youtube.com/playlist?list=PLQowKeTNj5RHy5aDTVNMg2UP2Idoaz0Kj

Quran With Urdu Translation
PLAYLIST LIVE URDU TRJUMA QURAN 2023
https://www.youtube.com/playlist?list=PLQowKeTNj5RFktbc8r-Duku_qu5AzR1LG

Quran With Urdu Translation
 اردو ترجمہ قرآن

All platfoms we are live on
Zikra Social Media Links

YouTube
https://www.youtube.com/channel/UCLYuowOAkMxiPFNWEDzqldQ?view_as=subscriber

Facebook
https://www.facebook.com/Zikra-Dar-ul-nashr-ذکریٰ-دار-النشر-102479931673745/

Tags:
Zikra trjuma Quran
urdu trjuma quran by Zikra dar ul nashr
Ramzan Live Trjuma
Quran Urdu Hindi Translation
اردو ترجمہ قرآن
zikra dar ul nashr

#quranwithurdutranslation 
#friday  
#urdutarjuma

zikra friday class
trjuma by molana muhammad saleem akhtar
zikra trjuma quran
zikra darul nashr
zikra dar ul nashr
trjuma by zikra
Muhammad Saleem Akhtar
Molana Muhammad saleem akhtar
zikra","zikra dar ul nashr,zikra trjuma quran,urdu trjuma quran,friday class zikra,zikra friday class,Surah At-Tagabun with Urdu Translation,Surah At-Tagabun 8 to 12,Ruku 2 Surah At-Tagabun,Trjuma Surah At-Tagabun 8 to 12 with Urdu Translation,Trjuma 8 to 12 Surah At-Tagabun,Surah At-Tagabun Urdu trjuma,Urdu trjuma Surah At-Tagabun,Urdu Translation Surah At-Tagabun Ayah 8 12,Surah At-Tagabun Urdu Trjuma 8 12,Ayah 8 to 12 Surah At-Tagabun",2025-07-23T12:02:02Z,PT8M49S,17
K9z4ZHNVpP0,Surah Al-Munafiqun with Urdu Translation - Ayah 11 To 18 Ruku No 2,"Tarjuma by :
Molana Muhammad Saleem Akhtar

FRIDAY CLASS PLAYLIST 
https://www.youtube.com/playlist?list=PLQowKeTNj5RHy5aDTVNMg2UP2Idoaz0Kj

Quran With Urdu Translation
PLAYLIST LIVE URDU TRJUMA QURAN 2023
https://www.youtube.com/playlist?list=PLQowKeTNj5RFktbc8r-Duku_qu5AzR1LG

Quran With Urdu Translation
 اردو ترجمہ قرآن

All platfoms we are live on
Zikra Social Media Links

YouTube
https://www.youtube.com/channel/UCLYuowOAkMxiPFNWEDzqldQ?view_as=subscriber

Facebook
https://www.facebook.com/Zikra-Dar-ul-nashr-ذکریٰ-دار-النشر-102479931673745/

Tags:
Zikra trjuma Quran
urdu trjuma quran by Zikra dar ul nashr
Ramzan Live Trjuma
Quran Urdu Hindi Translation
اردو ترجمہ قرآن
zikra dar ul nashr

#quranwithurdutranslation 
#friday  
#urdutarjuma

zikra friday class
trjuma by molana muhammad saleem akhtar
zikra trjuma quran
zikra darul nashr
zikra dar ul nashr
trjuma by zikra
Muhammad Saleem Akhtar
Molana Muhammad saleem akhtar
zikra","zikra dar ul nashr,zikra trjuma quran,urdu trjuma quran,friday class zikra,zikra friday class,Surah Al-Munafiqun with Urdu Translation,Surah Al-Munafiqun 11 to 18,Ruku 2 Surah Al-Munafiqun,Trjuma Surah Al-Munafiqun 11 to 18 with Urdu Translation,Trjuma 11 to 18 Surah Al-Munafiqun,Surah Al-Munafiqun Urdu trjuma,Urdu trjuma Surah Al-Munafiqun,Urdu Translation Surah Al-Munafiqun Ayah 11 18,Surah Al-Munafiqun Urdu Trjuma 11 18,Ayah 11 to 18 Surah Al-Munafiqun",2025-07-21T12:26:41Z,PT2M9S,37
Qyyf6eV6IWM,Surah Al-Munafiqun with Urdu Translation - Ayah 1 To 10 Ruku No 1,"Tarjuma by :
Molana Muhammad Saleem Akhtar

FRIDAY CLASS PLAYLIST 
https://www.youtube.com/playlist?list=PLQowKeTNj5RHy5aDTVNMg2UP2Idoaz0Kj

Quran With Urdu Translation
PLAYLIST LIVE URDU TRJUMA QURAN 2023
https://www.youtube.com/playlist?list=PLQowKeTNj5RFktbc8r-Duku_qu5AzR1LG

Quran With Urdu Translation
 اردو ترجمہ قرآن

All platfoms we are live on
Zikra Social Media Links

YouTube
https://www.youtube.com/channel/UCLYuowOAkMxiPFNWEDzqldQ?view_as=subscriber

Facebook
https://www.facebook.com/Zikra-Dar-ul-nashr-ذکریٰ-دار-النشر-102479931673745/

Tags:
Zikra trjuma Quran
urdu trjuma quran by Zikra dar ul nashr
Ramzan Live Trjuma
Quran Urdu Hindi Translation
اردو ترجمہ قرآن
zikra dar ul nashr

#quranwithurdutranslation 
#friday  
#urdutarjuma

zikra friday class
trjuma by molana muhammad saleem akhtar
zikra trjuma quran
zikra darul nashr
zikra dar ul nashr
trjuma by zikra
Muhammad Saleem Akhtar
Molana Muhammad saleem akhtar
zikra","zikra dar ul nashr,zikra trjuma quran,urdu trjuma quran,friday class zikra,zikra friday class,Surah Al-Munafiqun with Urdu Translation,Surah Al-Munafiqun 1 to 10,Ruku 1 Surah Al-Munafiqun,Trjuma Surah Al-Munafiqun 1 to 10 with Urdu Translation,Trjuma 1 to 10 Surah Al-Munafiqun,Surah Al-Munafiqun Urdu trjuma,Urdu trjuma Surah Al-Munafiqun,Urdu Translation Surah Al-Munafiqun Ayah 1 10,Surah Al-Munafiqun Urdu Trjuma 1 10,Ayah 1 to 10 Surah Al-Munafiqun",2025-07-20T12:00:48Z,PT7M17S,8
rhci6jGxtkk,Surah Al-Mumtahana with Urdu Translation - Ayah 7 To 13 Ruku No 2,"Tarjuma by :
Molana Muhammad Saleem Akhtar

FRIDAY CLASS PLAYLIST 
https://www.youtube.com/playlist?list=PLQowKeTNj5RHy5aDTVNMg2UP2Idoaz0Kj

Quran With Urdu Translation
PLAYLIST LIVE URDU TRJUMA QURAN 2023
https://www.youtube.com/playlist?list=PLQowKeTNj5RFktbc8r-Duku_qu5AzR1LG

Quran With Urdu Translation
 اردو ترجمہ قرآن

All platfoms we are live on
Zikra Social Media Links

YouTube
https://www.youtube.com/channel/UCLYuowOAkMxiPFNWEDzqldQ?view_as=subscriber

Facebook
https://www.facebook.com/Zikra-Dar-ul-nashr-ذکریٰ-دار-النشر-102479931673745/

Tags:
Zikra trjuma Quran
urdu trjuma quran by Zikra dar ul nashr
Ramzan Live Trjuma
Quran Urdu Hindi Translation
اردو ترجمہ قرآن
zikra dar ul nashr

#quranwithurdutranslation 
#friday  
#urdutarjuma

zikra friday class
trjuma by molana muhammad saleem akhtar
zikra trjuma quran
zikra darul nashr
zikra dar ul nashr
trjuma by zikra
Muhammad Saleem Akhtar
Molana Muhammad saleem akhtar
zikra","zikra dar ul nashr,zikra trjuma quran,urdu trjuma quran,friday class zikra,zikra friday class,Surah Al-Mumtahana with Urdu Translation,Surah Al-Mumtahana 7 to 13,Ruku 2 Surah Al-Mumtahana,Trjuma Surah Al-Mumtahana 7 to 13 with Urdu Translation,Trjuma 7 to 13 Surah Al-Mumtahana,Surah Al-Mumtahana Urdu trjuma,Urdu trjuma Surah Al-Mumtahana,Urdu Translation Surah Al-Mumtahana Ayah 7 13,Surah Al-Mumtahana Urdu Trjuma 7 13,Ayah 7 to 13 Surah Al-Mumtahana",2025-07-14T12:01:38Z,PT17M14S,2
yGPsCD8mNUM,Live 2025 - Parah 7 Ruba 4 Urdu Trjuma Quran | Zikra Dar Ul Nashr,"Urdu Trjuma #live #zikra #quranlive #quran #livetarjuma #youtubelive
#zikradarulnashr #urdutajuma #quraninurdu
Zikra Dar Ul Nashr",,2025-07-12T04:20:42Z,PT1H2M26S,19
t9saqYl-VjI,Surah Al-Hashr with Urdu Translation - Ayah 11 To 17 Ruku No 2,"Tarjuma by :
Molana Muhammad Saleem Akhtar

FRIDAY CLASS PLAYLIST 
https://www.youtube.com/playlist?list=PLQowKeTNj5RHy5aDTVNMg2UP2Idoaz0Kj

Quran With Urdu Translation
PLAYLIST LIVE URDU TRJUMA QURAN 2023
https://www.youtube.com/playlist?list=PLQowKeTNj5RFktbc8r-Duku_qu5AzR1LG

Quran With Urdu Translation
 اردو ترجمہ قرآن

All platfoms we are live on
Zikra Social Media Links

YouTube
https://www.youtube.com/channel/UCLYuowOAkMxiPFNWEDzqldQ?view_as=subscriber

Facebook
https://www.facebook.com/Zikra-Dar-ul-nashr-ذکریٰ-دار-النشر-102479931673745/

Tags:
Zikra trjuma Quran
urdu trjuma quran by Zikra dar ul nashr
Ramzan Live Trjuma
Quran Urdu Hindi Translation
اردو ترجمہ قرآن
zikra dar ul nashr

#quranwithurdutranslation 
#friday  
#urdutarjuma

zikra friday class
trjuma by molana muhammad saleem akhtar
zikra trjuma quran
zikra darul nashr
zikra dar ul nashr
trjuma by zikra
Muhammad Saleem Akhtar
Molana Muhammad saleem akhtar
zikra","zikra dar ul nashr,zikra trjuma quran,urdu trjuma quran,friday class zikra,zikra friday class,Surah Al-Hashr with Urdu Translation,Surah Al-Hashr 11 to 17,Ruku 2 Surah Al-Hashr,Trjuma Surah Al-Hashr 11 to 17 with Urdu Translation,Trjuma 11 to 17 Surah Al-Hashr,Surah Al-Hashr Urdu trjuma,Urdu trjuma Surah Al-Hashr,Urdu Translation Surah Al-Hashr Ayah 11 17,Surah Al-Hashr Urdu Trjuma 11 17,Ayah 11 to 17 Surah Al-Hashr",2025-07-10T12:01:43Z,PT15M38S,7
XnDFMglikR4,Surah Al-Hashr with Urdu Translation - Ayah 1 To 10 Ruku No 1,"Tarjuma by :
Molana Muhammad Saleem Akhtar

FRIDAY CLASS PLAYLIST 
https://www.youtube.com/playlist?list=PLQowKeTNj5RHy5aDTVNMg2UP2Idoaz0Kj

Quran With Urdu Translation
PLAYLIST LIVE URDU TRJUMA QURAN 2023
https://www.youtube.com/playlist?list=PLQowKeTNj5RFktbc8r-Duku_qu5AzR1LG

Quran With Urdu Translation
 اردو ترجمہ قرآن

All platfoms we are live on
Zikra Social Media Links

YouTube
https://www.youtube.com/channel/UCLYuowOAkMxiPFNWEDzqldQ?view_as=subscriber

Facebook
https://www.facebook.com/Zikra-Dar-ul-nashr-ذکریٰ-دار-النشر-102479931673745/

Tags:
Zikra trjuma Quran
urdu trjuma quran by Zikra dar ul nashr
Ramzan Live Trjuma
Quran Urdu Hindi Translation
اردو ترجمہ قرآن
zikra dar ul nashr

#quranwithurdutranslation 
#friday  
#urdutarjuma

zikra friday class
trjuma by molana muhammad saleem akhtar
zikra trjuma quran
zikra darul nashr
zikra dar ul nashr
trjuma by zikra
Muhammad Saleem Akhtar
Molana Muhammad saleem akhtar
zikra","zikra dar ul nashr,zikra trjuma quran,urdu trjuma quran,friday class zikra,zikra friday class,Surah Al-Hashr with Urdu Translation,Surah Al-Hashr 1 to 10,Ruku 1 Surah Al-Hashr,Trjuma Surah Al-Hashr 1 to 10 with Urdu Translation,Trjuma 1 to 10 Surah Al-Hashr,Surah Al-Hashr Urdu trjuma,Urdu trjuma Surah Al-Hashr,Urdu Translation Surah Al-Hashr Ayah 1 10,Surah Al-Hashr Urdu Trjuma 1 10,Ayah 1 to 10 Surah Al-Hashr",2025-07-09T12:01:07Z,PT29M3S,12
xNT7w24UmLs,Surah Al-Mujadila with Urdu Translation - Ayah 14 To 22 Ruku No 3,"Tarjuma by :
Molana Muhammad Saleem Akhtar

FRIDAY CLASS PLAYLIST 
https://www.youtube.com/playlist?list=PLQowKeTNj5RHy5aDTVNMg2UP2Idoaz0Kj

Quran With Urdu Translation
PLAYLIST LIVE URDU TRJUMA QURAN 2023
https://www.youtube.com/playlist?list=PLQowKeTNj5RFktbc8r-Duku_qu5AzR1LG

Quran With Urdu Translation
 اردو ترجمہ قرآن

All platfoms we are live on
Zikra Social Media Links

YouTube
https://www.youtube.com/channel/UCLYuowOAkMxiPFNWEDzqldQ?view_as=subscriber

Facebook
https://www.facebook.com/Zikra-Dar-ul-nashr-ذکریٰ-دار-النشر-102479931673745/

Tags:
Zikra trjuma Quran
urdu trjuma quran by Zikra dar ul nashr
Ramzan Live Trjuma
Quran Urdu Hindi Translation
اردو ترجمہ قرآن
zikra dar ul nashr

#quranwithurdutranslation 
#friday  
#urdutarjuma

zikra friday class
trjuma by molana muhammad saleem akhtar
zikra trjuma quran
zikra darul nashr
zikra dar ul nashr
trjuma by zikra
Muhammad Saleem Akhtar
Molana Muhammad saleem akhtar
zikra","zikra dar ul nashr,zikra trjuma quran,urdu trjuma quran,friday class zikra,zikra friday class,Surah Al-Mujadila with Urdu Translation,Surah Al-Mujadila 14 to 22,Ruku 3 Surah Al-Mujadila,Trjuma Surah Al-Mujadila 14 to 22 with Urdu Translation,Trjuma 14 to 22 Surah Al-Mujadila,Surah Al-Mujadila Urdu trjuma,Urdu trjuma Surah Al-Mujadila,Urdu Translation Surah Al-Mujadila Ayah 14 22,Surah Al-Mujadila Urdu Trjuma 14 22,Ayah 14 to 22 Surah Al-Mujadila",2025-07-08T12:02:02Z,PT9M18S,12
dYGuaWXH69c,Surah Al-Mujadila with Urdu Translation - Ayah 1 To 6 Ruku No 1,"Tarjuma by :
Molana Muhammad Saleem Akhtar

FRIDAY CLASS PLAYLIST 
https://www.youtube.com/playlist?list=PLQowKeTNj5RHy5aDTVNMg2UP2Idoaz0Kj

Quran With Urdu Translation
PLAYLIST LIVE URDU TRJUMA QURAN 2023
https://www.youtube.com/playlist?list=PLQowKeTNj5RFktbc8r-Duku_qu5AzR1LG

Quran With Urdu Translation
 اردو ترجمہ قرآن

All platfoms we are live on
Zikra Social Media Links

YouTube
https://www.youtube.com/channel/UCLYuowOAkMxiPFNWEDzqldQ?view_as=subscriber

Facebook
https://www.facebook.com/Zikra-Dar-ul-nashr-ذکریٰ-دار-النشر-102479931673745/

Tags:
Zikra trjuma Quran
urdu trjuma quran by Zikra dar ul nashr
Ramzan Live Trjuma
Quran Urdu Hindi Translation
اردو ترجمہ قرآن
zikra dar ul nashr

#quranwithurdutranslation 
#friday  
#urdutarjuma

zikra friday class
trjuma by molana muhammad saleem akhtar
zikra trjuma quran
zikra darul nashr
zikra dar ul nashr
trjuma by zikra
Muhammad Saleem Akhtar
Molana Muhammad saleem akhtar
zikra","zikra dar ul nashr,zikra trjuma quran,urdu trjuma quran,friday class zikra,zikra friday class,Surah Al-Mujadila with Urdu Translation,Surah Al-Mujadila 1 to 6,Ruku 1 Surah Al-Mujadila,Trjuma Surah Al-Mujadila 1 to 6 with Urdu Translation,Trjuma 1 to 6 Surah Al-Mujadila,Surah Al-Mujadila Urdu trjuma,Urdu trjuma Surah Al-Mujadila,Urdu Translation Surah Al-Mujadila Ayah 1 6,Surah Al-Mujadila Urdu Trjuma 1 6,Ayah 1 to 6 Surah Al-Mujadila",2025-07-06T12:01:09Z,PT10M19S,4
J4BFiWfZmAQ,Live 2025 - Parah 7 Ruba 3 Urdu Trjuma Quran | Zikra Dar Ul Nashr,"Urdu Trjuma #live #zikra #quranlive #quran #livetarjuma #youtubelive
#zikradarulnashr #urdutajuma #quraninurdu
Zikra Dar Ul Nashr",,2025-07-05T04:07:19Z,PT46M2S,15
U6wlDxbjlxw,Surah Al-Hadid with Urdu Translation - Ayah 1 To 10 Ruku No 1,"Tarjuma by :
Molana Muhammad Saleem Akhtar

FRIDAY CLASS PLAYLIST 
https://www.youtube.com/playlist?list=PLQowKeTNj5RHy5aDTVNMg2UP2Idoaz0Kj

Quran With Urdu Translation
PLAYLIST LIVE URDU TRJUMA QURAN 2023
https://www.youtube.com/playlist?list=PLQowKeTNj5RFktbc8r-Duku_qu5AzR1LG

Quran With Urdu Translation
 اردو ترجمہ قرآن

All platfoms we are live on
Zikra Social Media Links

YouTube
https://www.youtube.com/channel/UCLYuowOAkMxiPFNWEDzqldQ?view_as=subscriber

Facebook
https://www.facebook.com/Zikra-Dar-ul-nashr-ذکریٰ-دار-النشر-102479931673745/

Tags:
Zikra trjuma Quran
urdu trjuma quran by Zikra dar ul nashr
Ramzan Live Trjuma
Quran Urdu Hindi Translation
اردو ترجمہ قرآن
zikra dar ul nashr

#quranwithurdutranslation 
#friday  
#urdutarjuma

zikra friday class
trjuma by molana muhammad saleem akhtar
zikra trjuma quran
zikra darul nashr
zikra dar ul nashr
trjuma by zikra
Muhammad Saleem Akhtar
Molana Muhammad saleem akhtar
zikra","zikra dar ul nashr,zikra trjuma quran,urdu trjuma quran,friday class zikra,zikra friday class,Surah Al-Hadid with Urdu Translation,Surah Al-Hadid 1 to 10,Ruku 1 Surah Al-Hadid,Trjuma Surah Al-Hadid 1 to 10 with Urdu Translation,Trjuma 1 to 10 Surah Al-Hadid,Surah Al-Hadid Urdu trjuma,Urdu trjuma Surah Al-Hadid,Urdu Translation Surah Al-Hadid Ayah 1 10,Surah Al-Hadid Urdu Trjuma 1 10,Ayah 1 to 10 Surah Al-Hadid",2025-07-01T13:00:54Z,PT9M20S,15
hTsStzHTQ0I,Surah Al-Waqia with Urdu Translation - Ayah 39 To 74 Ruku No 2,"Tarjuma by :
Molana Muhammad Saleem Akhtar

FRIDAY CLASS PLAYLIST 
https://www.youtube.com/playlist?list=PLQowKeTNj5RHy5aDTVNMg2UP2Idoaz0Kj

Quran With Urdu Translation
PLAYLIST LIVE URDU TRJUMA QURAN 2023
https://www.youtube.com/playlist?list=PLQowKeTNj5RFktbc8r-Duku_qu5AzR1LG

Quran With Urdu Translation
 اردو ترجمہ قرآن

All platfoms we are live on
Zikra Social Media Links

YouTube
https://www.youtube.com/channel/UCLYuowOAkMxiPFNWEDzqldQ?view_as=subscriber

Facebook
https://www.facebook.com/Zikra-Dar-ul-nashr-ذکریٰ-دار-النشر-102479931673745/

Tags:
Zikra trjuma Quran
urdu trjuma quran by Zikra dar ul nashr
Ramzan Live Trjuma
Quran Urdu Hindi Translation
اردو ترجمہ قرآن
zikra dar ul nashr

#quranwithurdutranslation 
#friday  
#urdutarjuma

zikra friday class
trjuma by molana muhammad saleem akhtar
zikra trjuma quran
zikra darul nashr
zikra dar ul nashr
trjuma by zikra
Muhammad Saleem Akhtar
Molana Muhammad saleem akhtar
zikra",,2025-06-29T13:01:20Z,PT11M37S,111
JM60yHvbb6A,Surah Al-Waqia with Urdu Translation - Ayah 1 To 38 Ruku No 1,"Tarjuma by :
Molana Muhammad Saleem Akhtar

FRIDAY CLASS PLAYLIST 
https://www.youtube.com/playlist?list=PLQowKeTNj5RHy5aDTVNMg2UP2Idoaz0Kj

Quran With Urdu Translation
PLAYLIST LIVE URDU TRJUMA QURAN 2023
https://www.youtube.com/playlist?list=PLQowKeTNj5RFktbc8r-Duku_qu5AzR1LG

Quran With Urdu Translation
 اردو ترجمہ قرآن

All platfoms we are live on
Zikra Social Media Links

YouTube
https://www.youtube.com/channel/UCLYuowOAkMxiPFNWEDzqldQ?view_as=subscriber

Facebook
https://www.facebook.com/Zikra-Dar-ul-nashr-ذکریٰ-دار-النشر-102479931673745/

Tags:
Zikra trjuma Quran
urdu trjuma quran by Zikra dar ul nashr
Ramzan Live Trjuma
Quran Urdu Hindi Translation
اردو ترجمہ قرآن
zikra dar ul nashr

#quranwithurdutranslation 
#friday  
#urdutarjuma

zikra friday class
trjuma by molana muhammad saleem akhtar
zikra trjuma quran
zikra darul nashr
zikra dar ul nashr
trjuma by zikra
Muhammad Saleem Akhtar
Molana Muhammad saleem akhtar
zikra","zikra dar ul nashr,zikra trjuma quran,urdu trjuma quran,friday class zikra,zikra friday class,Surah Al-Waqia with Urdu Translation,Surah Al-Waqia 1 to 38,Ruku 1 Surah Al-Waqia,Trjuma Surah Al-Waqia 1 to 38 with Urdu Translation,Trjuma 1 to 38 Surah Al-Waqia,Surah Al-Waqia Urdu trjuma,Urdu trjuma Surah Al-Waqia,Urdu Translation Surah Al-Waqia Ayah 1 38,Surah Al-Waqia Urdu Trjuma 1 38,Ayah 1 to 38 Surah Al-Waqia",2025-06-28T13:00:41Z,PT13M48S,86
SKcGBWwl7S4,Surah Ar-Rahman with Urdu Translation - Ayah 26 To 45 Ruku No 2,"Tarjuma by :
Molana Muhammad Saleem Akhtar

FRIDAY CLASS PLAYLIST 
https://www.youtube.com/playlist?list=PLQowKeTNj5RHy5aDTVNMg2UP2Idoaz0Kj

Quran With Urdu Translation
PLAYLIST LIVE URDU TRJUMA QURAN 2023
https://www.youtube.com/playlist?list=PLQowKeTNj5RFktbc8r-Duku_qu5AzR1LG

Quran With Urdu Translation
 اردو ترجمہ قرآن

All platfoms we are live on
Zikra Social Media Links

YouTube
https://www.youtube.com/channel/UCLYuowOAkMxiPFNWEDzqldQ?view_as=subscriber

Facebook
https://www.facebook.com/Zikra-Dar-ul-nashr-ذکریٰ-دار-النشر-102479931673745/

Tags:
Zikra trjuma Quran
urdu trjuma quran by Zikra dar ul nashr
Ramzan Live Trjuma
Quran Urdu Hindi Translation
اردو ترجمہ قرآن
zikra dar ul nashr

#quranwithurdutranslation 
#friday  
#urdutarjuma

zikra friday class
trjuma by molana muhammad saleem akhtar
zikra trjuma quran
zikra darul nashr
zikra dar ul nashr
trjuma by zikra
Muhammad Saleem Akhtar
Molana Muhammad saleem akhtar
zikra","zikra dar ul nashr,zikra trjuma quran,urdu trjuma quran,friday class zikra,zikra friday class,Surah Ar-Rahman with Urdu Translation,Surah Ar-Rahman 26 to 45,Ruku 2 Surah Ar-Rahman,Trjuma Surah Ar-Rahman 26 to 45 with Urdu Translation,Trjuma 26 to 45 Surah Ar-Rahman,Surah Ar-Rahman Urdu trjuma,Urdu trjuma Surah Ar-Rahman,Urdu Translation Surah Ar-Rahman Ayah 26 45,Surah Ar-Rahman Urdu Trjuma 26 45,Ayah 26 to 45 Surah Ar-Rahman",2025-06-22T12:00:56Z,PT8M13S,101
J3FwuTyCu0o,Surah Ar-Rahman with Urdu Translation - Ayah 1 To 25 Ruku No 1,"Tarjuma by :
Molana Muhammad Saleem Akhtar

FRIDAY CLASS PLAYLIST 
https://www.youtube.com/playlist?list=PLQowKeTNj5RHy5aDTVNMg2UP2Idoaz0Kj

Quran With Urdu Translation
PLAYLIST LIVE URDU TRJUMA QURAN 2023
https://www.youtube.com/playlist?list=PLQowKeTNj5RFktbc8r-Duku_qu5AzR1LG

Quran With Urdu Translation
 اردو ترجمہ قرآن

All platfoms we are live on
Zikra Social Media Links

YouTube
https://www.youtube.com/channel/UCLYuowOAkMxiPFNWEDzqldQ?view_as=subscriber

Facebook
https://www.facebook.com/Zikra-Dar-ul-nashr-ذکریٰ-دار-النشر-102479931673745/

Tags:
Zikra trjuma Quran
urdu trjuma quran by Zikra dar ul nashr
Ramzan Live Trjuma
Quran Urdu Hindi Translation
اردو ترجمہ قرآن
zikra dar ul nashr

#quranwithurdutranslation 
#friday  
#urdutarjuma

zikra friday class
trjuma by molana muhammad saleem akhtar
zikra trjuma quran
zikra darul nashr
zikra dar ul nashr
trjuma by zikra
Muhammad Saleem Akhtar
Molana Muhammad saleem akhtar
zikra","zikra dar ul nashr,zikra trjuma quran,urdu trjuma quran,friday class zikra,zikra friday class,Surah Ar-Rahman with Urdu Translation,Surah Ar-Rahman 1 to 25,Ruku 1 Surah Ar-Rahman,Trjuma Surah Ar-Rahman 1 to 25 with Urdu Translation,Trjuma 1 to 25 Surah Ar-Rahman,Surah Ar-Rahman Urdu trjuma,Urdu trjuma Surah Ar-Rahman,Urdu Translation Surah Ar-Rahman Ayah 1 25,Surah Ar-Rahman Urdu Trjuma 1 25,Ayah 1 to 25 Surah Ar-Rahman",2025-06-21T12:00:29Z,PT17M5S,55
3xo5gtN32Ag,Live 2025 - Parah 7 Ruba 1 Urdu Trjuma Quran | Zikra Dar Ul Nashr,"Urdu Trjuma #live #zikra #quranlive #quran #livetarjuma #youtubelive
#zikradarulnashr #urdutajuma #quraninurdu
Zikra Dar Ul Nashr",,2025-06-21T04:03:52Z,PT28M13S,13
QXgo0bpTdaY,Surah Al-Qamar with Urdu Translation - Ayah 41 To 55 Ruku No 3,"Tarjuma by :
Molana Muhammad Saleem Akhtar

FRIDAY CLASS PLAYLIST 
https://www.youtube.com/playlist?list=PLQowKeTNj5RHy5aDTVNMg2UP2Idoaz0Kj

Quran With Urdu Translation
PLAYLIST LIVE URDU TRJUMA QURAN 2023
https://www.youtube.com/playlist?list=PLQowKeTNj5RFktbc8r-Duku_qu5AzR1LG

Quran With Urdu Translation
 اردو ترجمہ قرآن

All platfoms we are live on
Zikra Social Media Links

YouTube
https://www.youtube.com/channel/UCLYuowOAkMxiPFNWEDzqldQ?view_as=subscriber

Facebook
https://www.facebook.com/Zikra-Dar-ul-nashr-ذکریٰ-دار-النشر-102479931673745/

Tags:
Zikra trjuma Quran
urdu trjuma quran by Zikra dar ul nashr
Ramzan Live Trjuma
Quran Urdu Hindi Translation
اردو ترجمہ قرآن
zikra dar ul nashr

#quranwithurdutranslation 
#friday  
#urdutarjuma

zikra friday class
trjuma by molana muhammad saleem akhtar
zikra trjuma quran
zikra darul nashr
zikra dar ul nashr
trjuma by zikra
Muhammad Saleem Akhtar
Molana Muhammad saleem akhtar
zikra","zikra dar ul nashr,zikra trjuma quran,urdu trjuma quran,friday class zikra,zikra friday class,Surah Al-Qamar with Urdu Translation,Surah Al-Qamar 41 to 55,Ruku 3 Surah Al-Qamar,Trjuma Surah Al-Qamar 41 to 55 with Urdu Translation,Trjuma 41 to 55 Surah Al-Qamar,Surah Al-Qamar Urdu trjuma,Urdu trjuma Surah Al-Qamar,Urdu Translation Surah Al-Qamar Ayah 41 55,Surah Al-Qamar Urdu Trjuma 41 55,Ayah 41 to 55 Surah Al-Qamar",2025-06-19T12:00:46Z,PT7M4S,13
f9CpKnBoLwc,Surah Al-Qamar with Urdu Translation - Ayah 23 To 40 Ruku No 2,"Tarjuma by :
Molana Muhammad Saleem Akhtar

FRIDAY CLASS PLAYLIST 
https://www.youtube.com/playlist?list=PLQowKeTNj5RHy5aDTVNMg2UP2Idoaz0Kj

Quran With Urdu Translation
PLAYLIST LIVE URDU TRJUMA QURAN 2023
https://www.youtube.com/playlist?list=PLQowKeTNj5RFktbc8r-Duku_qu5AzR1LG

Quran With Urdu Translation
 اردو ترجمہ قرآن

All platfoms we are live on
Zikra Social Media Links

YouTube
https://www.youtube.com/channel/UCLYuowOAkMxiPFNWEDzqldQ?view_as=subscriber

Facebook
https://www.facebook.com/Zikra-Dar-ul-nashr-ذکریٰ-دار-النشر-102479931673745/

Tags:
Zikra trjuma Quran
urdu trjuma quran by Zikra dar ul nashr
Ramzan Live Trjuma
Quran Urdu Hindi Translation
اردو ترجمہ قرآن
zikra dar ul nashr

#quranwithurdutranslation 
#friday  
#urdutarjuma

zikra friday class
trjuma by molana muhammad saleem akhtar
zikra trjuma quran
zikra darul nashr
zikra dar ul nashr
trjuma by zikra
Muhammad Saleem Akhtar
Molana Muhammad saleem akhtar
zikra","zikra dar ul nashr,zikra trjuma quran,urdu trjuma quran,friday class zikra,zikra friday class,Surah Al-Qamar with Urdu Translation,Surah Al-Qamar 23 to 40,Ruku 2 Surah Al-Qamar,Trjuma Surah Al-Qamar 23 to 40 with Urdu Translation,Trjuma 23 to 40 Surah Al-Qamar,Surah Al-Qamar Urdu trjuma,Urdu trjuma Surah Al-Qamar,Urdu Translation Surah Al-Qamar Ayah 23 40,Surah Al-Qamar Urdu Trjuma 23 40,Ayah 23 to 40 Surah Al-Qamar",2025-06-18T12:01:14Z,PT8M1S,7
IMnycxrvkx0,Surah Al-Qamar with Urdu Translation - Ayah 1 To 22 Ruku No 1,"Tarjuma by :
Molana Muhammad Saleem Akhtar

FRIDAY CLASS PLAYLIST 
https://www.youtube.com/playlist?list=PLQowKeTNj5RHy5aDTVNMg2UP2Idoaz0Kj

Quran With Urdu Translation
PLAYLIST LIVE URDU TRJUMA QURAN 2023
https://www.youtube.com/playlist?list=PLQowKeTNj5RFktbc8r-Duku_qu5AzR1LG

Quran With Urdu Translation
 اردو ترجمہ قرآن

All platfoms we are live on
Zikra Social Media Links

YouTube
https://www.youtube.com/channel/UCLYuowOAkMxiPFNWEDzqldQ?view_as=subscriber

Facebook
https://www.facebook.com/Zikra-Dar-ul-nashr-ذکریٰ-دار-النشر-102479931673745/

Tags:
Zikra trjuma Quran
urdu trjuma quran by Zikra dar ul nashr
Ramzan Live Trjuma
Quran Urdu Hindi Translation
اردو ترجمہ قرآن
zikra dar ul nashr

#quranwithurdutranslation 
#friday  
#urdutarjuma

zikra friday class
trjuma by molana muhammad saleem akhtar
zikra trjuma quran
zikra darul nashr
zikra dar ul nashr
trjuma by zikra
Muhammad Saleem Akhtar
Molana Muhammad saleem akhtar
zikra","zikra dar ul nashr,zikra trjuma quran,urdu trjuma quran,friday class zikra,zikra friday class,Surah Al-Qamar with Urdu Translation,Surah Al-Qamar 1 to 22,Ruku 1 Surah Al-Qamar,Trjuma Surah Al-Qamar 1 to 22 with Urdu Translation,Trjuma 1 to 22 Surah Al-Qamar,Surah Al-Qamar Urdu trjuma,Urdu trjuma Surah Al-Qamar,Urdu Translation Surah Al-Qamar Ayah 1 22,Surah Al-Qamar Urdu Trjuma 1 22,Ayah 1 to 22 Surah Al-Qamar",2025-06-17T12:00:26Z,PT10M41S,86
5rIJP6boJUA,Surah An-Najm with Urdu Translation - Ayah 33 To 62 Ruku No 3,"Tarjuma by :
Molana Muhammad Saleem Akhtar

FRIDAY CLASS PLAYLIST 
https://www.youtube.com/playlist?list=PLQowKeTNj5RHy5aDTVNMg2UP2Idoaz0Kj

Quran With Urdu Translation
PLAYLIST LIVE URDU TRJUMA QURAN 2023
https://www.youtube.com/playlist?list=PLQowKeTNj5RFktbc8r-Duku_qu5AzR1LG

Quran With Urdu Translation
 اردو ترجمہ قرآن

All platfoms we are live on
Zikra Social Media Links

YouTube
https://www.youtube.com/channel/UCLYuowOAkMxiPFNWEDzqldQ?view_as=subscriber

Facebook
https://www.facebook.com/Zikra-Dar-ul-nashr-ذکریٰ-دار-النشر-102479931673745/

Tags:
Zikra trjuma Quran
urdu trjuma quran by Zikra dar ul nashr
Ramzan Live Trjuma
Quran Urdu Hindi Translation
اردو ترجمہ قرآن
zikra dar ul nashr

#quranwithurdutranslation 
#friday  
#urdutarjuma

zikra friday class
trjuma by molana muhammad saleem akhtar
zikra trjuma quran
zikra darul nashr
zikra dar ul nashr
trjuma by zikra
Muhammad Saleem Akhtar
Molana Muhammad saleem akhtar
zikra","zikra dar ul nashr,zikra trjuma quran,urdu trjuma quran,friday class zikra,zikra friday class,Surah An-Najm with Urdu Translation,Surah An-Najm 33 to 62,Ruku 3 Surah An-Najm,Trjuma Surah An-Najm 33 to 62 with Urdu Translation,Trjuma 33 to 62 Surah An-Najm,Surah An-Najm Urdu trjuma,Urdu trjuma Surah An-Najm,Urdu Translation Surah An-Najm Ayah 33 62,Surah An-Najm Urdu Trjuma 33 62,Ayah 33 to 62 Surah An-Najm",2025-06-16T12:00:15Z,PT9M50S,33
fX-o2N58llg,Surah At-Tur with Urdu Translation - Ayah 29 To 49 Ruku No 2,"Tarjuma by :
Molana Muhammad Saleem Akhtar

FRIDAY CLASS PLAYLIST 
https://www.youtube.com/playlist?list=PLQowKeTNj5RHy5aDTVNMg2UP2Idoaz0Kj

Quran With Urdu Translation
PLAYLIST LIVE URDU TRJUMA QURAN 2023
https://www.youtube.com/playlist?list=PLQowKeTNj5RFktbc8r-Duku_qu5AzR1LG

Quran With Urdu Translation
 اردو ترجمہ قرآن

All platfoms we are live on
Zikra Social Media Links

YouTube
https://www.youtube.com/channel/UCLYuowOAkMxiPFNWEDzqldQ?view_as=subscriber

Facebook
https://www.facebook.com/Zikra-Dar-ul-nashr-ذکریٰ-دار-النشر-102479931673745/

Tags:
Zikra trjuma Quran
urdu trjuma quran by Zikra dar ul nashr
Ramzan Live Trjuma
Quran Urdu Hindi Translation
اردو ترجمہ قرآن
zikra dar ul nashr

#quranwithurdutranslation 
#friday  
#urdutarjuma

zikra friday class
trjuma by molana muhammad saleem akhtar
zikra trjuma quran
zikra darul nashr
zikra dar ul nashr
trjuma by zikra
Muhammad Saleem Akhtar
Molana Muhammad saleem akhtar
zikra","zikra dar ul nashr,zikra trjuma quran,urdu trjuma quran,friday class zikra,zikra friday class,Surah At-Tur with Urdu Translation,Surah At-Tur 29 to 49,Ruku 2 Surah At-Tur,Trjuma Surah At-Tur 29 to 49 with Urdu Translation,Trjuma 29 to 49 Surah At-Tur,Surah At-Tur Urdu trjuma,Urdu trjuma Surah At-Tur,Urdu Translation Surah At-Tur Ayah 29 49,Surah At-Tur Urdu Trjuma 29 49,Ayah 29 to 49 Surah At-Tur",2025-06-04T12:01:16Z,PT10M3S,35
4zRFqS9v4Rg,Surah At-Tur with Urdu Translation - Ayah 1 To 28 Ruku No 1,"Tarjuma by :
Molana Muhammad Saleem Akhtar

FRIDAY CLASS PLAYLIST 
https://www.youtube.com/playlist?list=PLQowKeTNj5RHy5aDTVNMg2UP2Idoaz0Kj

Quran With Urdu Translation
PLAYLIST LIVE URDU TRJUMA QURAN 2023
https://www.youtube.com/playlist?list=PLQowKeTNj5RFktbc8r-Duku_qu5AzR1LG

Quran With Urdu Translation
 اردو ترجمہ قرآن

All platfoms we are live on
Zikra Social Media Links

YouTube
https://www.youtube.com/channel/UCLYuowOAkMxiPFNWEDzqldQ?view_as=subscriber

Facebook
https://www.facebook.com/Zikra-Dar-ul-nashr-ذکریٰ-دار-النشر-102479931673745/

Tags:
Zikra trjuma Quran
urdu trjuma quran by Zikra dar ul nashr
Ramzan Live Trjuma
Quran Urdu Hindi Translation
اردو ترجمہ قرآن
zikra dar ul nashr

#quranwithurdutranslation 
#friday  
#urdutarjuma

zikra friday class
trjuma by molana muhammad saleem akhtar
zikra trjuma quran
zikra darul nashr
zikra dar ul nashr
trjuma by zikra
Muhammad Saleem Akhtar
Molana Muhammad saleem akhtar
zikra","zikra dar ul nashr,zikra trjuma quran,urdu trjuma quran,friday class zikra,zikra friday class,Surah At-Tur with Urdu Translation,Surah At-Tur 1 to 28,Ruku 1 Surah At-Tur,Trjuma Surah At-Tur 1 to 28 with Urdu Translation,Trjuma 1 to 28 Surah At-Tur,Surah At-Tur Urdu trjuma,Urdu trjuma Surah At-Tur,Urdu Translation Surah At-Tur Ayah 1 28,Surah At-Tur Urdu Trjuma 1 28,Ayah 1 to 28 Surah At-Tur",2025-06-03T12:00:10Z,PT14M38S,52
-td9E1jlDTg,Surah Az-Zariyat with Urdu Translation - Ayah 47 To 60 Ruku No 3,"Tarjuma by :
Molana Muhammad Saleem Akhtar

FRIDAY CLASS PLAYLIST 
https://www.youtube.com/playlist?list=PLQowKeTNj5RHy5aDTVNMg2UP2Idoaz0Kj

Quran With Urdu Translation
PLAYLIST LIVE URDU TRJUMA QURAN 2023
https://www.youtube.com/playlist?list=PLQowKeTNj5RFktbc8r-Duku_qu5AzR1LG

Quran With Urdu Translation
 اردو ترجمہ قرآن

All platfoms we are live on
Zikra Social Media Links

YouTube
https://www.youtube.com/channel/UCLYuowOAkMxiPFNWEDzqldQ?view_as=subscriber

Facebook
https://www.facebook.com/Zikra-Dar-ul-nashr-ذکریٰ-دار-النشر-102479931673745/

Tags:
Zikra trjuma Quran
urdu trjuma quran by Zikra dar ul nashr
Ramzan Live Trjuma
Quran Urdu Hindi Translation
اردو ترجمہ قرآن
zikra dar ul nashr

#quranwithurdutranslation 
#friday  
#urdutarjuma

zikra friday class
trjuma by molana muhammad saleem akhtar
zikra trjuma quran
zikra darul nashr
zikra dar ul nashr
trjuma by zikra
Muhammad Saleem Akhtar
Molana Muhammad saleem akhtar
zikra","zikra dar ul nashr,zikra trjuma quran,urdu trjuma quran,friday class zikra,zikra friday class,Surah Az-Zariyat with Urdu Translation,Surah Az-Zariyat 47 to 60,Ruku 3 Surah Az-Zariyat,Trjuma Surah Az-Zariyat 47 to 60 with Urdu Translation,Trjuma 47 to 60 Surah Az-Zariyat,Surah Az-Zariyat Urdu trjuma,Urdu trjuma Surah Az-Zariyat,Urdu Translation Surah Az-Zariyat Ayah 47 60,Surah Az-Zariyat Urdu Trjuma 47 60,Ayah 47 to 60 Surah Az-Zariyat",2025-06-02T12:00:00Z,PT6M40S,47
x0hPFq-tKM8,Surah Az-Zariyat with Urdu Translation - Ayah 24 To 46 Ruku No 2,"Tarjuma by :
Molana Muhammad Saleem Akhtar

FRIDAY CLASS PLAYLIST 
https://www.youtube.com/playlist?list=PLQowKeTNj5RHy5aDTVNMg2UP2Idoaz0Kj

Quran With Urdu Translation
PLAYLIST LIVE URDU TRJUMA QURAN 2023
https://www.youtube.com/playlist?list=PLQowKeTNj5RFktbc8r-Duku_qu5AzR1LG

Quran With Urdu Translation
 اردو ترجمہ قرآن

All platfoms we are live on
Zikra Social Media Links

YouTube
https://www.youtube.com/channel/UCLYuowOAkMxiPFNWEDzqldQ?view_as=subscriber

Facebook
https://www.facebook.com/Zikra-Dar-ul-nashr-ذکریٰ-دار-النشر-102479931673745/

Tags:
Zikra trjuma Quran
urdu trjuma quran by Zikra dar ul nashr
Ramzan Live Trjuma
Quran Urdu Hindi Translation
اردو ترجمہ قرآن
zikra dar ul nashr

#quranwithurdutranslation 
#friday  
#urdutarjuma

zikra friday class
trjuma by molana muhammad saleem akhtar
zikra trjuma quran
zikra darul nashr
zikra dar ul nashr
trjuma by zikra
Muhammad Saleem Akhtar
Molana Muhammad saleem akhtar
zikra","zikra dar ul nashr,zikra trjuma quran,urdu trjuma quran,friday class zikra,zikra friday class,Surah Az-Zariyat with Urdu Translation,Surah Az-Zariyat 24 to 46,Ruku 2 Surah Az-Zariyat,Trjuma Surah Az-Zariyat 24 to 46 with Urdu Translation,Trjuma 24 to 46 Surah Az-Zariyat,Surah Az-Zariyat Urdu trjuma,Urdu trjuma Surah Az-Zariyat,Urdu Translation Surah Az-Zariyat Ayah 24 46,Surah Az-Zariyat Urdu Trjuma 24 46,Ayah 24 to 46 Surah Az-Zariyat",2025-06-01T12:01:40Z,PT22M48S,49
PkPKChIncYY,Live 2025 - Parah 6 Ruba 4 Urdu Trjuma Quran | Zikra Dar Ul Nashr,"Urdu Trjuma #live #zikra #quranlive #quran #livetarjuma #youtubelive
#zikradarulnashr #urdutajuma #quraninurdu
Zikra Dar Ul Nashr",,2025-05-31T03:45:11Z,PT38M42S,11
NMx4gw237yw,Surah Qaf with Urdu Translation - Ayah 16 To 29 Ruku No 2,"Tarjuma by :
Molana Muhammad Saleem Akhtar

FRIDAY CLASS PLAYLIST 
https://www.youtube.com/playlist?list=PLQowKeTNj5RHy5aDTVNMg2UP2Idoaz0Kj

Quran With Urdu Translation
PLAYLIST LIVE URDU TRJUMA QURAN 2023
https://www.youtube.com/playlist?list=PLQowKeTNj5RFktbc8r-Duku_qu5AzR1LG

Quran With Urdu Translation
 اردو ترجمہ قرآن

All platfoms we are live on
Zikra Social Media Links

YouTube
https://www.youtube.com/channel/UCLYuowOAkMxiPFNWEDzqldQ?view_as=subscriber

Facebook
https://www.facebook.com/Zikra-Dar-ul-nashr-ذکریٰ-دار-النشر-102479931673745/

Tags:
Zikra trjuma Quran
urdu trjuma quran by Zikra dar ul nashr
Ramzan Live Trjuma
Quran Urdu Hindi Translation
اردو ترجمہ قرآن
zikra dar ul nashr

#quranwithurdutranslation 
#friday  
#urdutarjuma

zikra friday class
trjuma by molana muhammad saleem akhtar
zikra trjuma quran
zikra darul nashr
zikra dar ul nashr
trjuma by zikra
Muhammad Saleem Akhtar
Molana Muhammad saleem akhtar
zikra","zikra dar ul nashr,zikra trjuma quran,urdu trjuma quran,friday class zikra,zikra friday class,Surah Qaf with Urdu Translation,Surah Qaf 16 to 29,Ruku 2 Surah Qaf,Trjuma Surah Qaf 16 to 29 with Urdu Translation,Trjuma 16 to 29 Surah Qaf,Surah Qaf Urdu trjuma,Urdu trjuma Surah Qaf,Urdu Translation Surah Qaf Ayah 16 29,Surah Qaf Urdu Trjuma 16 29,Ayah 16 to 29 Surah Qaf",2025-05-29T12:00:53Z,PT8M27S,38
3FMPMyCDnF0,Surah Qaf with Urdu Translation - Ayah 1 To 15 Ruku No 1,"Tarjuma by :
Molana Muhammad Saleem Akhtar

FRIDAY CLASS PLAYLIST 
https://www.youtube.com/playlist?list=PLQowKeTNj5RHy5aDTVNMg2UP2Idoaz0Kj

Quran With Urdu Translation
PLAYLIST LIVE URDU TRJUMA QURAN 2023
https://www.youtube.com/playlist?list=PLQowKeTNj5RFktbc8r-Duku_qu5AzR1LG

Quran With Urdu Translation
 اردو ترجمہ قرآن

All platfoms we are live on
Zikra Social Media Links

YouTube
https://www.youtube.com/channel/UCLYuowOAkMxiPFNWEDzqldQ?view_as=subscriber

Facebook
https://www.facebook.com/Zikra-Dar-ul-nashr-ذکریٰ-دار-النشر-102479931673745/

Tags:
Zikra trjuma Quran
urdu trjuma quran by Zikra dar ul nashr
Ramzan Live Trjuma
Quran Urdu Hindi Translation
اردو ترجمہ قرآن
zikra dar ul nashr

#quranwithurdutranslation 
#friday  
#urdutarjuma

zikra friday class
trjuma by molana muhammad saleem akhtar
zikra trjuma quran
zikra darul nashr
zikra dar ul nashr
trjuma by zikra
Muhammad Saleem Akhtar
Molana Muhammad saleem akhtar
zikra","zikra dar ul nashr,zikra trjuma quran,urdu trjuma quran,friday class zikra,zikra friday class,Surah Qaf with Urdu Translation,Surah Qaf 1 to 15,Ruku 1 Surah Qaf,Trjuma Surah Qaf 1 to 15 with Urdu Translation,Trjuma 1 to 15 Surah Qaf,Surah Qaf Urdu trjuma,Urdu trjuma Surah Qaf,Urdu Translation Surah Qaf Ayah 1 15,Surah Qaf Urdu Trjuma 1 15,Ayah 1 to 15 Surah Qaf",2025-05-28T12:00:08Z,PT6M41S,54
19Rru39lqvo,Surah Al-Hujurat with Urdu Translation - Ayah 11 To 18 Ruku No 2,"Tarjuma by :
Molana Muhammad Saleem Akhtar

FRIDAY CLASS PLAYLIST 
https://www.youtube.com/playlist?list=PLQowKeTNj5RHy5aDTVNMg2UP2Idoaz0Kj

Quran With Urdu Translation
PLAYLIST LIVE URDU TRJUMA QURAN 2023
https://www.youtube.com/playlist?list=PLQowKeTNj5RFktbc8r-Duku_qu5AzR1LG

Quran With Urdu Translation
 اردو ترجمہ قرآن

All platfoms we are live on
Zikra Social Media Links

YouTube
https://www.youtube.com/channel/UCLYuowOAkMxiPFNWEDzqldQ?view_as=subscriber

Facebook
https://www.facebook.com/Zikra-Dar-ul-nashr-ذکریٰ-دار-النشر-102479931673745/

Tags:
Zikra trjuma Quran
urdu trjuma quran by Zikra dar ul nashr
Ramzan Live Trjuma
Quran Urdu Hindi Translation
اردو ترجمہ قرآن
zikra dar ul nashr

#quranwithurdutranslation 
#friday  
#urdutarjuma

zikra friday class
trjuma by molana muhammad saleem akhtar
zikra trjuma quran
zikra darul nashr
zikra dar ul nashr
trjuma by zikra
Muhammad Saleem Akhtar
Molana Muhammad saleem akhtar
zikra","zikra dar ul nashr,zikra trjuma quran,urdu trjuma quran,friday class zikra,zikra friday class,Surah Al-Hujurat with Urdu Translation,Surah Al-Hujurat 11 to 18,Ruku 2 Surah Al-Hujurat,Trjuma Surah Al-Hujurat 11 to 18 with Urdu Translation,Trjuma 11 to 18 Surah Al-Hujurat,Surah Al-Hujurat Urdu trjuma,Urdu trjuma Surah Al-Hujurat,Urdu Translation Surah Al-Hujurat Ayah 11 18,Surah Al-Hujurat Urdu Trjuma 11 18,Ayah 11 to 18 Surah Al-Hujurat",2025-05-27T12:00:04Z,PT11M32S,36
PVPZxgzBAPA,Surah Al-Hujurat with Urdu Translation - Ayah 1 To 10 Ruku No 1,"Tarjuma by :
Molana Muhammad Saleem Akhtar

FRIDAY CLASS PLAYLIST 
https://www.youtube.com/playlist?list=PLQowKeTNj5RHy5aDTVNMg2UP2Idoaz0Kj

Quran With Urdu Translation
PLAYLIST LIVE URDU TRJUMA QURAN 2023
https://www.youtube.com/playlist?list=PLQowKeTNj5RFktbc8r-Duku_qu5AzR1LG

Quran With Urdu Translation
 اردو ترجمہ قرآن

All platfoms we are live on
Zikra Social Media Links

YouTube
https://www.youtube.com/channel/UCLYuowOAkMxiPFNWEDzqldQ?view_as=subscriber

Facebook
https://www.facebook.com/Zikra-Dar-ul-nashr-ذکریٰ-دار-النشر-102479931673745/

Tags:
Zikra trjuma Quran
urdu trjuma quran by Zikra dar ul nashr
Ramzan Live Trjuma
Quran Urdu Hindi Translation
اردو ترجمہ قرآن
zikra dar ul nashr

#quranwithurdutranslation 
#friday  
#urdutarjuma

zikra friday class
trjuma by molana muhammad saleem akhtar
zikra trjuma quran
zikra darul nashr
zikra dar ul nashr
trjuma by zikra
Muhammad Saleem Akhtar
Molana Muhammad saleem akhtar
zikra","zikra dar ul nashr,zikra trjuma quran,urdu trjuma quran,friday class zikra,zikra friday class,Surah Al-Hujurat with Urdu Translation,Surah Al-Hujurat 1 to 10,Ruku 1 Surah Al-Hujurat,Trjuma Surah Al-Hujurat 1 to 10 with Urdu Translation,Trjuma 1 to 10 Surah Al-Hujurat,Surah Al-Hujurat Urdu trjuma,Urdu trjuma Surah Al-Hujurat,Urdu Translation Surah Al-Hujurat Ayah 1 10,Surah Al-Hujurat Urdu Trjuma 1 10,Ayah 1 to 10 Surah Al-Hujurat",2025-05-26T12:00:51Z,PT13M30S,94
zks9ZTk9b-E,Surah Al-Fat-h with Urdu Translation - Ayah 27 To 29 Ruku No 4,"Tarjuma by :
Molana Muhammad Saleem Akhtar

FRIDAY CLASS PLAYLIST 
https://www.youtube.com/playlist?list=PLQowKeTNj5RHy5aDTVNMg2UP2Idoaz0Kj

Quran With Urdu Translation
PLAYLIST LIVE URDU TRJUMA QURAN 2023
https://www.youtube.com/playlist?list=PLQowKeTNj5RFktbc8r-Duku_qu5AzR1LG

Quran With Urdu Translation
 اردو ترجمہ قرآن

All platfoms we are live on
Zikra Social Media Links

YouTube
https://www.youtube.com/channel/UCLYuowOAkMxiPFNWEDzqldQ?view_as=subscriber

Facebook
https://www.facebook.com/Zikra-Dar-ul-nashr-ذکریٰ-دار-النشر-102479931673745/

Tags:
Zikra trjuma Quran
urdu trjuma quran by Zikra dar ul nashr
Ramzan Live Trjuma
Quran Urdu Hindi Translation
اردو ترجمہ قرآن
zikra dar ul nashr

#quranwithurdutranslation 
#friday  
#urdutarjuma

zikra friday class
trjuma by molana muhammad saleem akhtar
zikra trjuma quran
zikra darul nashr
zikra dar ul nashr
trjuma by zikra
Muhammad Saleem Akhtar
Molana Muhammad saleem akhtar
zikra","zikra dar ul nashr,zikra trjuma quran,urdu trjuma quran,friday class zikra,zikra friday class,Surah Al-Fat-h with Urdu Translation,Surah Al-Fat-h 27 to 29,Ruku 4 Surah Al-Fat-h,Trjuma Surah Al-Fat-h 27 to 29 with Urdu Translation,Trjuma 27 to 29 Surah Al-Fat-h,Surah Al-Fat-h Urdu trjuma,Urdu trjuma Surah Al-Fat-h,Urdu Translation Surah Al-Fat-h Ayah 27 29,Surah Al-Fat-h Urdu Trjuma 27 29,Ayah 27 to 29 Surah Al-Fat-h",2025-05-25T12:01:39Z,PT9M4S,68
1xv5SFcI60s,Surah Al-Fat-h with Urdu Translation - Ayah 11 To 17 Ruku No 2,"Tarjuma by :
Molana Muhammad Saleem Akhtar

FRIDAY CLASS PLAYLIST 
https://www.youtube.com/playlist?list=PLQowKeTNj5RHy5aDTVNMg2UP2Idoaz0Kj

Quran With Urdu Translation
PLAYLIST LIVE URDU TRJUMA QURAN 2023
https://www.youtube.com/playlist?list=PLQowKeTNj5RFktbc8r-Duku_qu5AzR1LG

Quran With Urdu Translation
 اردو ترجمہ قرآن

All platfoms we are live on
Zikra Social Media Links

YouTube
https://www.youtube.com/channel/UCLYuowOAkMxiPFNWEDzqldQ?view_as=subscriber

Facebook
https://www.facebook.com/Zikra-Dar-ul-nashr-ذکریٰ-دار-النشر-102479931673745/

Tags:
Zikra trjuma Quran
urdu trjuma quran by Zikra dar ul nashr
Ramzan Live Trjuma
Quran Urdu Hindi Translation
اردو ترجمہ قرآن
zikra dar ul nashr

#quranwithurdutranslation 
#friday  
#urdutarjuma

zikra friday class
trjuma by molana muhammad saleem akhtar
zikra trjuma quran
zikra darul nashr
zikra dar ul nashr
trjuma by zikra
Muhammad Saleem Akhtar
Molana Muhammad saleem akhtar
zikra","zikra dar ul nashr,zikra trjuma quran,urdu trjuma quran,friday class zikra,zikra friday class,Surah Al-Fat-h with Urdu Translation,Surah Al-Fat-h 11 to 17,Ruku 2 Surah Al-Fat-h,Trjuma Surah Al-Fat-h 11 to 17 with Urdu Translation,Trjuma 11 to 17 Surah Al-Fat-h,Surah Al-Fat-h Urdu trjuma,Urdu trjuma Surah Al-Fat-h,Urdu Translation Surah Al-Fat-h Ayah 11 17,Surah Al-Fat-h Urdu Trjuma 11 17,Ayah 11 to 17 Surah Al-Fat-h",2025-05-22T12:00:04Z,PT7M39S,37
qRZfl7A3jXo,Surah Muhammad with Urdu Translation - Ayah 20 To 28 Ruku No 3,"Tarjuma by :
Molana Muhammad Saleem Akhtar

FRIDAY CLASS PLAYLIST 
https://www.youtube.com/playlist?list=PLQowKeTNj5RHy5aDTVNMg2UP2Idoaz0Kj

Quran With Urdu Translation
PLAYLIST LIVE URDU TRJUMA QURAN 2023
https://www.youtube.com/playlist?list=PLQowKeTNj5RFktbc8r-Duku_qu5AzR1LG

Quran With Urdu Translation
 اردو ترجمہ قرآن

All platfoms we are live on
Zikra Social Media Links

YouTube
https://www.youtube.com/channel/UCLYuowOAkMxiPFNWEDzqldQ?view_as=subscriber

Facebook
https://www.facebook.com/Zikra-Dar-ul-nashr-ذکریٰ-دار-النشر-102479931673745/

Tags:
Zikra trjuma Quran
urdu trjuma quran by Zikra dar ul nashr
Ramzan Live Trjuma
Quran Urdu Hindi Translation
اردو ترجمہ قرآن
zikra dar ul nashr

#quranwithurdutranslation 
#friday  
#urdutarjuma

zikra friday class
trjuma by molana muhammad saleem akhtar
zikra trjuma quran
zikra darul nashr
zikra dar ul nashr
trjuma by zikra
Muhammad Saleem Akhtar
Molana Muhammad saleem akhtar
zikra","zikra dar ul nashr,zikra trjuma quran,urdu trjuma quran,friday class zikra,zikra friday class,Surah Muhammad with Urdu Translation,Surah Muhammad 20 to 28,Ruku 3 Surah Muhammad,Trjuma Surah Muhammad 20 to 28 with Urdu Translation,Trjuma 20 to 28 Surah Muhammad,Surah Muhammad Urdu trjuma,Urdu trjuma Surah Muhammad,Urdu Translation Surah Muhammad Ayah 20 28,Surah Muhammad Urdu Trjuma 20 28,Ayah 20 to 28 Surah Muhammad",2025-05-19T12:01:30Z,PT6M30S,39
aYwKzxvEI8s,Surah Al-Ahqaf with Urdu Translation - Ayah 27 To 35 Ruku No 4,"Tarjuma by :
Molana Muhammad Saleem Akhtar

FRIDAY CLASS PLAYLIST 
https://www.youtube.com/playlist?list=PLQowKeTNj5RHy5aDTVNMg2UP2Idoaz0Kj

Quran With Urdu Translation
PLAYLIST LIVE URDU TRJUMA QURAN 2023
https://www.youtube.com/playlist?list=PLQowKeTNj5RFktbc8r-Duku_qu5AzR1LG

Quran With Urdu Translation
 اردو ترجمہ قرآن

All platfoms we are live on
Zikra Social Media Links

YouTube
https://www.youtube.com/channel/UCLYuowOAkMxiPFNWEDzqldQ?view_as=subscriber

Facebook
https://www.facebook.com/Zikra-Dar-ul-nashr-ذکریٰ-دار-النشر-102479931673745/

Tags:
Zikra trjuma Quran
urdu trjuma quran by Zikra dar ul nashr
Ramzan Live Trjuma
Quran Urdu Hindi Translation
اردو ترجمہ قرآن
zikra dar ul nashr

#quranwithurdutranslation 
#friday  
#urdutarjuma

zikra friday class
trjuma by molana muhammad saleem akhtar
zikra trjuma quran
zikra darul nashr
zikra dar ul nashr
trjuma by zikra
Muhammad Saleem Akhtar
Molana Muhammad saleem akhtar
zikra","zikra dar ul nashr,zikra trjuma quran,urdu trjuma quran,friday class zikra,zikra friday class,Surah Al-Ahqaf with Urdu Translation,Surah Al-Ahqaf 27 to 35,Ruku 4 Surah Al-Ahqaf,Trjuma Surah Al-Ahqaf 27 to 35 with Urdu Translation,Trjuma 27 to 35 Surah Al-Ahqaf,Surah Al-Ahqaf Urdu trjuma,Urdu trjuma Surah Al-Ahqaf,Urdu Translation Surah Al-Ahqaf Ayah 27 35,Surah Al-Ahqaf Urdu Trjuma 27 35,Ayah 27 to 35 Surah Al-Ahqaf",2025-05-15T12:00:04Z,PT7M5S,42
E1PtoLkTox4,Surah Al-Ahqaf with Urdu Translation - Ayah 21 To 26 Ruku No 3,"Tarjuma by :
Molana Muhammad Saleem Akhtar

FRIDAY CLASS PLAYLIST 
https://www.youtube.com/playlist?list=PLQowKeTNj5RHy5aDTVNMg2UP2Idoaz0Kj

Quran With Urdu Translation
PLAYLIST LIVE URDU TRJUMA QURAN 2023
https://www.youtube.com/playlist?list=PLQowKeTNj5RFktbc8r-Duku_qu5AzR1LG

Quran With Urdu Translation
 اردو ترجمہ قرآن

All platfoms we are live on
Zikra Social Media Links

YouTube
https://www.youtube.com/channel/UCLYuowOAkMxiPFNWEDzqldQ?view_as=subscriber

Facebook
https://www.facebook.com/Zikra-Dar-ul-nashr-ذکریٰ-دار-النشر-102479931673745/

Tags:
Zikra trjuma Quran
urdu trjuma quran by Zikra dar ul nashr
Ramzan Live Trjuma
Quran Urdu Hindi Translation
اردو ترجمہ قرآن
zikra dar ul nashr

#quranwithurdutranslation 
#friday  
#urdutarjuma

zikra friday class
trjuma by molana muhammad saleem akhtar
zikra trjuma quran
zikra darul nashr
zikra dar ul nashr
trjuma by zikra
Muhammad Saleem Akhtar
Molana Muhammad saleem akhtar
zikra","zikra dar ul nashr,zikra trjuma quran,urdu trjuma quran,friday class zikra,zikra friday class,Surah Al-Ahqaf with Urdu Translation,Surah Al-Ahqaf 21 to 26,Ruku 3 Surah Al-Ahqaf,Trjuma Surah Al-Ahqaf 21 to 26 with Urdu Translation,Trjuma 21 to 26 Surah Al-Ahqaf,Surah Al-Ahqaf Urdu trjuma,Urdu trjuma Surah Al-Ahqaf,Urdu Translation Surah Al-Ahqaf Ayah 21 26,Surah Al-Ahqaf Urdu Trjuma 21 26,Ayah 21 to 26 Surah Al-Ahqaf",2025-05-14T12:00:31Z,PT7M28S,20
7klru1-hYq4,Surah Al-Ahqaf with Urdu Translation - Ayah 11 To 20 Ruku No 2,"Tarjuma by :
Molana Muhammad Saleem Akhtar

FRIDAY CLASS PLAYLIST 
https://www.youtube.com/playlist?list=PLQowKeTNj5RHy5aDTVNMg2UP2Idoaz0Kj

Quran With Urdu Translation
PLAYLIST LIVE URDU TRJUMA QURAN 2023
https://www.youtube.com/playlist?list=PLQowKeTNj5RFktbc8r-Duku_qu5AzR1LG

Quran With Urdu Translation
 اردو ترجمہ قرآن

All platfoms we are live on
Zikra Social Media Links

YouTube
https://www.youtube.com/channel/UCLYuowOAkMxiPFNWEDzqldQ?view_as=subscriber

Facebook
https://www.facebook.com/Zikra-Dar-ul-nashr-ذکریٰ-دار-النشر-102479931673745/

Tags:
Zikra trjuma Quran
urdu trjuma quran by Zikra dar ul nashr
Ramzan Live Trjuma
Quran Urdu Hindi Translation
اردو ترجمہ قرآن
zikra dar ul nashr

#quranwithurdutranslation 
#friday  
#urdutarjuma

zikra friday class
trjuma by molana muhammad saleem akhtar
zikra trjuma quran
zikra darul nashr
zikra dar ul nashr
trjuma by zikra
Muhammad Saleem Akhtar
Molana Muhammad saleem akhtar
zikra","zikra dar ul nashr,zikra trjuma quran,urdu trjuma quran,friday class zikra,zikra friday class,Surah Al-Ahqaf with Urdu Translation,Surah Al-Ahqaf 11 to 20,Ruku 2 Surah Al-Ahqaf,Trjuma Surah Al-Ahqaf 11 to 20 with Urdu Translation,Trjuma 11 to 20 Surah Al-Ahqaf,Surah Al-Ahqaf Urdu trjuma,Urdu trjuma Surah Al-Ahqaf,Urdu Translation Surah Al-Ahqaf Ayah 11 20,Surah Al-Ahqaf Urdu Trjuma 11 20,Ayah 11 to 20 Surah Al-Ahqaf",2025-05-13T12:00:11Z,PT11M51S,32
PJ1_fCpdi8M,Surah Al-Ahqaf with Urdu Translation - Ayah 1 To 10 Ruku No 1,"Tarjuma by :
Molana Muhammad Saleem Akhtar

FRIDAY CLASS PLAYLIST 
https://www.youtube.com/playlist?list=PLQowKeTNj5RHy5aDTVNMg2UP2Idoaz0Kj

Quran With Urdu Translation
PLAYLIST LIVE URDU TRJUMA QURAN 2023
https://www.youtube.com/playlist?list=PLQowKeTNj5RFktbc8r-Duku_qu5AzR1LG

Quran With Urdu Translation
 اردو ترجمہ قرآن

All platfoms we are live on
Zikra Social Media Links

YouTube
https://www.youtube.com/channel/UCLYuowOAkMxiPFNWEDzqldQ?view_as=subscriber

Facebook
https://www.facebook.com/Zikra-Dar-ul-nashr-ذکریٰ-دار-النشر-102479931673745/

Tags:
Zikra trjuma Quran
urdu trjuma quran by Zikra dar ul nashr
Ramzan Live Trjuma
Quran Urdu Hindi Translation
اردو ترجمہ قرآن
zikra dar ul nashr

#quranwithurdutranslation 
#friday  
#urdutarjuma

zikra friday class
trjuma by molana muhammad saleem akhtar
zikra trjuma quran
zikra darul nashr
zikra dar ul nashr
trjuma by zikra
Muhammad Saleem Akhtar
Molana Muhammad saleem akhtar
zikra","zikra dar ul nashr,zikra trjuma quran,urdu trjuma quran,friday class zikra,zikra friday class,Surah Al-Ahqaf with Urdu Translation,Surah Al-Ahqaf 1 to 10,Ruku 1 Surah Al-Ahqaf,Trjuma Surah Al-Ahqaf 1 to 10 with Urdu Translation,Trjuma 1 to 10 Surah Al-Ahqaf,Surah Al-Ahqaf Urdu trjuma,Urdu trjuma Surah Al-Ahqaf,Urdu Translation Surah Al-Ahqaf Ayah 1 10,Surah Al-Ahqaf Urdu Trjuma 1 10,Ayah 1 to 10 Surah Al-Ahqaf",2025-05-12T12:00:51Z,PT11M18S,11
-nU2bZatXBQ,Surah Al-Jathiya with Urdu Translation - Ayah 27 To 37 Ruku No 4,"Tarjuma by :
Molana Muhammad Saleem Akhtar

FRIDAY CLASS PLAYLIST 
https://www.youtube.com/playlist?list=PLQowKeTNj5RHy5aDTVNMg2UP2Idoaz0Kj

Quran With Urdu Translation
PLAYLIST LIVE URDU TRJUMA QURAN 2023
https://www.youtube.com/playlist?list=PLQowKeTNj5RFktbc8r-Duku_qu5AzR1LG

Quran With Urdu Translation
 اردو ترجمہ قرآن

All platfoms we are live on
Zikra Social Media Links

YouTube
https://www.youtube.com/channel/UCLYuowOAkMxiPFNWEDzqldQ?view_as=subscriber

Facebook
https://www.facebook.com/Zikra-Dar-ul-nashr-ذکریٰ-دار-النشر-102479931673745/

Tags:
Zikra trjuma Quran
urdu trjuma quran by Zikra dar ul nashr
Ramzan Live Trjuma
Quran Urdu Hindi Translation
اردو ترجمہ قرآن
zikra dar ul nashr

#quranwithurdutranslation 
#friday  
#urdutarjuma

zikra friday class
trjuma by molana muhammad saleem akhtar
zikra trjuma quran
zikra darul nashr
zikra dar ul nashr
trjuma by zikra
Muhammad Saleem Akhtar
Molana Muhammad saleem akhtar
zikra","zikra dar ul nashr,zikra trjuma quran,urdu trjuma quran,friday class zikra,zikra friday class,Surah Al-Jathiya with Urdu Translation,Surah Al-Jathiya 27 to 37,Ruku 4 Surah Al-Jathiya,Trjuma Surah Al-Jathiya 27 to 37 with Urdu Translation,Trjuma 27 to 37 Surah Al-Jathiya,Surah Al-Jathiya Urdu trjuma,Urdu trjuma Surah Al-Jathiya,Urdu Translation Surah Al-Jathiya Ayah 27 37,Surah Al-Jathiya Urdu Trjuma 27 37,Ayah 27 to 37 Surah Al-Jathiya",2025-05-11T12:00:00Z,PT5M14S,82
YwkOU6Ts96U,Live 2025 - Parah 6 Ruba 1 Urdu Trjuma Quran | Zikra Dar Ul Nashr,"Urdu Trjuma #live #zikra #quranlive #quran #livetarjuma #youtubelive
#zikradarulnashr #urdutajuma #quraninurdu
Zikra Dar Ul Nashr",,2025-05-10T03:36:22Z,PT36M34S,15
PObRfasUec8,Surah Al-Jathiya with Urdu Translation - Ayah 1 To 11 Ruku No 1,"Tarjuma by :
Molana Muhammad Saleem Akhtar

FRIDAY CLASS PLAYLIST 
https://www.youtube.com/playlist?list=PLQowKeTNj5RHy5aDTVNMg2UP2Idoaz0Kj

Quran With Urdu Translation
PLAYLIST LIVE URDU TRJUMA QURAN 2023
https://www.youtube.com/playlist?list=PLQowKeTNj5RFktbc8r-Duku_qu5AzR1LG

Quran With Urdu Translation
 اردو ترجمہ قرآن

All platfoms we are live on
Zikra Social Media Links

YouTube
https://www.youtube.com/channel/UCLYuowOAkMxiPFNWEDzqldQ?view_as=subscriber

Facebook
https://www.facebook.com/Zikra-Dar-ul-nashr-ذکریٰ-دار-النشر-102479931673745/

Tags:
Zikra trjuma Quran
urdu trjuma quran by Zikra dar ul nashr
Ramzan Live Trjuma
Quran Urdu Hindi Translation
اردو ترجمہ قرآن
zikra dar ul nashr

#quranwithurdutranslation 
#friday  
#urdutarjuma

zikra friday class
trjuma by molana muhammad saleem akhtar
zikra trjuma quran
zikra darul nashr
zikra dar ul nashr
trjuma by zikra
Muhammad Saleem Akhtar
Molana Muhammad saleem akhtar
zikra","zikra dar ul nashr,zikra trjuma quran,urdu trjuma quran,friday class zikra,zikra friday class,Surah Al-Jathiya with Urdu Translation,Surah Al-Jathiya 1 to 11,Ruku 1 Surah Al-Jathiya,Trjuma Surah Al-Jathiya 1 to 11 with Urdu Translation,Trjuma 1 to 11 Surah Al-Jathiya,Surah Al-Jathiya Urdu trjuma,Urdu trjuma Surah Al-Jathiya,Urdu Translation Surah Al-Jathiya Ayah 1 11,Surah Al-Jathiya Urdu Trjuma 1 11,Ayah 1 to 11 Surah Al-Jathiya",2025-05-07T12:00:47Z,PT6M2S,56
sp1kzwz5SIo,Surah Ad-Dukhan with Urdu Translation - Ayah 43 To 59 Ruku No 3,"Tarjuma by :
Molana Muhammad Saleem Akhtar

FRIDAY CLASS PLAYLIST 
https://www.youtube.com/playlist?list=PLQowKeTNj5RHy5aDTVNMg2UP2Idoaz0Kj

Quran With Urdu Translation
PLAYLIST LIVE URDU TRJUMA QURAN 2023
https://www.youtube.com/playlist?list=PLQowKeTNj5RFktbc8r-Duku_qu5AzR1LG

Quran With Urdu Translation
 اردو ترجمہ قرآن

All platfoms we are live on
Zikra Social Media Links

YouTube
https://www.youtube.com/channel/UCLYuowOAkMxiPFNWEDzqldQ?view_as=subscriber

Facebook
https://www.facebook.com/Zikra-Dar-ul-nashr-ذکریٰ-دار-النشر-102479931673745/

Tags:
Zikra trjuma Quran
urdu trjuma quran by Zikra dar ul nashr
Ramzan Live Trjuma
Quran Urdu Hindi Translation
اردو ترجمہ قرآن
zikra dar ul nashr

#quranwithurdutranslation 
#friday  
#urdutarjuma

zikra friday class
trjuma by molana muhammad saleem akhtar
zikra trjuma quran
zikra darul nashr
zikra dar ul nashr
trjuma by zikra
Muhammad Saleem Akhtar
Molana Muhammad saleem akhtar
zikra","zikra dar ul nashr,zikra trjuma quran,urdu trjuma quran,friday class zikra,zikra friday class,Surah Ad-Dukhan with Urdu Translation,Surah Ad-Dukhan 43 to 59,Ruku 3 Surah Ad-Dukhan,Trjuma Surah Ad-Dukhan 43 to 59 with Urdu Translation,Trjuma 43 to 59 Surah Ad-Dukhan,Surah Ad-Dukhan Urdu trjuma,Urdu trjuma Surah Ad-Dukhan,Urdu Translation Surah Ad-Dukhan Ayah 43 59,Surah Ad-Dukhan Urdu Trjuma 43 59,Ayah 43 to 59 Surah Ad-Dukhan",2025-05-06T12:01:39Z,PT4M44S,73
aWMzDR348Kw,Surah Ad-Dukhan with Urdu Translation - Ayah 1 To 29 Ruku No 1,"Tarjuma by :
Molana Muhammad Saleem Akhtar

FRIDAY CLASS PLAYLIST 
https://www.youtube.com/playlist?list=PLQowKeTNj5RHy5aDTVNMg2UP2Idoaz0Kj

Quran With Urdu Translation
PLAYLIST LIVE URDU TRJUMA QURAN 2023
https://www.youtube.com/playlist?list=PLQowKeTNj5RFktbc8r-Duku_qu5AzR1LG

Quran With Urdu Translation
 اردو ترجمہ قرآن

All platfoms we are live on
Zikra Social Media Links

YouTube
https://www.youtube.com/channel/UCLYuowOAkMxiPFNWEDzqldQ?view_as=subscriber

Facebook
https://www.facebook.com/Zikra-Dar-ul-nashr-ذکریٰ-دار-النشر-102479931673745/

Tags:
Zikra trjuma Quran
urdu trjuma quran by Zikra dar ul nashr
Ramzan Live Trjuma
Quran Urdu Hindi Translation
اردو ترجمہ قرآن
zikra dar ul nashr

#quranwithurdutranslation 
#friday  
#urdutarjuma

zikra friday class
trjuma by molana muhammad saleem akhtar
zikra trjuma quran
zikra darul nashr
zikra dar ul nashr
trjuma by zikra
Muhammad Saleem Akhtar
Molana Muhammad saleem akhtar
zikra","zikra dar ul nashr,zikra trjuma quran,urdu trjuma quran,friday class zikra,zikra friday class,Surah Ad-Dukhan with Urdu Translation,Surah Ad-Dukhan 1 to 29,Ruku 1 Surah Ad-Dukhan,Trjuma Surah Ad-Dukhan 1 to 29 with Urdu Translation,Trjuma 1 to 29 Surah Ad-Dukhan,Surah Ad-Dukhan Urdu trjuma,Urdu trjuma Surah Ad-Dukhan,Urdu Translation Surah Ad-Dukhan Ayah 1 29,Surah Ad-Dukhan Urdu Trjuma 1 29,Ayah 1 to 29 Surah Ad-Dukhan",2025-05-04T12:00:05Z,PT20M3S,70
w7b13sR_jKE,Live 2025 - Parah 5 Ruba 4 Urdu Trjuma Quran | Zikra Dar Ul Nashr,"Urdu Trjuma #live #zikra #quranlive #quran #livetarjuma #youtubelive
#zikradarulnashr #urdutajuma #quraninurdu
Zikra Dar Ul Nashr",,2025-05-03T03:41:28Z,PT1H47S,38
Q9wq_lJSWLM,Surah Az-Zukhruf with Urdu Translation - Ayah 26 To 35 Ruku No 3,"Tarjuma by :
Molana Muhammad Saleem Akhtar

FRIDAY CLASS PLAYLIST 
https://www.youtube.com/playlist?list=PLQowKeTNj5RHy5aDTVNMg2UP2Idoaz0Kj

Quran With Urdu Translation
PLAYLIST LIVE URDU TRJUMA QURAN 2023
https://www.youtube.com/playlist?list=PLQowKeTNj5RFktbc8r-Duku_qu5AzR1LG

Quran With Urdu Translation
 اردو ترجمہ قرآن

All platfoms we are live on
Zikra Social Media Links

YouTube
https://www.youtube.com/channel/UCLYuowOAkMxiPFNWEDzqldQ?view_as=subscriber

Facebook
https://www.facebook.com/Zikra-Dar-ul-nashr-ذکریٰ-دار-النشر-102479931673745/

Tags:
Zikra trjuma Quran
urdu trjuma quran by Zikra dar ul nashr
Ramzan Live Trjuma
Quran Urdu Hindi Translation
اردو ترجمہ قرآن
zikra dar ul nashr

#quranwithurdutranslation 
#friday  
#urdutarjuma

zikra friday class
trjuma by molana muhammad saleem akhtar
zikra trjuma quran
zikra darul nashr
zikra dar ul nashr
trjuma by zikra
Muhammad Saleem Akhtar
Molana Muhammad saleem akhtar
zikra","zikra dar ul nashr,zikra trjuma quran,urdu trjuma quran,friday class zikra,zikra friday class,Surah Az-Zukhruf with Urdu Translation,Surah Az-Zukhruf 26 to 35,Ruku 3 Surah Az-Zukhruf,Trjuma Surah Az-Zukhruf 26 to 35 with Urdu Translation,Trjuma 26 to 35 Surah Az-Zukhruf,Surah Az-Zukhruf Urdu trjuma,Urdu trjuma Surah Az-Zukhruf,Urdu Translation Surah Az-Zukhruf Ayah 26 35,Surah Az-Zukhruf Urdu Trjuma 26 35,Ayah 26 to 35 Surah Az-Zukhruf",2025-04-28T12:00:47Z,PT9M41S,65
lQHxY3BPJtg,Surah Az-Zukhruf with Urdu Translation - Ayah 16 To 25 Ruku No 2,"Tarjuma by :
Molana Muhammad Saleem Akhtar

FRIDAY CLASS PLAYLIST 
https://www.youtube.com/playlist?list=PLQowKeTNj5RHy5aDTVNMg2UP2Idoaz0Kj

Quran With Urdu Translation
PLAYLIST LIVE URDU TRJUMA QURAN 2023
https://www.youtube.com/playlist?list=PLQowKeTNj5RFktbc8r-Duku_qu5AzR1LG

Quran With Urdu Translation
 اردو ترجمہ قرآن

All platfoms we are live on
Zikra Social Media Links

YouTube
https://www.youtube.com/channel/UCLYuowOAkMxiPFNWEDzqldQ?view_as=subscriber

Facebook
https://www.facebook.com/Zikra-Dar-ul-nashr-ذکریٰ-دار-النشر-102479931673745/

Tags:
Zikra trjuma Quran
urdu trjuma quran by Zikra dar ul nashr
Ramzan Live Trjuma
Quran Urdu Hindi Translation
اردو ترجمہ قرآن
zikra dar ul nashr

#quranwithurdutranslation 
#friday  
#urdutarjuma

zikra friday class
trjuma by molana muhammad saleem akhtar
zikra trjuma quran
zikra darul nashr
zikra dar ul nashr
trjuma by zikra
Muhammad Saleem Akhtar
Molana Muhammad saleem akhtar
zikra","zikra dar ul nashr,zikra trjuma quran,urdu trjuma quran,friday class zikra,zikra friday class,Surah Az-Zukhruf with Urdu Translation,Surah Az-Zukhruf 16 to 25,Ruku 2 Surah Az-Zukhruf,Trjuma Surah Az-Zukhruf 16 to 25 with Urdu Translation,Trjuma 16 to 25 Surah Az-Zukhruf,Surah Az-Zukhruf Urdu trjuma,Urdu trjuma Surah Az-Zukhruf,Urdu Translation Surah Az-Zukhruf Ayah 16 25,Surah Az-Zukhruf Urdu Trjuma 16 25,Ayah 16 to 25 Surah Az-Zukhruf",2025-04-27T12:01:17Z,PT11M46S,14
9VTf-Jm0WQ8,Surah Az-Zukhruf with Urdu Translation - Ayah 1 To 5 Ruku No 1,"Tarjuma by :
Molana Muhammad Saleem Akhtar

FRIDAY CLASS PLAYLIST 
https://www.youtube.com/playlist?list=PLQowKeTNj5RHy5aDTVNMg2UP2Idoaz0Kj

Quran With Urdu Translation
PLAYLIST LIVE URDU TRJUMA QURAN 2023
https://www.youtube.com/playlist?list=PLQowKeTNj5RFktbc8r-Duku_qu5AzR1LG

Quran With Urdu Translation
 اردو ترجمہ قرآن

All platfoms we are live on
Zikra Social Media Links

YouTube
https://www.youtube.com/channel/UCLYuowOAkMxiPFNWEDzqldQ?view_as=subscriber

Facebook
https://www.facebook.com/Zikra-Dar-ul-nashr-ذکریٰ-دار-النشر-102479931673745/

Tags:
Zikra trjuma Quran
urdu trjuma quran by Zikra dar ul nashr
Ramzan Live Trjuma
Quran Urdu Hindi Translation
اردو ترجمہ قرآن
zikra dar ul nashr

#quranwithurdutranslation 
#friday  
#urdutarjuma

zikra friday class
trjuma by molana muhammad saleem akhtar
zikra trjuma quran
zikra darul nashr
zikra dar ul nashr
trjuma by zikra
Muhammad Saleem Akhtar
Molana Muhammad saleem akhtar
zikra","zikra dar ul nashr,zikra trjuma quran,urdu trjuma quran,friday class zikra,zikra friday class,Surah Az-Zukhruf with Urdu Translation,Surah Az-Zukhruf 1 to 5,Ruku 1 Surah Az-Zukhruf,Trjuma Surah Az-Zukhruf 1 to 5 with Urdu Translation,Trjuma 1 to 5 Surah Az-Zukhruf,Surah Az-Zukhruf Urdu trjuma,Urdu trjuma Surah Az-Zukhruf,Urdu Translation Surah Az-Zukhruf Ayah 1 5,Surah Az-Zukhruf Urdu Trjuma 1 5,Ayah 1 to 5 Surah Az-Zukhruf",2025-04-26T12:00:29Z,PT6M55S,9
02y_NObY5NA,Live 2025 - Parah 5 Ruba 2 Urdu Trjuma Quran | Zikra Dar Ul Nashr,"Urdu Trjuma #live #zikra #quranlive #quran #livetarjuma #youtubelive
#zikradarulnashr #urdutajuma #quraninurdu
Zikra Dar Ul Nashr",,2025-04-19T03:33:21Z,PT1H4M52S,57
NEydaILw2zI,Live 2024 - Parah 5 Ruba 1 Ruku 3 Urdu Trjuma Quran | Zikra Dar Ul Nashr,"Urdu Trjuma #live #zikra #quranlive #quran #livetarjuma #youtubelive
#zikradarulnashr #urdutajuma #quraninurdu
Zikra Dar Ul Nashr",,2025-04-11T15:33:59Z,PT17M25S,27
f5ygbj-jrao,Live 2025. - Parah 4 Ruba 4 Urdu Trjuma Quran | Zikra Dar Ul Nashr,"Urdu Trjuma #live #zikra #quranlive #quran #livetarjuma #youtubelive
#zikradarulnashr #urdutajuma #quraninurdu
Zikra Dar Ul Nashr",,2025-03-27T01:22:03Z,PT1H2M44S,51
N0wo33x8wFg,Live 2025 - Parah 4 Ruba 2 Urdu Trjuma Quran | Zikra Dar Ul Nashr,"Urdu Trjuma #live #zikra #quranlive #quran #livetarjuma #youtubelive
#zikradarulnashr #urdutajuma #quraninurdu
Zikra Dar Ul Nashr",,2025-03-25T01:09:56Z,PT54M17S,24
mW7EiM9fYQM,Live 2025 - Parah 3 Ruba 4 Urdu Trjuma Quran | Zikra Dar Ul Nashr,"Urdu Trjuma #live #zikra #quranlive #quran #livetarjuma #youtubelive
#zikradarulnashr #urdutajuma #quraninurdu
Zikra Dar Ul Nashr",,2025-03-23T00:55:04Z,PT32M1S,30
_bRLmNkX2GQ,Live 2025 - Parah 3 Ruba 3 Urdu Trjuma Quran | Zikra Dar Ul Nashr,"Urdu Trjuma #live #zikra #quranlive #quran #livetarjuma #youtubelive
#zikradarulnashr #urdutajuma #quraninurdu
Zikra Dar Ul Nashr",,2025-03-22T00:59:39Z,PT39M20S,26
b5GDg2835p8,Live 2025 - Parah 3 Ruba 1 Urdu Trjuma Quran | Zikra Dar Ul Nashr,"Urdu Trjuma #live #zikra #quranlive #quran #livetarjuma #youtubelive
#zikradarulnashr #urdutajuma #quraninurdu
Zikra Dar Ul Nashr",,2025-03-20T01:07:26Z,PT50M1S,26
sj0v1EKL380,Live 2025 - Parah 2 Ruba 2 Urdu Trjuma Quran | Zikra Dar Ul Nashr,"Urdu Trjuma #live #zikra #quranlive #quran #livetarjuma #youtubelive
#zikradarulnashr #urdutajuma #quraninurdu
Zikra Dar Ul Nashr",,2025-03-17T01:05:04Z,PT52M37S,50
ETe25i3L_70,Live 2025 - Parah 1 Ruba 3 Urdu Trjuma Quran | Zikra Dar Ul Nashr,"Urdu Trjuma #live #zikra #quranlive #quran #livetarjuma #youtubelive
#zikradarulnashr #urdutajuma #quraninurdu
Zikra Dar Ul Nashr",,2025-03-14T00:58:36Z,PT43M57S,23
o5rV9ZEbli8,Live 2024 - Parah 1 Ruba 2 Urdu Trjuma Quran | Zikra Dar Ul Nashr,"Urdu Trjuma #live #zikra #quranlive #quran #livetarjuma #youtubelive
#zikradarulnashr #urdutajuma #quraninurdu
Zikra Dar Ul Nashr",,2025-03-13T00:42:46Z,PT41M20S,26
xibp3EasRV4,Live 2021 - Parah 1 Ruba 1 Urdu Trjuma Quran | Zikra Dar Ul Nashr,"Urdu Trjuma #live #zikra #quranlive #quran #livetarjuma #youtubelive
#zikradarulnashr #urdutajuma #quraninurdu
Zikra Dar Ul Nashr",,2025-03-12T01:08:14Z,PT1H2M1S,40
-3c0B88dtnE,Live 2024 - Parah 30 Ruba 2 Urdu Trjuma Quran | Zikra Dar Ul Nashr,"Urdu Trjuma #live #zikra #quranlive #quran #livetarjuma #youtubelive
#zikradarulnashr #urdutajuma #quraninurdu
Zikra Dar Ul Nashr",,2025-03-09T00:48:55Z,PT48M39S,35
JphlU0jZDAE,Live 2025 - Parah 30 Ruba 1 Urdu Trjuma Quran | Zikra Dar Ul Nashr,"Urdu Trjuma #live #zikra #quranlive #quran #livetarjuma #youtubelive
#zikradarulnashr #urdutajuma #quraninurdu
Zikra Dar Ul Nashr",,2025-03-07T12:50:51Z,PT8M36S,8
vDDJ-0qZcoo,Live 2025 - Parah 29 Ruba 4 Urdu Trjuma Quran | Zikra Dar Ul Nashr,"Urdu Trjuma #live #zikra #quranlive #quran #livetarjuma #youtubelive
#zikradarulnashr #urdutajuma #quraninurdu
Zikra Dar Ul Nashr",,2025-03-07T00:48:51Z,PT41M25S,29
dCL-2Kz3DSg,Live 2025 - Parah 29 Ruba 3 Urdu Trjuma Quran | Zikra Dar Ul Nashr,"Urdu Trjuma #live #zikra #quranlive #quran #livetarjuma #youtubelive
#zikradarulnashr #urdutajuma #quraninurdu
Zikra Dar Ul Nashr",,2025-03-06T00:50:45Z,PT43M39S,24
FEN36MS8Vuk,Ramadan Live 2025 - Parah 28 Ruba 4 Urdu Trjuma Quran | Zikra Dar Ul Nashr,"Urdu Trjuma #live #zikra #quranlive #quran #live #youtubelive
#zikradarulnashr #urdutajuma #quraninurdu#Ramadan
Zikra Dar Ul Nashr",,2025-03-03T02:40:07Z,PT45M10S,80
rDczIZ-6MIo,Surah Ash-Shura with Urdu Translation - Ayah 44 To 53 Ruku No 5,"Tarjuma by :
Molana Muhammad Saleem Akhtar

FRIDAY CLASS PLAYLIST 
https://www.youtube.com/playlist?list=PLQowKeTNj5RHy5aDTVNMg2UP2Idoaz0Kj

Quran With Urdu Translation
PLAYLIST LIVE URDU TRJUMA QURAN 2023
https://www.youtube.com/playlist?list=PLQowKeTNj5RFktbc8r-Duku_qu5AzR1LG

Quran With Urdu Translation
 اردو ترجمہ قرآن

All platfoms we are live on
Zikra Social Media Links

YouTube
https://www.youtube.com/channel/UCLYuowOAkMxiPFNWEDzqldQ?view_as=subscriber

Facebook
https://www.facebook.com/Zikra-Dar-ul-nashr-ذکریٰ-دار-النشر-102479931673745/

Tags:
Zikra trjuma Quran
urdu trjuma quran by Zikra dar ul nashr
Ramzan Live Trjuma
Quran Urdu Hindi Translation
اردو ترجمہ قرآن
zikra dar ul nashr

#quranwithurdutranslation 
#friday  
#urdutarjuma

zikra friday class
trjuma by molana muhammad saleem akhtar
zikra trjuma quran
zikra darul nashr
zikra dar ul nashr
trjuma by zikra
Muhammad Saleem Akhtar
Molana Muhammad saleem akhtar
zikra","zikra dar ul nashr,zikra trjuma quran,urdu trjuma quran,friday class zikra,zikra friday class,Surah Ash-Shura with Urdu Translation,Surah Ash-Shura 44 to 53,Ruku 5 Surah Ash-Shura,Trjuma Surah Ash-Shura 44 to 53 with Urdu Translation,Trjuma 44 to 53 Surah Ash-Shura,Surah Ash-Shura Urdu trjuma,Urdu trjuma Surah Ash-Shura,Urdu Translation Surah Ash-Shura Ayah 44 53,Surah Ash-Shura Urdu Trjuma 44 53,Ayah 44 to 53 Surah Ash-Shura",2025-03-01T09:00:58Z,PT11M40S,34
xo2pJOr2pTI,Live 2025 - Parah 28 Ruba 4 Urdu Trjuma Quran | Zikra Dar Ul Nashr,"Urdu Trjuma #live #zikra #quranlive #quran #livetarjuma #youtubelive
#zikradarulnashr #urdutajuma #quraninurdu
Zikra Dar Ul Nashr",,2025-02-28T14:49:34Z,PT17M41S,20
whPxTx4-cSI,Surah Ash-Shura with Urdu Translation - Ayah 30 To 43 Ruku No 4,"Tarjuma by :
Molana Muhammad Saleem Akhtar

FRIDAY CLASS PLAYLIST 
https://www.youtube.com/playlist?list=PLQowKeTNj5RHy5aDTVNMg2UP2Idoaz0Kj

Quran With Urdu Translation
PLAYLIST LIVE URDU TRJUMA QURAN 2023
https://www.youtube.com/playlist?list=PLQowKeTNj5RFktbc8r-Duku_qu5AzR1LG

Quran With Urdu Translation
 اردو ترجمہ قرآن

All platfoms we are live on
Zikra Social Media Links

YouTube
https://www.youtube.com/channel/UCLYuowOAkMxiPFNWEDzqldQ?view_as=subscriber

Facebook
https://www.facebook.com/Zikra-Dar-ul-nashr-ذکریٰ-دار-النشر-102479931673745/

Tags:
Zikra trjuma Quran
urdu trjuma quran by Zikra dar ul nashr
Ramzan Live Trjuma
Quran Urdu Hindi Translation
اردو ترجمہ قرآن
zikra dar ul nashr

#quranwithurdutranslation 
#friday  
#urdutarjuma

zikra friday class
trjuma by molana muhammad saleem akhtar
zikra trjuma quran
zikra darul nashr
zikra dar ul nashr
trjuma by zikra
Muhammad Saleem Akhtar
Molana Muhammad saleem akhtar
zikra","zikra dar ul nashr,zikra trjuma quran,urdu trjuma quran,friday class zikra,zikra friday class,Surah Ash-Shura with Urdu Translation,Surah Ash-Shura 30 to 43,Ruku 4 Surah Ash-Shura,Trjuma Surah Ash-Shura 30 to 43 with Urdu Translation,Trjuma 30 to 43 Surah Ash-Shura,Surah Ash-Shura Urdu trjuma,Urdu trjuma Surah Ash-Shura,Urdu Translation Surah Ash-Shura Ayah 30 43,Surah Ash-Shura Urdu Trjuma 30 43,Ayah 30 to 43 Surah Ash-Shura",2025-02-28T12:01:34Z,PT14M27S,24
jjLl8_QYfRk,Surah Ash-Shura with Urdu Translation - Ayah 20 To 29 Ruku No 3,"Tarjuma by :
Molana Muhammad Saleem Akhtar

FRIDAY CLASS PLAYLIST 
https://www.youtube.com/playlist?list=PLQowKeTNj5RHy5aDTVNMg2UP2Idoaz0Kj

Quran With Urdu Translation
PLAYLIST LIVE URDU TRJUMA QURAN 2023
https://www.youtube.com/playlist?list=PLQowKeTNj5RFktbc8r-Duku_qu5AzR1LG

Quran With Urdu Translation
 اردو ترجمہ قرآن

All platfoms we are live on
Zikra Social Media Links

YouTube
https://www.youtube.com/channel/UCLYuowOAkMxiPFNWEDzqldQ?view_as=subscriber

Facebook
https://www.facebook.com/Zikra-Dar-ul-nashr-ذکریٰ-دار-النشر-102479931673745/

Tags:
Zikra trjuma Quran
urdu trjuma quran by Zikra dar ul nashr
Ramzan Live Trjuma
Quran Urdu Hindi Translation
اردو ترجمہ قرآن
zikra dar ul nashr

#quranwithurdutranslation 
#friday  
#urdutarjuma

zikra friday class
trjuma by molana muhammad saleem akhtar
zikra trjuma quran
zikra darul nashr
zikra dar ul nashr
trjuma by zikra
Muhammad Saleem Akhtar
Molana Muhammad saleem akhtar
zikra","zikra dar ul nashr,zikra trjuma quran,urdu trjuma quran,friday class zikra,zikra friday class,Surah Ash-Shura with Urdu Translation,Surah Ash-Shura 20 to 29,Ruku 3 Surah Ash-Shura,Trjuma Surah Ash-Shura 20 to 29 with Urdu Translation,Trjuma 20 to 29 Surah Ash-Shura,Surah Ash-Shura Urdu trjuma,Urdu trjuma Surah Ash-Shura,Urdu Translation Surah Ash-Shura Ayah 20 29,Surah Ash-Shura Urdu Trjuma 20 29,Ayah 20 to 29 Surah Ash-Shura",2025-02-27T12:01:07Z,PT10M5S,14
pf-xyyNEEMk,Surah Ash-Shura with Urdu Translation - Ayah 1 To 9 Ruku No 1,"Tarjuma by :
Molana Muhammad Saleem Akhtar

FRIDAY CLASS PLAYLIST 
https://www.youtube.com/playlist?list=PLQowKeTNj5RHy5aDTVNMg2UP2Idoaz0Kj

Quran With Urdu Translation
PLAYLIST LIVE URDU TRJUMA QURAN 2023
https://www.youtube.com/playlist?list=PLQowKeTNj5RFktbc8r-Duku_qu5AzR1LG

Quran With Urdu Translation
 اردو ترجمہ قرآن

All platfoms we are live on
Zikra Social Media Links

YouTube
https://www.youtube.com/channel/UCLYuowOAkMxiPFNWEDzqldQ?view_as=subscriber

Facebook
https://www.facebook.com/Zikra-Dar-ul-nashr-ذکریٰ-دار-النشر-102479931673745/

Tags:
Zikra trjuma Quran
urdu trjuma quran by Zikra dar ul nashr
Ramzan Live Trjuma
Quran Urdu Hindi Translation
اردو ترجمہ قرآن
zikra dar ul nashr

#quranwithurdutranslation 
#friday  
#urdutarjuma

zikra friday class
trjuma by molana muhammad saleem akhtar
zikra trjuma quran
zikra darul nashr
zikra dar ul nashr
trjuma by zikra
Muhammad Saleem Akhtar
Molana Muhammad saleem akhtar
zikra","zikra dar ul nashr,zikra trjuma quran,urdu trjuma quran,friday class zikra,zikra friday class,Surah Ash-Shura with Urdu Translation,Surah Ash-Shura 1 to 9,Ruku 1 Surah Ash-Shura,Trjuma Surah Ash-Shura 1 to 9 with Urdu Translation,Trjuma 1 to 9 Surah Ash-Shura,Surah Ash-Shura Urdu trjuma,Urdu trjuma Surah Ash-Shura,Urdu Translation Surah Ash-Shura Ayah 1 9,Surah Ash-Shura Urdu Trjuma 1 9,Ayah 1 to 9 Surah Ash-Shura",2025-02-25T14:00:58Z,PT6M15S,14
a96cH2ijk_0,Surah Ha-mim with Urdu Translation - Ayah 33 To 44 Ruku No 5,"Tarjuma by :
Molana Muhammad Saleem Akhtar

FRIDAY CLASS PLAYLIST 
https://www.youtube.com/playlist?list=PLQowKeTNj5RHy5aDTVNMg2UP2Idoaz0Kj

Quran With Urdu Translation
PLAYLIST LIVE URDU TRJUMA QURAN 2023
https://www.youtube.com/playlist?list=PLQowKeTNj5RFktbc8r-Duku_qu5AzR1LG

Quran With Urdu Translation
 اردو ترجمہ قرآن

All platfoms we are live on
Zikra Social Media Links

YouTube
https://www.youtube.com/channel/UCLYuowOAkMxiPFNWEDzqldQ?view_as=subscriber

Facebook
https://www.facebook.com/Zikra-Dar-ul-nashr-ذکریٰ-دار-النشر-102479931673745/

Tags:
Zikra trjuma Quran
urdu trjuma quran by Zikra dar ul nashr
Ramzan Live Trjuma
Quran Urdu Hindi Translation
اردو ترجمہ قرآن
zikra dar ul nashr

#quranwithurdutranslation 
#friday  
#urdutarjuma

zikra friday class
trjuma by molana muhammad saleem akhtar
zikra trjuma quran
zikra darul nashr
zikra dar ul nashr
trjuma by zikra
Muhammad Saleem Akhtar
Molana Muhammad saleem akhtar
zikra","zikra dar ul nashr,zikra trjuma quran,urdu trjuma quran,friday class zikra,zikra friday class,Surah Ha-mim with Urdu Translation,Surah Ha-mim 33 to 44,Ruku 5 Surah Ha-mim,Trjuma Surah Ha-mim 33 to 44 with Urdu Translation,Trjuma 33 to 44 Surah Ha-mim,Surah Ha-mim Urdu trjuma,Urdu trjuma Surah Ha-mim,Urdu Translation Surah Ha-mim Ayah 33 44,Surah Ha-mim Urdu Trjuma 33 44,Ayah 33 to 44 Surah Ha-mim",2025-02-23T12:00:00Z,PT17M47S,5
CWlZuWb8Pfg,Surah Ha Mim as-Sajdah / Fussilat with Urdu Translation - Ayah 26 To 32 Ruku No 4,"Tarjuma by :
Molana Muhammad Saleem Akhtar

FRIDAY CLASS PLAYLIST 
https://www.youtube.com/playlist?list=PLQowKeTNj5RHy5aDTVNMg2UP2Idoaz0Kj

Quran With Urdu Translation
PLAYLIST LIVE URDU TRJUMA QURAN 2023
https://www.youtube.com/playlist?list=PLQowKeTNj5RFktbc8r-Duku_qu5AzR1LG

Quran With Urdu Translation
 اردو ترجمہ قرآن

All platfoms we are live on
Zikra Social Media Links

YouTube
https://www.youtube.com/channel/UCLYuowOAkMxiPFNWEDzqldQ?view_as=subscriber

Facebook
https://www.facebook.com/Zikra-Dar-ul-nashr-ذکریٰ-دار-النشر-102479931673745/

Tags:
Zikra trjuma Quran
urdu trjuma quran by Zikra dar ul nashr
Ramzan Live Trjuma
Quran Urdu Hindi Translation
اردو ترجمہ قرآن
zikra dar ul nashr

#quranwithurdutranslation 
#friday  
#urdutarjuma

zikra friday class
trjuma by molana muhammad saleem akhtar
zikra trjuma quran
zikra darul nashr
zikra dar ul nashr
trjuma by zikra
Muhammad Saleem Akhtar
Molana Muhammad saleem akhtar
zikra","zikra dar ul nashr,zikra trjuma quran,urdu trjuma quran,friday class zikra,zikra friday class,Surah Ha-mim with Urdu Translation,Surah Ha-mim 26 to 32,Ruku 4 Surah Ha-mim,Trjuma Surah Ha-mim 26 to 32 with Urdu Translation,Trjuma 26 to 32 Surah Ha-mim,Surah Ha-mim Urdu trjuma,Urdu trjuma Surah Ha-mim,Urdu Translation Surah Ha-mim Ayah 26 32,Surah Ha-mim Urdu Trjuma 26 32,Ayah 26 to 32 Surah Ha-mim",2025-02-22T12:00:15Z,PT5M47S,5
xRrelGc9an4,Live 2025 - Parah 28 Ruba 3 Urdu Trjuma Quran | Zikra Dar Ul Nashr,"Urdu Trjuma #live #zikra #quranlive #quran #livetarjuma #youtubelive
#zikradarulnashr #urdutajuma #quraninurdu
Zikra Dar Ul Nashr",,2025-02-22T02:30:31Z,PT30M2S,32
UT8wZiQa3MU,Surah Al-Mu'min with Urdu Translation - Ayah 79 To 85 Ruku No 9,"Tarjuma by :
Molana Muhammad Saleem Akhtar

FRIDAY CLASS PLAYLIST 
https://www.youtube.com/playlist?list=PLQowKeTNj5RHy5aDTVNMg2UP2Idoaz0Kj

Quran With Urdu Translation
PLAYLIST LIVE URDU TRJUMA QURAN 2023
https://www.youtube.com/playlist?list=PLQowKeTNj5RFktbc8r-Duku_qu5AzR1LG

Quran With Urdu Translation
 اردو ترجمہ قرآن

All platfoms we are live on
Zikra Social Media Links

YouTube
https://www.youtube.com/channel/UCLYuowOAkMxiPFNWEDzqldQ?view_as=subscriber

Facebook
https://www.facebook.com/Zikra-Dar-ul-nashr-ذکریٰ-دار-النشر-102479931673745/

Tags:
Zikra trjuma Quran
urdu trjuma quran by Zikra dar ul nashr
Ramzan Live Trjuma
Quran Urdu Hindi Translation
اردو ترجمہ قرآن
zikra dar ul nashr

#quranwithurdutranslation 
#friday  
#urdutarjuma

zikra friday class
trjuma by molana muhammad saleem akhtar
zikra trjuma quran
zikra darul nashr
zikra dar ul nashr
trjuma by zikra
Muhammad Saleem Akhtar
Molana Muhammad saleem akhtar
zikra","zikra dar ul nashr,zikra trjuma quran,urdu trjuma quran,friday class zikra,zikra friday class,Surah Al-Mu'min with Urdu Translation,Surah Al-Mu'min 79 to 85,Ruku 9 Surah Al-Mu'min,Trjuma Surah Al-Mu'min 79 to 85 with Urdu Translation,Trjuma 79 to 85 Surah Al-Mu'min,Surah Al-Mu'min Urdu trjuma,Urdu trjuma Surah Al-Mu'min,Urdu Translation Surah Al-Mu'min Ayah 79 85,Surah Al-Mu'min Urdu Trjuma 79 85,Ayah 79 to 85 Surah Al-Mu'min",2025-02-17T12:00:50Z,PT8M19S,17
4uKW0Pc3ZR0,Surah Al-Mu'min with Urdu Translation - Ayah 61 To 68 Ruku No 7,"Tarjuma by :
Molana Muhammad Saleem Akhtar

FRIDAY CLASS PLAYLIST 
https://www.youtube.com/playlist?list=PLQowKeTNj5RHy5aDTVNMg2UP2Idoaz0Kj

Quran With Urdu Translation
PLAYLIST LIVE URDU TRJUMA QURAN 2023
https://www.youtube.com/playlist?list=PLQowKeTNj5RFktbc8r-Duku_qu5AzR1LG

Quran With Urdu Translation
 اردو ترجمہ قرآن

All platfoms we are live on
Zikra Social Media Links

YouTube
https://www.youtube.com/channel/UCLYuowOAkMxiPFNWEDzqldQ?view_as=subscriber

Facebook
https://www.facebook.com/Zikra-Dar-ul-nashr-ذکریٰ-دار-النشر-102479931673745/

Tags:
Zikra trjuma Quran
urdu trjuma quran by Zikra dar ul nashr
Ramzan Live Trjuma
Quran Urdu Hindi Translation
اردو ترجمہ قرآن
zikra dar ul nashr

#quranwithurdutranslation 
#friday  
#urdutarjuma

zikra friday class
trjuma by molana muhammad saleem akhtar
zikra trjuma quran
zikra darul nashr
zikra dar ul nashr
trjuma by zikra
Muhammad Saleem Akhtar
Molana Muhammad saleem akhtar
zikra",,2025-02-15T12:00:05Z,PT5M39S,4
BOY-UzYc2bM,Live 2025 - Parah 28 Ruba 3 Urdu Trjuma Quran | Zikra Dar Ul Nashr,"Urdu Trjuma #live #zikra #quranlive #quran #livetarjuma #youtubelive
#zikradarulnashr #urdutajuma #quraninurdu
Zikra Dar Ul Nashr",,2025-02-15T02:27:54Z,PT42M25S,17
lBip2MB3eNw,Surah Al-Mu'min with Urdu Translation - Ayah 51 To 60  Ruku No 6,"Tarjuma by :
Molana Muhammad Saleem Akhtar

FRIDAY CLASS PLAYLIST 
https://www.youtube.com/playlist?list=PLQowKeTNj5RHy5aDTVNMg2UP2Idoaz0Kj

Quran With Urdu Translation
PLAYLIST LIVE URDU TRJUMA QURAN 2023
https://www.youtube.com/playlist?list=PLQowKeTNj5RFktbc8r-Duku_qu5AzR1LG

Quran With Urdu Translation
 اردو ترجمہ قرآن

All platfoms we are live on
Zikra Social Media Links

YouTube
https://www.youtube.com/channel/UCLYuowOAkMxiPFNWEDzqldQ?view_as=subscriber

Facebook
https://www.facebook.com/Zikra-Dar-ul-nashr-ذکریٰ-دار-النشر-102479931673745/

Tags:
Zikra trjuma Quran
urdu trjuma quran by Zikra dar ul nashr
Ramzan Live Trjuma
Quran Urdu Hindi Translation
اردو ترجمہ قرآن
zikra dar ul nashr

#quranwithurdutranslation 
#friday  
#urdutarjuma

zikra friday class
trjuma by molana muhammad saleem akhtar
zikra trjuma quran
zikra darul nashr
zikra dar ul nashr
trjuma by zikra
Muhammad Saleem Akhtar
Molana Muhammad saleem akhtar
zikra",,2025-02-13T12:01:13Z,PT10M14S,15
OEXMrwUWGRY,Surah Al-Mu'min with Urdu Translation - Ayah 38 To 50 Ruku No 5,"Tarjuma by :
Molana Muhammad Saleem Akhtar

FRIDAY CLASS PLAYLIST 
https://www.youtube.com/playlist?list=PLQowKeTNj5RHy5aDTVNMg2UP2Idoaz0Kj

Quran With Urdu Translation
PLAYLIST LIVE URDU TRJUMA QURAN 2023
https://www.youtube.com/playlist?list=PLQowKeTNj5RFktbc8r-Duku_qu5AzR1LG

Quran With Urdu Translation
 اردو ترجمہ قرآن

All platfoms we are live on
Zikra Social Media Links

YouTube
https://www.youtube.com/channel/UCLYuowOAkMxiPFNWEDzqldQ?view_as=subscriber

Facebook
https://www.facebook.com/Zikra-Dar-ul-nashr-ذکریٰ-دار-النشر-102479931673745/

Tags:
Zikra trjuma Quran
urdu trjuma quran by Zikra dar ul nashr
Ramzan Live Trjuma
Quran Urdu Hindi Translation
اردو ترجمہ قرآن
zikra dar ul nashr

#quranwithurdutranslation 
#friday  
#urdutarjuma

zikra friday class
trjuma by molana muhammad saleem akhtar
zikra trjuma quran
zikra darul nashr
zikra dar ul nashr
trjuma by zikra
Muhammad Saleem Akhtar
Molana Muhammad saleem akhtar
zikra",,2025-02-12T12:00:40Z,PT16M11S,20
kJkHrkWqyaQ,Surah Al-Mu'min with Urdu Translation - Ayah 21 To 27 Ruku No 3,"Tarjuma by :
Molana Muhammad Saleem Akhtar

FRIDAY CLASS PLAYLIST 
https://www.youtube.com/playlist?list=PLQowKeTNj5RHy5aDTVNMg2UP2Idoaz0Kj

Quran With Urdu Translation
PLAYLIST LIVE URDU TRJUMA QURAN 2023
https://www.youtube.com/playlist?list=PLQowKeTNj5RFktbc8r-Duku_qu5AzR1LG

Quran With Urdu Translation
 اردو ترجمہ قرآن

All platfoms we are live on
Zikra Social Media Links

YouTube
https://www.youtube.com/channel/UCLYuowOAkMxiPFNWEDzqldQ?view_as=subscriber

Facebook
https://www.facebook.com/Zikra-Dar-ul-nashr-ذکریٰ-دار-النشر-102479931673745/

Tags:
Zikra trjuma Quran
urdu trjuma quran by Zikra dar ul nashr
Ramzan Live Trjuma
Quran Urdu Hindi Translation
اردو ترجمہ قرآن
zikra dar ul nashr

#quranwithurdutranslation 
#friday  
#urdutarjuma

zikra friday class
trjuma by molana muhammad saleem akhtar
zikra trjuma quran
zikra darul nashr
zikra dar ul nashr
trjuma by zikra
Muhammad Saleem Akhtar
Molana Muhammad saleem akhtar
zikra",,2025-02-09T12:01:02Z,PT8M33S,31
lA8sJRKoksE,Live 2025 - Parah 28 Ruba 1 Urdu Trjuma Quran | Zikra Dar Ul Nashr,"Urdu Trjuma #live #zikra #quranlive #quran #livetarjuma #youtubelive
#zikradarulnashr #urdutajuma #quraninurdu
Zikra Dar Ul Nashr",,2025-02-01T02:08:34Z,PT33M2S,21
SwHgv6t7asI,Surah Al-Mu'min with Urdu Translation - Ayah 10 To 20 Ruku No 2,"Tarjuma by :
Molana Muhammad Saleem Akhtar

FRIDAY CLASS PLAYLIST 
https://www.youtube.com/playlist?list=PLQowKeTNj5RHy5aDTVNMg2UP2Idoaz0Kj

Quran With Urdu Translation
PLAYLIST LIVE URDU TRJUMA QURAN 2023
https://www.youtube.com/playlist?list=PLQowKeTNj5RFktbc8r-Duku_qu5AzR1LG

Quran With Urdu Translation
 اردو ترجمہ قرآن

All platfoms we are live on
Zikra Social Media Links

YouTube
https://www.youtube.com/channel/UCLYuowOAkMxiPFNWEDzqldQ?view_as=subscriber

Facebook
https://www.facebook.com/Zikra-Dar-ul-nashr-ذکریٰ-دار-النشر-102479931673745/

Tags:
Zikra trjuma Quran
urdu trjuma quran by Zikra dar ul nashr
Ramzan Live Trjuma
Quran Urdu Hindi Translation
اردو ترجمہ قرآن
zikra dar ul nashr

#quranwithurdutranslation 
#friday  
#urdutarjuma

zikra friday class
trjuma by molana muhammad saleem akhtar
zikra trjuma quran
zikra darul nashr
zikra dar ul nashr
trjuma by zikra
Muhammad Saleem Akhtar
Molana Muhammad saleem akhtar
zikra","zikra dar ul nashr,zikra trjuma quran,urdu trjuma quran,friday class zikra,zikra friday class,Surah Al-Mu'min with Urdu Translation,Surah Al-Mu'min 10 to 20,Ruku 2 Surah Al-Mu'min,Trjuma Surah Al-Mu'min 10 to 20 with Urdu Translation,Trjuma 10 to 20 Surah Al-Mu'min,Surah Al-Mu'min Urdu trjuma,Urdu trjuma Surah Al-Mu'min,Urdu Translation Surah Al-Mu'min Ayah 10 20,Surah Al-Mu'min Urdu Trjuma 10 20,Ayah 10 to 20 Surah Al-Mu'min",2025-01-30T14:00:37Z,PT10M9S,26
5ebi6PzfMws,Surah Az-Zumar with Urdu Translation - Ayah 64 To 70 Ruku No 7,"Tarjuma by :
Molana Muhammad Saleem Akhtar

FRIDAY CLASS PLAYLIST 
https://www.youtube.com/playlist?list=PLQowKeTNj5RHy5aDTVNMg2UP2Idoaz0Kj

Quran With Urdu Translation
PLAYLIST LIVE URDU TRJUMA QURAN 2023
https://www.youtube.com/playlist?list=PLQowKeTNj5RFktbc8r-Duku_qu5AzR1LG

Quran With Urdu Translation
 اردو ترجمہ قرآن

All platfoms we are live on
Zikra Social Media Links

YouTube
https://www.youtube.com/channel/UCLYuowOAkMxiPFNWEDzqldQ?view_as=subscriber

Facebook
https://www.facebook.com/Zikra-Dar-ul-nashr-ذکریٰ-دار-النشر-102479931673745/

Tags:
Zikra trjuma Quran
urdu trjuma quran by Zikra dar ul nashr
Ramzan Live Trjuma
Quran Urdu Hindi Translation
اردو ترجمہ قرآن
zikra dar ul nashr

#quranwithurdutranslation 
#friday  
#urdutarjuma

zikra friday class
trjuma by molana muhammad saleem akhtar
zikra trjuma quran
zikra darul nashr
zikra dar ul nashr
trjuma by zikra
Muhammad Saleem Akhtar
Molana Muhammad saleem akhtar
zikra","zikra dar ul nashr,zikra trjuma quran,urdu trjuma quran,friday class zikra,zikra friday class,Surah Az-Zumar with Urdu Translation,Surah Az-Zumar 64 to 70,Ruku 7 Surah Az-Zumar,Trjuma Surah Az-Zumar 64 to 70 with Urdu Translation,Trjuma 64 to 70 Surah Az-Zumar,Surah Az-Zumar Urdu trjuma,Urdu trjuma Surah Az-Zumar,Urdu Translation Surah Az-Zumar Ayah 64 70,Surah Az-Zumar Urdu Trjuma 64 70,Ayah 64 to 70 Surah Az-Zumar",2025-01-27T14:00:07Z,PT5M58S,58
z_XhEop5yUI,Surah Az-Zumar with Urdu Translation - Ayah 42 To 52 Ruku No 5,"Tarjuma by :
Molana Muhammad Saleem Akhtar

FRIDAY CLASS PLAYLIST 
https://www.youtube.com/playlist?list=PLQowKeTNj5RHy5aDTVNMg2UP2Idoaz0Kj

Quran With Urdu Translation
PLAYLIST LIVE URDU TRJUMA QURAN 2023
https://www.youtube.com/playlist?list=PLQowKeTNj5RFktbc8r-Duku_qu5AzR1LG

Quran With Urdu Translation
 اردو ترجمہ قرآن

All platfoms we are live on
Zikra Social Media Links

YouTube
https://www.youtube.com/channel/UCLYuowOAkMxiPFNWEDzqldQ?view_as=subscriber

Facebook
https://www.facebook.com/Zikra-Dar-ul-nashr-ذکریٰ-دار-النشر-102479931673745/

Tags:
Zikra trjuma Quran
urdu trjuma quran by Zikra dar ul nashr
Ramzan Live Trjuma
Quran Urdu Hindi Translation
اردو ترجمہ قرآن
zikra dar ul nashr

#quranwithurdutranslation 
#friday  
#urdutarjuma

zikra friday class
trjuma by molana muhammad saleem akhtar
zikra trjuma quran
zikra darul nashr
zikra dar ul nashr
trjuma by zikra
Muhammad Saleem Akhtar
Molana Muhammad saleem akhtar
zikra","zikra dar ul nashr,zikra trjuma quran,urdu trjuma quran,friday class zikra,zikra friday class,Surah Az-Zumar with Urdu Translation,Surah Az-Zumar 42 to 52,Ruku 5 Surah Az-Zumar,Trjuma Surah Az-Zumar 42 to 52 with Urdu Translation,Trjuma 42 to 52 Surah Az-Zumar,Surah Az-Zumar Urdu trjuma,Urdu trjuma Surah Az-Zumar,Urdu Translation Surah Az-Zumar Ayah 42 52,Surah Az-Zumar Urdu Trjuma 42 52,Ayah 42 to 52 Surah Az-Zumar",2025-01-25T14:01:14Z,PT10M10S,9
_fHoZZIM-yc,Surah Sad with Urdu Translation - Ayah 65 To 88 Ruku No 5,"Tarjuma by :
Molana Muhammad Saleem Akhtar

FRIDAY CLASS PLAYLIST 
https://www.youtube.com/playlist?list=PLQowKeTNj5RHy5aDTVNMg2UP2Idoaz0Kj

Quran With Urdu Translation
PLAYLIST LIVE URDU TRJUMA QURAN 2023
https://www.youtube.com/playlist?list=PLQowKeTNj5RFktbc8r-Duku_qu5AzR1LG

Quran With Urdu Translation
 اردو ترجمہ قرآن

All platfoms we are live on
Zikra Social Media Links

YouTube
https://www.youtube.com/channel/UCLYuowOAkMxiPFNWEDzqldQ?view_as=subscriber

Facebook
https://www.facebook.com/Zikra-Dar-ul-nashr-ذکریٰ-دار-النشر-102479931673745/

Tags:
Zikra trjuma Quran
urdu trjuma quran by Zikra dar ul nashr
Ramzan Live Trjuma
Quran Urdu Hindi Translation
اردو ترجمہ قرآن
zikra dar ul nashr

#quranwithurdutranslation 
#friday  
#urdutarjuma

zikra friday class
trjuma by molana muhammad saleem akhtar
zikra trjuma quran
zikra darul nashr
zikra dar ul nashr
trjuma by zikra
Muhammad Saleem Akhtar
Molana Muhammad saleem akhtar
zikra","zikra dar ul nashr,zikra trjuma quran,urdu trjuma quran,friday class zikra,zikra friday class,Surah Sad with Urdu Translation,Surah Sad 65 to 88,Ruku 5 Surah Sad,Trjuma Surah Sad 65 to 88 with Urdu Translation,Trjuma 65 to 88 Surah Sad,Surah Sad Urdu trjuma,Urdu trjuma Surah Sad,Urdu Translation Surah Sad Ayah 65 88,Surah Sad Urdu Trjuma 65 88,Ayah 65 to 88 Surah Sad",2025-01-19T14:00:39Z,PT15M41S,19
AEVJbB42ngE,Surah Sad with Urdu Translation - Ayah 41 To 64 Ruku No 4,"Tarjuma by :
Molana Muhammad Saleem Akhtar

FRIDAY CLASS PLAYLIST 
https://www.youtube.com/playlist?list=PLQowKeTNj5RHy5aDTVNMg2UP2Idoaz0Kj

Quran With Urdu Translation
PLAYLIST LIVE URDU TRJUMA QURAN 2023
https://www.youtube.com/playlist?list=PLQowKeTNj5RFktbc8r-Duku_qu5AzR1LG

Quran With Urdu Translation
 اردو ترجمہ قرآن

All platfoms we are live on
Zikra Social Media Links

YouTube
https://www.youtube.com/channel/UCLYuowOAkMxiPFNWEDzqldQ?view_as=subscriber

Facebook
https://www.facebook.com/Zikra-Dar-ul-nashr-ذکریٰ-دار-النشر-102479931673745/

Tags:
Zikra trjuma Quran
urdu trjuma quran by Zikra dar ul nashr
Ramzan Live Trjuma
Quran Urdu Hindi Translation
اردو ترجمہ قرآن
zikra dar ul nashr

#quranwithurdutranslation 
#friday  
#urdutarjuma

zikra friday class
trjuma by molana muhammad saleem akhtar
zikra trjuma quran
zikra darul nashr
zikra dar ul nashr
trjuma by zikra
Muhammad Saleem Akhtar
Molana Muhammad saleem akhtar
zikra","zikra dar ul nashr,zikra trjuma quran,urdu trjuma quran,friday class zikra,zikra friday class,Surah Sad with Urdu Translation,Surah Sad 41 to 64,Ruku 4 Surah Sad,Trjuma Surah Sad 41 to 64 with Urdu Translation,Trjuma 41 to 64 Surah Sad,Surah Sad Urdu trjuma,Urdu trjuma Surah Sad,Urdu Translation Surah Sad Ayah 41 64,Surah Sad Urdu Trjuma 41 64,Ayah 41 to 64 Surah Sad",2025-01-18T14:00:10Z,PT25M21S,18
Ow7u5GKxCB0,Live 2025 - Parah 27 Ruba 3 Urdu Trjuma Quran | Zikra Dar Ul Nashr,"Urdu Trjuma #live #zikra #quranlive #quran #livetarjuma #youtubelive
#zikradarulnashr #urdutajuma #quraninurdu
Zikra Dar Ul Nashr",,2025-01-18T02:33:01Z,PT1H1M37S,25
4wnJE_2VGFc,Surah Sad with Urdu Translation - Ayah 27 To 40 Ruku No 3,"Tarjuma by :
Molana Muhammad Saleem Akhtar

FRIDAY CLASS PLAYLIST 
https://www.youtube.com/playlist?list=PLQowKeTNj5RHy5aDTVNMg2UP2Idoaz0Kj

Quran With Urdu Translation
PLAYLIST LIVE URDU TRJUMA QURAN 2023
https://www.youtube.com/playlist?list=PLQowKeTNj5RFktbc8r-Duku_qu5AzR1LG

Quran With Urdu Translation
 اردو ترجمہ قرآن

All platfoms we are live on
Zikra Social Media Links

YouTube
https://www.youtube.com/channel/UCLYuowOAkMxiPFNWEDzqldQ?view_as=subscriber

Facebook
https://www.facebook.com/Zikra-Dar-ul-nashr-ذکریٰ-دار-النشر-102479931673745/

Tags:
Zikra trjuma Quran
urdu trjuma quran by Zikra dar ul nashr
Ramzan Live Trjuma
Quran Urdu Hindi Translation
اردو ترجمہ قرآن
zikra dar ul nashr

#quranwithurdutranslation 
#friday  
#urdutarjuma

zikra friday class
trjuma by molana muhammad saleem akhtar
zikra trjuma quran
zikra darul nashr
zikra dar ul nashr
trjuma by zikra
Muhammad Saleem Akhtar
Molana Muhammad saleem akhtar
zikra","zikra dar ul nashr,zikra trjuma quran,urdu trjuma quran,friday class zikra,zikra friday class,Surah Sad with Urdu Translation,Surah Sad 27 to 40,Ruku 3 Surah Sad,Trjuma Surah Sad 27 to 40 with Urdu Translation,Trjuma 27 to 40 Surah Sad,Surah Sad Urdu trjuma,Urdu trjuma Surah Sad,Urdu Translation Surah Sad Ayah 27 40,Surah Sad Urdu Trjuma 27 40,Ayah 27 to 40 Surah Sad",2025-01-16T14:00:07Z,PT10M38S,17
I3GbvjMUBmE,Surah Sad with Urdu Translation - Ayah 15 To 26 Ruku No 2,"Tarjuma by :
Molana Muhammad Saleem Akhtar

FRIDAY CLASS PLAYLIST 
https://www.youtube.com/playlist?list=PLQowKeTNj5RHy5aDTVNMg2UP2Idoaz0Kj

Quran With Urdu Translation
PLAYLIST LIVE URDU TRJUMA QURAN 2023
https://www.youtube.com/playlist?list=PLQowKeTNj5RFktbc8r-Duku_qu5AzR1LG

Quran With Urdu Translation
 اردو ترجمہ قرآن

All platfoms we are live on
Zikra Social Media Links

YouTube
https://www.youtube.com/channel/UCLYuowOAkMxiPFNWEDzqldQ?view_as=subscriber

Facebook
https://www.facebook.com/Zikra-Dar-ul-nashr-ذکریٰ-دار-النشر-102479931673745/

Tags:
Zikra trjuma Quran
urdu trjuma quran by Zikra dar ul nashr
Ramzan Live Trjuma
Quran Urdu Hindi Translation
اردو ترجمہ قرآن
zikra dar ul nashr

#quranwithurdutranslation 
#friday  
#urdutarjuma

zikra friday class
trjuma by molana muhammad saleem akhtar
zikra trjuma quran
zikra darul nashr
zikra dar ul nashr
trjuma by zikra
Muhammad Saleem Akhtar
Molana Muhammad saleem akhtar
zikra","zikra dar ul nashr,zikra trjuma quran,urdu trjuma quran,friday class zikra,zikra friday class,Surah Sad with Urdu Translation,Surah Sad 15 to 26,Ruku 2 Surah Sad,Trjuma Surah Sad 15 to 26 with Urdu Translation,Trjuma 15 to 26 Surah Sad,Surah Sad Urdu trjuma,Urdu trjuma Surah Sad,Urdu Translation Surah Sad Ayah 15 26,Surah Sad Urdu Trjuma 15 26,Ayah 15 to 26 Surah Sad",2025-01-15T14:00:28Z,PT10M24S,4
adilhPclbdo,Surah As-Saffat with Urdu Translation - Ayah 138 To 182 Ruku No 5,"Tarjuma by :
Molana Muhammad Saleem Akhtar

FRIDAY CLASS PLAYLIST 
https://www.youtube.com/playlist?list=PLQowKeTNj5RHy5aDTVNMg2UP2Idoaz0Kj

Quran With Urdu Translation
PLAYLIST LIVE URDU TRJUMA QURAN 2023
https://www.youtube.com/playlist?list=PLQowKeTNj5RFktbc8r-Duku_qu5AzR1LG

Quran With Urdu Translation
 اردو ترجمہ قرآن

All platfoms we are live on
Zikra Social Media Links

YouTube
https://www.youtube.com/channel/UCLYuowOAkMxiPFNWEDzqldQ?view_as=subscriber

Facebook
https://www.facebook.com/Zikra-Dar-ul-nashr-ذکریٰ-دار-النشر-102479931673745/

Tags:
Zikra trjuma Quran
urdu trjuma quran by Zikra dar ul nashr
Ramzan Live Trjuma
Quran Urdu Hindi Translation
اردو ترجمہ قرآن
zikra dar ul nashr

#quranwithurdutranslation 
#friday  
#urdutarjuma

zikra friday class
trjuma by molana muhammad saleem akhtar
zikra trjuma quran
zikra darul nashr
zikra dar ul nashr
trjuma by zikra
Muhammad Saleem Akhtar
Molana Muhammad saleem akhtar
zikra","zikra dar ul nashr,zikra trjuma quran,urdu trjuma quran,friday class zikra,zikra friday class,Surah As-Saffat with Urdu Translation,Surah As-Saffat 138 to 182,Ruku 5 Surah As-Saffat,Trjuma Surah As-Saffat 138 to 182 with Urdu Translation,Trjuma 138 to 182 Surah As-Saffat,Surah As-Saffat Urdu trjuma,Urdu trjuma Surah As-Saffat,Urdu Translation Surah As-Saffat Ayah 138 182,Surah As-Saffat Urdu Trjuma 138 182,Ayah 138 to 182 Surah As-Saffat",2025-01-13T14:00:02Z,PT11M23S,15
eaunoQfopNs,Surah As-Saffat with Urdu Translation - Ayah 114 To 137 Ruku No 4,"Tarjuma by :
Molana Muhammad Saleem Akhtar

FRIDAY CLASS PLAYLIST 
https://www.youtube.com/playlist?list=PLQowKeTNj5RHy5aDTVNMg2UP2Idoaz0Kj

Quran With Urdu Translation
PLAYLIST LIVE URDU TRJUMA QURAN 2023
https://www.youtube.com/playlist?list=PLQowKeTNj5RFktbc8r-Duku_qu5AzR1LG

Quran With Urdu Translation
 اردو ترجمہ قرآن

All platfoms we are live on
Zikra Social Media Links

YouTube
https://www.youtube.com/channel/UCLYuowOAkMxiPFNWEDzqldQ?view_as=subscriber

Facebook
https://www.facebook.com/Zikra-Dar-ul-nashr-ذکریٰ-دار-النشر-102479931673745/

Tags:
Zikra trjuma Quran
urdu trjuma quran by Zikra dar ul nashr
Ramzan Live Trjuma
Quran Urdu Hindi Translation
اردو ترجمہ قرآن
zikra dar ul nashr

#quranwithurdutranslation 
#friday  
#urdutarjuma

zikra friday class
trjuma by molana muhammad saleem akhtar
zikra trjuma quran
zikra darul nashr
zikra dar ul nashr
trjuma by zikra
Muhammad Saleem Akhtar
Molana Muhammad saleem akhtar
zikra","zikra dar ul nashr,zikra trjuma quran,urdu trjuma quran,friday class zikra,zikra friday class,Surah As-Saffat with Urdu Translation,Surah As-Saffat 114 to 137,Ruku 4 Surah As-Saffat,Trjuma Surah As-Saffat 114 to 137 with Urdu Translation,Trjuma 114 to 137 Surah As-Saffat,Surah As-Saffat Urdu trjuma,Urdu trjuma Surah As-Saffat,Urdu Translation Surah As-Saffat Ayah 114 137,Surah As-Saffat Urdu Trjuma 114 137,Ayah 114 to 137 Surah As-Saffat",2025-01-12T14:00:41Z,PT5M39S,18
C8BIVW73rho,Surah As-Saffat with Urdu Translation - Ayah 75 To 113 Ruku No 3,"Tarjuma by :
Molana Muhammad Saleem Akhtar

FRIDAY CLASS PLAYLIST 
https://www.youtube.com/playlist?list=PLQowKeTNj5RHy5aDTVNMg2UP2Idoaz0Kj

Quran With Urdu Translation
PLAYLIST LIVE URDU TRJUMA QURAN 2023
https://www.youtube.com/playlist?list=PLQowKeTNj5RFktbc8r-Duku_qu5AzR1LG

Quran With Urdu Translation
 اردو ترجمہ قرآن

All platfoms we are live on
Zikra Social Media Links

YouTube
https://www.youtube.com/channel/UCLYuowOAkMxiPFNWEDzqldQ?view_as=subscriber

Facebook
https://www.facebook.com/Zikra-Dar-ul-nashr-ذکریٰ-دار-النشر-102479931673745/

Tags:
Zikra trjuma Quran
urdu trjuma quran by Zikra dar ul nashr
Ramzan Live Trjuma
Quran Urdu Hindi Translation
اردو ترجمہ قرآن
zikra dar ul nashr

#quranwithurdutranslation 
#friday  
#urdutarjuma

zikra friday class
trjuma by molana muhammad saleem akhtar
zikra trjuma quran
zikra darul nashr
zikra dar ul nashr
trjuma by zikra
Muhammad Saleem Akhtar
Molana Muhammad saleem akhtar
zikra","zikra dar ul nashr,zikra trjuma quran,urdu trjuma quran,friday class zikra,zikra friday class,Surah As-Saffat with Urdu Translation,Surah As-Saffat 75 to 113,Ruku 3 Surah As-Saffat,Trjuma Surah As-Saffat 75 to 113 with Urdu Translation,Trjuma 75 to 113 Surah As-Saffat,Surah As-Saffat Urdu trjuma,Urdu trjuma Surah As-Saffat,Urdu Translation Surah As-Saffat Ayah 75 113,Surah As-Saffat Urdu Trjuma 75 113,Ayah 75 to 113 Surah As-Saffat",2025-01-11T12:00:24Z,PT14M15S,9
c-RlPOXE_Q4,Surah As-Saffat with Urdu Translation - Ayah 22 To 74 Ruku No 2,"Tarjuma by :
Molana Muhammad Saleem Akhtar

FRIDAY CLASS PLAYLIST 
https://www.youtube.com/playlist?list=PLQowKeTNj5RHy5aDTVNMg2UP2Idoaz0Kj

Quran With Urdu Translation
PLAYLIST LIVE URDU TRJUMA QURAN 2023
https://www.youtube.com/playlist?list=PLQowKeTNj5RFktbc8r-Duku_qu5AzR1LG

Quran With Urdu Translation
 اردو ترجمہ قرآن

All platfoms we are live on
Zikra Social Media Links

YouTube
https://www.youtube.com/channel/UCLYuowOAkMxiPFNWEDzqldQ?view_as=subscriber

Facebook
https://www.facebook.com/Zikra-Dar-ul-nashr-ذکریٰ-دار-النشر-102479931673745/

Tags:
Zikra trjuma Quran
urdu trjuma quran by Zikra dar ul nashr
Ramzan Live Trjuma
Quran Urdu Hindi Translation
اردو ترجمہ قرآن
zikra dar ul nashr

#quranwithurdutranslation 
#friday  
#urdutarjuma

zikra friday class
trjuma by molana muhammad saleem akhtar
zikra trjuma quran
zikra darul nashr
zikra dar ul nashr
trjuma by zikra
Muhammad Saleem Akhtar
Molana Muhammad saleem akhtar
zikra","zikra dar ul nashr,zikra trjuma quran,urdu trjuma quran,friday class zikra,zikra friday class,Surah As-Saffat with Urdu Translation,Surah As-Saffat 22 to 74,Ruku 2 Surah As-Saffat,Trjuma Surah As-Saffat 22 to 74 with Urdu Translation,Trjuma 22 to 74 Surah As-Saffat,Surah As-Saffat Urdu trjuma,Urdu trjuma Surah As-Saffat,Urdu Translation Surah As-Saffat Ayah 22 74,Surah As-Saffat Urdu Trjuma 22 74,Ayah 22 to 74 Surah As-Saffat",2025-01-09T14:00:46Z,PT20M34S,8
dm1IO1rJRCs,Surah As-Saffat with Urdu Translation - Ayah 1 To 21 Ruku No 1,"Tarjuma by :
Molana Muhammad Saleem Akhtar

FRIDAY CLASS PLAYLIST 
https://www.youtube.com/playlist?list=PLQowKeTNj5RHy5aDTVNMg2UP2Idoaz0Kj

Quran With Urdu Translation
PLAYLIST LIVE URDU TRJUMA QURAN 2023
https://www.youtube.com/playlist?list=PLQowKeTNj5RFktbc8r-Duku_qu5AzR1LG

Quran With Urdu Translation
 اردو ترجمہ قرآن

All platfoms we are live on
Zikra Social Media Links

YouTube
https://www.youtube.com/channel/UCLYuowOAkMxiPFNWEDzqldQ?view_as=subscriber

Facebook
https://www.facebook.com/Zikra-Dar-ul-nashr-ذکریٰ-دار-النشر-102479931673745/

Tags:
Zikra trjuma Quran
urdu trjuma quran by Zikra dar ul nashr
Ramzan Live Trjuma
Quran Urdu Hindi Translation
اردو ترجمہ قرآن
zikra dar ul nashr

#quranwithurdutranslation 
#friday  
#urdutarjuma

zikra friday class
trjuma by molana muhammad saleem akhtar
zikra trjuma quran
zikra darul nashr
zikra dar ul nashr
trjuma by zikra
Muhammad Saleem Akhtar
Molana Muhammad saleem akhtar
zikra","zikra dar ul nashr,zikra trjuma quran,urdu trjuma quran,friday class zikra,zikra friday class,Surah As-Saffat with Urdu Translation,Surah As-Saffat 1 to 21,Ruku 1 Surah As-Saffat,Trjuma Surah As-Saffat 1 to 21 with Urdu Translation,Trjuma 1 to 21 Surah As-Saffat,Surah As-Saffat Urdu trjuma,Urdu trjuma Surah As-Saffat,Urdu Translation Surah As-Saffat Ayah 1 21,Surah As-Saffat Urdu Trjuma 1 21,Ayah 1 to 21 Surah As-Saffat",2025-01-08T14:00:43Z,PT13M56S,26
VfUxCAL5HSc,Surah Ya-Sin with Urdu Translation - Ayah 68 To 83 Ruku No 5,"Tarjuma by :
Molana Muhammad Saleem Akhtar

FRIDAY CLASS PLAYLIST 
https://www.youtube.com/playlist?list=PLQowKeTNj5RHy5aDTVNMg2UP2Idoaz0Kj

Quran With Urdu Translation
PLAYLIST LIVE URDU TRJUMA QURAN 2023
https://www.youtube.com/playlist?list=PLQowKeTNj5RFktbc8r-Duku_qu5AzR1LG

Quran With Urdu Translation
 اردو ترجمہ قرآن

All platfoms we are live on
Zikra Social Media Links

YouTube
https://www.youtube.com/channel/UCLYuowOAkMxiPFNWEDzqldQ?view_as=subscriber

Facebook
https://www.facebook.com/Zikra-Dar-ul-nashr-ذکریٰ-دار-النشر-102479931673745/

Tags:
Zikra trjuma Quran
urdu trjuma quran by Zikra dar ul nashr
Ramzan Live Trjuma
Quran Urdu Hindi Translation
اردو ترجمہ قرآن
zikra dar ul nashr

#quranwithurdutranslation 
#friday  
#urdutarjuma

zikra friday class
trjuma by molana muhammad saleem akhtar
zikra trjuma quran
zikra darul nashr
zikra dar ul nashr
trjuma by zikra
Muhammad Saleem Akhtar
Molana Muhammad saleem akhtar
zikra","zikra dar ul nashr,zikra trjuma quran,urdu trjuma quran,friday class zikra,zikra friday class,Surah Ya-Sin with Urdu Translation,Surah Ya-Sin 68 to 83,Ruku 5 Surah Ya-Sin,Trjuma Surah Ya-Sin 68 to 83 with Urdu Translation,Trjuma 68 to 83 Surah Ya-Sin,Surah Ya-Sin Urdu trjuma,Urdu trjuma Surah Ya-Sin,Urdu Translation Surah Ya-Sin Ayah 68 83,Surah Ya-Sin Urdu Trjuma 68 83,Ayah 68 to 83 Surah Ya-Sin",2025-01-07T14:00:34Z,PT10M,14
kdYIBZTif-Y,Surah Ya-Sin with Urdu Translation - Ayah 13 To 32 Ruku No 2,"Tarjuma by :
Molana Muhammad Saleem Akhtar

FRIDAY CLASS PLAYLIST 
https://www.youtube.com/playlist?list=PLQowKeTNj5RHy5aDTVNMg2UP2Idoaz0Kj

Quran With Urdu Translation
PLAYLIST LIVE URDU TRJUMA QURAN 2023
https://www.youtube.com/playlist?list=PLQowKeTNj5RFktbc8r-Duku_qu5AzR1LG

Quran With Urdu Translation
 اردو ترجمہ قرآن

All platfoms we are live on
Zikra Social Media Links

YouTube
https://www.youtube.com/channel/UCLYuowOAkMxiPFNWEDzqldQ?view_as=subscriber

Facebook
https://www.facebook.com/Zikra-Dar-ul-nashr-ذکریٰ-دار-النشر-102479931673745/

Tags:
Zikra trjuma Quran
urdu trjuma quran by Zikra dar ul nashr
Ramzan Live Trjuma
Quran Urdu Hindi Translation
اردو ترجمہ قرآن
zikra dar ul nashr

#quranwithurdutranslation 
#friday  
#urdutarjuma

zikra friday class
trjuma by molana muhammad saleem akhtar
zikra trjuma quran
zikra darul nashr
zikra dar ul nashr
trjuma by zikra
Muhammad Saleem Akhtar
Molana Muhammad saleem akhtar
zikra","zikra dar ul nashr,zikra trjuma quran,urdu trjuma quran,friday class zikra,zikra friday class,Surah Ya-Sin with Urdu Translation,Surah Ya-Sin 13 to 32,Ruku 2 Surah Ya-Sin,Trjuma Surah Ya-Sin 13 to 32 with Urdu Translation,Trjuma 13 to 32 Surah Ya-Sin,Surah Ya-Sin Urdu trjuma,Urdu trjuma Surah Ya-Sin,Urdu Translation Surah Ya-Sin Ayah 13 32,Surah Ya-Sin Urdu Trjuma 13 32,Ayah 13 to 32 Surah Ya-Sin",2025-01-04T14:00:52Z,PT16M27S,7
ThWH87TJghI,Live 2025 - Parah 27 Ruba 1 Urdu Trjuma Quran | Zikra Dar Ul Nashr,"Urdu Trjuma #live #zikra #quranlive #quran #livetarjuma #youtubelive
#zikradarulnashr #urdutajuma #quraninurdu
Zikra Dar Ul Nashr",,2025-01-04T02:34:19Z,PT1H10M32S,49
2RSQawnF4JQ,Surah Ya-Sin with Urdu Translation - Ayah 1 To 12 Ruku No 1,"Tarjuma by :
Molana Muhammad Saleem Akhtar

FRIDAY CLASS PLAYLIST 
https://www.youtube.com/playlist?list=PLQowKeTNj5RHy5aDTVNMg2UP2Idoaz0Kj

Quran With Urdu Translation
PLAYLIST LIVE URDU TRJUMA QURAN 2023
https://www.youtube.com/playlist?list=PLQowKeTNj5RFktbc8r-Duku_qu5AzR1LG

Quran With Urdu Translation
 اردو ترجمہ قرآن

All platfoms we are live on
Zikra Social Media Links

YouTube
https://www.youtube.com/channel/UCLYuowOAkMxiPFNWEDzqldQ?view_as=subscriber

Facebook
https://www.facebook.com/Zikra-Dar-ul-nashr-ذکریٰ-دار-النشر-102479931673745/

Tags:
Zikra trjuma Quran
urdu trjuma quran by Zikra dar ul nashr
Ramzan Live Trjuma
Quran Urdu Hindi Translation
اردو ترجمہ قرآن
zikra dar ul nashr

#quranwithurdutranslation 
#friday  
#urdutarjuma

zikra friday class
trjuma by molana muhammad saleem akhtar
zikra trjuma quran
zikra darul nashr
zikra dar ul nashr
trjuma by zikra
Muhammad Saleem Akhtar
Molana Muhammad saleem akhtar
zikra","zikra dar ul nashr,zikra trjuma quran,urdu trjuma quran,friday class zikra,zikra friday class,Surah Ya-Sin with Urdu Translation,Surah Ya-Sin 1 to 12,Ruku 1 Surah Ya-Sin,Trjuma Surah Ya-Sin 1 to 12 with Urdu Translation,Trjuma 1 to 12 Surah Ya-Sin,Surah Ya-Sin Urdu trjuma,Urdu trjuma Surah Ya-Sin,Urdu Translation Surah Ya-Sin Ayah 1 12,Surah Ya-Sin Urdu Trjuma 1 12,Ayah 1 to 12 Surah Ya-Sin",2025-01-02T14:00:03Z,PT6M29S,14
gjqeupQ2mCE,Surah Fatir with Urdu Translation - Ayah 38 To 45 Ruku No 5,"Tarjuma by :
Molana Muhammad Saleem Akhtar

FRIDAY CLASS PLAYLIST 
https://www.youtube.com/playlist?list=PLQowKeTNj5RHy5aDTVNMg2UP2Idoaz0Kj

Quran With Urdu Translation
PLAYLIST LIVE URDU TRJUMA QURAN 2023
https://www.youtube.com/playlist?list=PLQowKeTNj5RFktbc8r-Duku_qu5AzR1LG

Quran With Urdu Translation
 اردو ترجمہ قرآن

All platfoms we are live on
Zikra Social Media Links

YouTube
https://www.youtube.com/channel/UCLYuowOAkMxiPFNWEDzqldQ?view_as=subscriber

Facebook
https://www.facebook.com/Zikra-Dar-ul-nashr-ذکریٰ-دار-النشر-102479931673745/

Tags:
Zikra trjuma Quran
urdu trjuma quran by Zikra dar ul nashr
Ramzan Live Trjuma
Quran Urdu Hindi Translation
اردو ترجمہ قرآن
zikra dar ul nashr

#quranwithurdutranslation 
#friday  
#urdutarjuma

zikra friday class
trjuma by molana muhammad saleem akhtar
zikra trjuma quran
zikra darul nashr
zikra dar ul nashr
trjuma by zikra
Muhammad Saleem Akhtar
Molana Muhammad saleem akhtar
zikra","zikra dar ul nashr,zikra trjuma quran,urdu trjuma quran,friday class zikra,zikra friday class,Surah Fatir with Urdu Translation,Surah Fatir 38 to 45,Ruku 5 Surah Fatir,Trjuma Surah Fatir 38 to 45 with Urdu Translation,Trjuma 38 to 45 Surah Fatir,Surah Fatir Urdu trjuma,Urdu trjuma Surah Fatir,Urdu Translation Surah Fatir Ayah 38 45,Surah Fatir Urdu Trjuma 38 45,Ayah 38 to 45 Surah Fatir",2025-01-01T14:00:42Z,PT13M22S,7
2CKqhU7ZOt8,Surah Fatir with Urdu Translation - Ayah 27 To 37 Ruku No 4,"Tarjuma by :
Molana Muhammad Saleem Akhtar

FRIDAY CLASS PLAYLIST 
https://www.youtube.com/playlist?list=PLQowKeTNj5RHy5aDTVNMg2UP2Idoaz0Kj

Quran With Urdu Translation
PLAYLIST LIVE URDU TRJUMA QURAN 2023
https://www.youtube.com/playlist?list=PLQowKeTNj5RFktbc8r-Duku_qu5AzR1LG

Quran With Urdu Translation
 اردو ترجمہ قرآن

All platfoms we are live on
Zikra Social Media Links

YouTube
https://www.youtube.com/channel/UCLYuowOAkMxiPFNWEDzqldQ?view_as=subscriber

Facebook
https://www.facebook.com/Zikra-Dar-ul-nashr-ذکریٰ-دار-النشر-102479931673745/

Tags:
Zikra trjuma Quran
urdu trjuma quran by Zikra dar ul nashr
Ramzan Live Trjuma
Quran Urdu Hindi Translation
اردو ترجمہ قرآن
zikra dar ul nashr

#quranwithurdutranslation 
#friday  
#urdutarjuma

zikra friday class
trjuma by molana muhammad saleem akhtar
zikra trjuma quran
zikra darul nashr
zikra dar ul nashr
trjuma by zikra
Muhammad Saleem Akhtar
Molana Muhammad saleem akhtar
zikra","zikra dar ul nashr,zikra trjuma quran,urdu trjuma quran,friday class zikra,zikra friday class,Surah Fatir with Urdu Translation,Surah Fatir 27 to 37,Ruku 4 Surah Fatir,Trjuma Surah Fatir 27 to 37 with Urdu Translation,Trjuma 27 to 37 Surah Fatir,Surah Fatir Urdu trjuma,Urdu trjuma Surah Fatir,Urdu Translation Surah Fatir Ayah 27 37,Surah Fatir Urdu Trjuma 27 37,Ayah 27 to 37 Surah Fatir",2024-12-31T14:00:02Z,PT13M23S,6
MGjc3JbinnU,Surah Fatir with Urdu Translation - Ayah 15 To 26 Ruku No 3,"Tarjuma by :
Molana Muhammad Saleem Akhtar

FRIDAY CLASS PLAYLIST 
https://www.youtube.com/playlist?list=PLQowKeTNj5RHy5aDTVNMg2UP2Idoaz0Kj

Quran With Urdu Translation
PLAYLIST LIVE URDU TRJUMA QURAN 2023
https://www.youtube.com/playlist?list=PLQowKeTNj5RFktbc8r-Duku_qu5AzR1LG

Quran With Urdu Translation
 اردو ترجمہ قرآن

All platfoms we are live on
Zikra Social Media Links

YouTube
https://www.youtube.com/channel/UCLYuowOAkMxiPFNWEDzqldQ?view_as=subscriber

Facebook
https://www.facebook.com/Zikra-Dar-ul-nashr-ذکریٰ-دار-النشر-102479931673745/

Tags:
Zikra trjuma Quran
urdu trjuma quran by Zikra dar ul nashr
Ramzan Live Trjuma
Quran Urdu Hindi Translation
اردو ترجمہ قرآن
zikra dar ul nashr

#quranwithurdutranslation 
#friday  
#urdutarjuma

zikra friday class
trjuma by molana muhammad saleem akhtar
zikra trjuma quran
zikra darul nashr
zikra dar ul nashr
trjuma by zikra
Muhammad Saleem Akhtar
Molana Muhammad saleem akhtar
zikra","zikra dar ul nashr,zikra trjuma quran,urdu trjuma quran,friday class zikra,zikra friday class,Surah Fatir with Urdu Translation,Surah Fatir 15 to 26,Ruku 3 Surah Fatir,Trjuma Surah Fatir 15 to 26 with Urdu Translation,Trjuma 15 to 26 Surah Fatir,Surah Fatir Urdu trjuma,Urdu trjuma Surah Fatir,Urdu Translation Surah Fatir Ayah 15 26,Surah Fatir Urdu Trjuma 15 26,Ayah 15 to 26 Surah Fatir",2024-12-30T14:00:18Z,PT8M38S,11
XYv5cKYNx9k,Live 2024 - Parah 26 Ruba 4 Urdu Trjuma Quran | Zikra Dar Ul Nashr,"Urdu Trjuma #live #zikra #quranlive #quran #livetarjuma #youtubelive
#zikradarulnashr #urdutajuma #quraninurdu
Zikra Dar Ul Nashr",,2024-12-28T01:54:06Z,PT34M33S,23
oYoTo1pBSCo,Surah Saba with Urdu Translation - Ayah 31 To 36 Ruku No 4,"Tarjuma by :
Molana Muhammad Saleem Akhtar

FRIDAY CLASS PLAYLIST 
https://www.youtube.com/playlist?list=PLQowKeTNj5RHy5aDTVNMg2UP2Idoaz0Kj

Quran With Urdu Translation
PLAYLIST LIVE URDU TRJUMA QURAN 2023
https://www.youtube.com/playlist?list=PLQowKeTNj5RFktbc8r-Duku_qu5AzR1LG

Quran With Urdu Translation
 اردو ترجمہ قرآن

All platfoms we are live on
Zikra Social Media Links

YouTube
https://www.youtube.com/channel/UCLYuowOAkMxiPFNWEDzqldQ?view_as=subscriber

Facebook
https://www.facebook.com/Zikra-Dar-ul-nashr-ذکریٰ-دار-النشر-102479931673745/

Tags:
Zikra trjuma Quran
urdu trjuma quran by Zikra dar ul nashr
Ramzan Live Trjuma
Quran Urdu Hindi Translation
اردو ترجمہ قرآن
zikra dar ul nashr

#quranwithurdutranslation 
#friday  
#urdutarjuma

zikra friday class
trjuma by molana muhammad saleem akhtar
zikra trjuma quran
zikra darul nashr
zikra dar ul nashr
trjuma by zikra
Muhammad Saleem Akhtar
Molana Muhammad saleem akhtar
zikra","zikra dar ul nashr,zikra trjuma quran,urdu trjuma quran,friday class zikra,zikra friday class,Surah Saba with Urdu Translation,Surah Saba 31 to 36,Ruku 4 Surah Saba,Trjuma Surah Saba 31 to 36 with Urdu Translation,Trjuma 31 to 36 Surah Saba,Surah Saba Urdu trjuma,Urdu trjuma Surah Saba,Urdu Translation Surah Saba Ayah 31 36,Surah Saba Urdu Trjuma 31 36,Ayah 31 to 36 Surah Saba",2024-12-23T14:00:53Z,PT11M42S,9
L9Vfon74_Y0,Surah Saba with Urdu Translation - Ayah 22 To 30 Ruku No 3,"Tarjuma by :
Molana Muhammad Saleem Akhtar

FRIDAY CLASS PLAYLIST 
https://www.youtube.com/playlist?list=PLQowKeTNj5RHy5aDTVNMg2UP2Idoaz0Kj

Quran With Urdu Translation
PLAYLIST LIVE URDU TRJUMA QURAN 2023
https://www.youtube.com/playlist?list=PLQowKeTNj5RFktbc8r-Duku_qu5AzR1LG

Quran With Urdu Translation
 اردو ترجمہ قرآن

All platfoms we are live on
Zikra Social Media Links

YouTube
https://www.youtube.com/channel/UCLYuowOAkMxiPFNWEDzqldQ?view_as=subscriber

Facebook
https://www.facebook.com/Zikra-Dar-ul-nashr-ذکریٰ-دار-النشر-102479931673745/

Tags:
Zikra trjuma Quran
urdu trjuma quran by Zikra dar ul nashr
Ramzan Live Trjuma
Quran Urdu Hindi Translation
اردو ترجمہ قرآن
zikra dar ul nashr

#quranwithurdutranslation 
#friday  
#urdutarjuma

zikra friday class
trjuma by molana muhammad saleem akhtar
zikra trjuma quran
zikra darul nashr
zikra dar ul nashr
trjuma by zikra
Muhammad Saleem Akhtar
Molana Muhammad saleem akhtar
zikra","zikra dar ul nashr,zikra trjuma quran,urdu trjuma quran,friday class zikra,zikra friday class,Surah Saba with Urdu Translation,Surah Saba 22 to 30,Ruku 3 Surah Saba,Trjuma Surah Saba 22 to 30 with Urdu Translation,Trjuma 22 to 30 Surah Saba,Surah Saba Urdu trjuma,Urdu trjuma Surah Saba,Urdu Translation Surah Saba Ayah 22 30,Surah Saba Urdu Trjuma 22 30,Ayah 22 to 30 Surah Saba",2024-12-22T14:00:24Z,PT4M54S,14
sbuWnTo93MY,Surah Al-Ahzab with Urdu Translation - Ayah 59 To 68 Ruku No 8,"Tarjuma by :
Molana Muhammad Saleem Akhtar

FRIDAY CLASS PLAYLIST 
https://www.youtube.com/playlist?list=PLQowKeTNj5RHy5aDTVNMg2UP2Idoaz0Kj

Quran With Urdu Translation
PLAYLIST LIVE URDU TRJUMA QURAN 2023
https://www.youtube.com/playlist?list=PLQowKeTNj5RFktbc8r-Duku_qu5AzR1LG

Quran With Urdu Translation
 اردو ترجمہ قرآن

All platfoms we are live on
Zikra Social Media Links

YouTube
https://www.youtube.com/channel/UCLYuowOAkMxiPFNWEDzqldQ?view_as=subscriber

Facebook
https://www.facebook.com/Zikra-Dar-ul-nashr-ذکریٰ-دار-النشر-102479931673745/

Tags:
Zikra trjuma Quran
urdu trjuma quran by Zikra dar ul nashr
Ramzan Live Trjuma
Quran Urdu Hindi Translation
اردو ترجمہ قرآن
zikra dar ul nashr

#quranwithurdutranslation 
#friday  
#urdutarjuma

zikra friday class
trjuma by molana muhammad saleem akhtar
zikra trjuma quran
zikra darul nashr
zikra dar ul nashr
trjuma by zikra
Muhammad Saleem Akhtar
Molana Muhammad saleem akhtar
zikra","zikra dar ul nashr,zikra trjuma quran,urdu trjuma quran,friday class zikra,zikra friday class,Surah Al-Ahzab with Urdu Translation,Surah Al-Ahzab 59 to 68,Ruku 8 Surah Al-Ahzab,Trjuma Surah Al-Ahzab 59 to 68 with Urdu Translation,Trjuma 59 to 68 Surah Al-Ahzab,Surah Al-Ahzab Urdu trjuma,Urdu trjuma Surah Al-Ahzab,Urdu Translation Surah Al-Ahzab Ayah 59 68,Surah Al-Ahzab Urdu Trjuma 59 68,Ayah 59 to 68 Surah Al-Ahzab",2024-12-17T14:01:00Z,PT11M18S,16
PdUc9bbLQpY,Surah Al-Ahzab with Urdu Translation - Ayah 21 To 27 Ruku No 3,"Tarjuma by :
Molana Muhammad Saleem Akhtar

FRIDAY CLASS PLAYLIST 
https://www.youtube.com/playlist?list=PLQowKeTNj5RHy5aDTVNMg2UP2Idoaz0Kj

Quran With Urdu Translation
PLAYLIST LIVE URDU TRJUMA QURAN 2023
https://www.youtube.com/playlist?list=PLQowKeTNj5RFktbc8r-Duku_qu5AzR1LG

Quran With Urdu Translation
 اردو ترجمہ قرآن

All platfoms we are live on
Zikra Social Media Links

YouTube
https://www.youtube.com/channel/UCLYuowOAkMxiPFNWEDzqldQ?view_as=subscriber

Facebook
https://www.facebook.com/Zikra-Dar-ul-nashr-ذکریٰ-دار-النشر-102479931673745/

Tags:
Zikra trjuma Quran
urdu trjuma quran by Zikra dar ul nashr
Ramzan Live Trjuma
Quran Urdu Hindi Translation
اردو ترجمہ قرآن
zikra dar ul nashr

#quranwithurdutranslation 
#friday  
#urdutarjuma

zikra friday class
trjuma by molana muhammad saleem akhtar
zikra trjuma quran
zikra darul nashr
zikra dar ul nashr
trjuma by zikra
Muhammad Saleem Akhtar
Molana Muhammad saleem akhtar
zikra","zikra dar ul nashr,zikra trjuma quran,urdu trjuma quran,friday class zikra,zikra friday class,Surah Al-Ahzab with Urdu Translation,Surah Al-Ahzab 21 to 27,Ruku 3 Surah Al-Ahzab,Trjuma Surah Al-Ahzab 21 to 27 with Urdu Translation,Trjuma 21 to 27 Surah Al-Ahzab,Surah Al-Ahzab Urdu trjuma,Urdu trjuma Surah Al-Ahzab,Urdu Translation Surah Al-Ahzab Ayah 21 27,Surah Al-Ahzab Urdu Trjuma 21 27,Ayah 21 to 27 Surah Al-Ahzab",2024-12-11T14:00:22Z,PT13M42S,25
7xbJKqAdDVk,Surah As-Sajda with Urdu Translation - Ayah 12 To 22 Ruku No 2,"Tarjuma by :
Molana Muhammad Saleem Akhtar

FRIDAY CLASS PLAYLIST 
https://www.youtube.com/playlist?list=PLQowKeTNj5RHy5aDTVNMg2UP2Idoaz0Kj

Quran With Urdu Translation
PLAYLIST LIVE URDU TRJUMA QURAN 2023
https://www.youtube.com/playlist?list=PLQowKeTNj5RFktbc8r-Duku_qu5AzR1LG

Quran With Urdu Translation
 اردو ترجمہ قرآن

All platfoms we are live on
Zikra Social Media Links

YouTube
https://www.youtube.com/channel/UCLYuowOAkMxiPFNWEDzqldQ?view_as=subscriber

Facebook
https://www.facebook.com/Zikra-Dar-ul-nashr-ذکریٰ-دار-النشر-102479931673745/

Tags:
Zikra trjuma Quran
urdu trjuma quran by Zikra dar ul nashr
Ramzan Live Trjuma
Quran Urdu Hindi Translation
اردو ترجمہ قرآن
zikra dar ul nashr

#quranwithurdutranslation 
#friday  
#urdutarjuma

zikra friday class
trjuma by molana muhammad saleem akhtar
zikra trjuma quran
zikra darul nashr
zikra dar ul nashr
trjuma by zikra
Muhammad Saleem Akhtar
Molana Muhammad saleem akhtar
zikra","zikra dar ul nashr,zikra trjuma quran,urdu trjuma quran,friday class zikra,zikra friday class,Surah As-Sajda with Urdu Translation,Surah As-Sajda 12 to 22,Ruku 2 Surah As-Sajda,Trjuma Surah As-Sajda 12 to 22 with Urdu Translation,Trjuma 12 to 22 Surah As-Sajda,Surah As-Sajda Urdu trjuma,Urdu trjuma Surah As-Sajda,Urdu Translation Surah As-Sajda Ayah 12 22,Surah As-Sajda Urdu Trjuma 12 22,Ayah 12 to 22 Surah As-Sajda",2024-12-08T14:00:06Z,PT8M10S,10
Ww7yMb2sVP0,Surah As-Sajda with Urdu Translation - Ayah 23 To 30 Ruku No 3,"Tarjuma by :
Molana Muhammad Saleem Akhtar

FRIDAY CLASS PLAYLIST 
https://www.youtube.com/playlist?list=PLQowKeTNj5RHy5aDTVNMg2UP2Idoaz0Kj

Quran With Urdu Translation
PLAYLIST LIVE URDU TRJUMA QURAN 2023
https://www.youtube.com/playlist?list=PLQowKeTNj5RFktbc8r-Duku_qu5AzR1LG

Quran With Urdu Translation
 اردو ترجمہ قرآن

All platfoms we are live on
Zikra Social Media Links

YouTube
https://www.youtube.com/channel/UCLYuowOAkMxiPFNWEDzqldQ?view_as=subscriber

Facebook
https://www.facebook.com/Zikra-Dar-ul-nashr-ذکریٰ-دار-النشر-102479931673745/

Tags:
Zikra trjuma Quran
urdu trjuma quran by Zikra dar ul nashr
Ramzan Live Trjuma
Quran Urdu Hindi Translation
اردو ترجمہ قرآن
zikra dar ul nashr

#quranwithurdutranslation 
#friday  
#urdutarjuma

zikra friday class
trjuma by molana muhammad saleem akhtar
zikra trjuma quran
zikra darul nashr
zikra dar ul nashr
trjuma by zikra
Muhammad Saleem Akhtar
Molana Muhammad saleem akhtar
zikra","zikra dar ul nashr,zikra trjuma quran,urdu trjuma quran,friday class zikra,zikra friday class,Surah As-Sajda with Urdu Translation,Surah As-Sajda 23 to 30,Ruku 3 Surah As-Sajda,Trjuma Surah As-Sajda 23 to 30 with Urdu Translation,Trjuma 23 to 30 Surah As-Sajda,Surah As-Sajda Urdu trjuma,Urdu trjuma Surah As-Sajda,Urdu Translation Surah As-Sajda Ayah 23 30,Surah As-Sajda Urdu Trjuma 23 30,Ayah 23 to 30 Surah As-Sajda",2024-12-08T14:00:28Z,PT5M7S,24
8WxK51P-AJY,Surah As-Sajda with Urdu Translation - Ayah 1 To 11 Ruku No 1,"Tarjuma by :
Molana Muhammad Saleem Akhtar

FRIDAY CLASS PLAYLIST 
https://www.youtube.com/playlist?list=PLQowKeTNj5RHy5aDTVNMg2UP2Idoaz0Kj

Quran With Urdu Translation
PLAYLIST LIVE URDU TRJUMA QURAN 2023
https://www.youtube.com/playlist?list=PLQowKeTNj5RFktbc8r-Duku_qu5AzR1LG

Quran With Urdu Translation
 اردو ترجمہ قرآن

All platfoms we are live on
Zikra Social Media Links

YouTube
https://www.youtube.com/channel/UCLYuowOAkMxiPFNWEDzqldQ?view_as=subscriber

Facebook
https://www.facebook.com/Zikra-Dar-ul-nashr-ذکریٰ-دار-النشر-102479931673745/

Tags:
Zikra trjuma Quran
urdu trjuma quran by Zikra dar ul nashr
Ramzan Live Trjuma
Quran Urdu Hindi Translation
اردو ترجمہ قرآن
zikra dar ul nashr

#quranwithurdutranslation 
#friday  
#urdutarjuma

zikra friday class
trjuma by molana muhammad saleem akhtar
zikra trjuma quran
zikra darul nashr
zikra dar ul nashr
trjuma by zikra
Muhammad Saleem Akhtar
Molana Muhammad saleem akhtar
zikra","zikra dar ul nashr,zikra trjuma quran,urdu trjuma quran,friday class zikra,zikra friday class,Surah As-Sajda with Urdu Translation,Surah As-Sajda 1 to 11,Ruku 1 Surah As-Sajda,Trjuma Surah As-Sajda 1 to 11 with Urdu Translation,Trjuma 1 to 11 Surah As-Sajda,Surah As-Sajda Urdu trjuma,Urdu trjuma Surah As-Sajda,Urdu Translation Surah As-Sajda Ayah 1 11,Surah As-Sajda Urdu Trjuma 1 11,Ayah 1 to 11 Surah As-Sajda",2024-12-07T14:00:11Z,PT7M39S,16
zpjAuyqcCLI,Live 2024 - Parah 26 Ruba 1 Urdu Trjuma Quran | Zikra Dar Ul Nashr,"Urdu Trjuma #live #zikra #quranlive #quran #livetarjuma #youtubelive
#zikradarulnashr #urdutajuma #quraninurdu
Zikra Dar Ul Nashr",,2024-12-07T01:49:51Z,PT37M39S,39
udP3RwUDJa4,Surah Luqman with Urdu Translation - Ayah 12 To 19 Ruku No 2,"Tarjuma by :
Molana Muhammad Saleem Akhtar

FRIDAY CLASS PLAYLIST 
https://www.youtube.com/playlist?list=PLQowKeTNj5RHy5aDTVNMg2UP2Idoaz0Kj

Quran With Urdu Translation
PLAYLIST LIVE URDU TRJUMA QURAN 2023
https://www.youtube.com/playlist?list=PLQowKeTNj5RFktbc8r-Duku_qu5AzR1LG

Quran With Urdu Translation
 اردو ترجمہ قرآن

All platfoms we are live on
Zikra Social Media Links

YouTube
https://www.youtube.com/channel/UCLYuowOAkMxiPFNWEDzqldQ?view_as=subscriber

Facebook
https://www.facebook.com/Zikra-Dar-ul-nashr-ذکریٰ-دار-النشر-102479931673745/

Tags:
Zikra trjuma Quran
urdu trjuma quran by Zikra dar ul nashr
Ramzan Live Trjuma
Quran Urdu Hindi Translation
اردو ترجمہ قرآن
zikra dar ul nashr

#quranwithurdutranslation 
#friday  
#urdutarjuma

zikra friday class
trjuma by molana muhammad saleem akhtar
zikra trjuma quran
zikra darul nashr
zikra dar ul nashr
trjuma by zikra
Muhammad Saleem Akhtar
Molana Muhammad saleem akhtar
zikra","zikra dar ul nashr,zikra trjuma quran,urdu trjuma quran,friday class zikra,zikra friday class,Surah Luqman with Urdu Translation,Surah Luqman 12 to 19,Ruku 2 Surah Luqman,Trjuma Surah Luqman 12 to 19 with Urdu Translation,Trjuma 12 to 19 Surah Luqman,Surah Luqman Urdu trjuma,Urdu trjuma Surah Luqman,Urdu Translation Surah Luqman Ayah 12 19,Surah Luqman Urdu Trjuma 12 19,Ayah 12 to 19 Surah Luqman",2024-12-03T14:01:07Z,PT15M29S,16
sf3kwT0WTQo,Surah Ar-Rum with Urdu Translation - Ayah 54 To 60 Ruku No 6,"Tarjuma by :
Molana Muhammad Saleem Akhtar

FRIDAY CLASS PLAYLIST 
https://www.youtube.com/playlist?list=PLQowKeTNj5RHy5aDTVNMg2UP2Idoaz0Kj

Quran With Urdu Translation
PLAYLIST LIVE URDU TRJUMA QURAN 2023
https://www.youtube.com/playlist?list=PLQowKeTNj5RFktbc8r-Duku_qu5AzR1LG

Quran With Urdu Translation
 اردو ترجمہ قرآن

All platfoms we are live on
Zikra Social Media Links

YouTube
https://www.youtube.com/channel/UCLYuowOAkMxiPFNWEDzqldQ?view_as=subscriber

Facebook
https://www.facebook.com/Zikra-Dar-ul-nashr-ذکریٰ-دار-النشر-102479931673745/

Tags:
Zikra trjuma Quran
urdu trjuma quran by Zikra dar ul nashr
Ramzan Live Trjuma
Quran Urdu Hindi Translation
اردو ترجمہ قرآن
zikra dar ul nashr

#quranwithurdutranslation 
#friday  
#urdutarjuma

zikra friday class
trjuma by molana muhammad saleem akhtar
zikra trjuma quran
zikra darul nashr
zikra dar ul nashr
trjuma by zikra
Muhammad Saleem Akhtar
Molana Muhammad saleem akhtar
zikra","zikra dar ul nashr,zikra trjuma quran,urdu trjuma quran,friday class zikra,zikra friday class,Surah Ar-Rum with Urdu Translation,Surah Ar-Rum 54 to 60,Ruku 6 Surah Ar-Rum,Trjuma Surah Ar-Rum 54 to 60 with Urdu Translation,Trjuma 54 to 60 Surah Ar-Rum,Surah Ar-Rum Urdu trjuma,Urdu trjuma Surah Ar-Rum,Urdu Translation Surah Ar-Rum Ayah 54 60,Surah Ar-Rum Urdu Trjuma 54 60,Ayah 54 to 60 Surah Ar-Rum",2024-12-01T14:00:49Z,PT8M3S,7
deDM7HNs1TI,Surah Ar-Rum with Urdu Translation - Ayah 41 To 53 Ruku No 5,"Tarjuma by :
Molana Muhammad Saleem Akhtar

FRIDAY CLASS PLAYLIST 
https://www.youtube.com/playlist?list=PLQowKeTNj5RHy5aDTVNMg2UP2Idoaz0Kj

Quran With Urdu Translation
PLAYLIST LIVE URDU TRJUMA QURAN 2023
https://www.youtube.com/playlist?list=PLQowKeTNj5RFktbc8r-Duku_qu5AzR1LG

Quran With Urdu Translation
 اردو ترجمہ قرآن

All platfoms we are live on
Zikra Social Media Links

YouTube
https://www.youtube.com/channel/UCLYuowOAkMxiPFNWEDzqldQ?view_as=subscriber

Facebook
https://www.facebook.com/Zikra-Dar-ul-nashr-ذکریٰ-دار-النشر-102479931673745/

Tags:
Zikra trjuma Quran
urdu trjuma quran by Zikra dar ul nashr
Ramzan Live Trjuma
Quran Urdu Hindi Translation
اردو ترجمہ قرآن
zikra dar ul nashr

#quranwithurdutranslation 
#friday  
#urdutarjuma

zikra friday class
trjuma by molana muhammad saleem akhtar
zikra trjuma quran
zikra darul nashr
zikra dar ul nashr
trjuma by zikra
Muhammad Saleem Akhtar
Molana Muhammad saleem akhtar
zikra","zikra dar ul nashr,zikra trjuma quran,urdu trjuma quran,friday class zikra,zikra friday class,Surah Ar-Rum with Urdu Translation,Surah Ar-Rum 41 to 53,Ruku 5 Surah Ar-Rum,Trjuma Surah Ar-Rum 41 to 53 with Urdu Translation,Trjuma 41 to 53 Surah Ar-Rum,Surah Ar-Rum Urdu trjuma,Urdu trjuma Surah Ar-Rum,Urdu Translation Surah Ar-Rum Ayah 41 53,Surah Ar-Rum Urdu Trjuma 41 53,Ayah 41 to 53 Surah Ar-Rum",2024-11-30T14:00:37Z,PT18M53S,7
Yt62QM9KeLQ,Surah Ar-Rum with Urdu Translation - Ayah 28 To 40 Ruku No 4,"Tarjuma by :
Molana Muhammad Saleem Akhtar

FRIDAY CLASS PLAYLIST 
https://www.youtube.com/playlist?list=PLQowKeTNj5RHy5aDTVNMg2UP2Idoaz0Kj

Quran With Urdu Translation
PLAYLIST LIVE URDU TRJUMA QURAN 2023
https://www.youtube.com/playlist?list=PLQowKeTNj5RFktbc8r-Duku_qu5AzR1LG

Quran With Urdu Translation
 اردو ترجمہ قرآن

All platfoms we are live on
Zikra Social Media Links

YouTube
https://www.youtube.com/channel/UCLYuowOAkMxiPFNWEDzqldQ?view_as=subscriber

Facebook
https://www.facebook.com/Zikra-Dar-ul-nashr-ذکریٰ-دار-النشر-102479931673745/

Tags:
Zikra trjuma Quran
urdu trjuma quran by Zikra dar ul nashr
Ramzan Live Trjuma
Quran Urdu Hindi Translation
اردو ترجمہ قرآن
zikra dar ul nashr

#quranwithurdutranslation 
#friday  
#urdutarjuma

zikra friday class
trjuma by molana muhammad saleem akhtar
zikra trjuma quran
zikra darul nashr
zikra dar ul nashr
trjuma by zikra
Muhammad Saleem Akhtar
Molana Muhammad saleem akhtar
zikra","zikra dar ul nashr,zikra trjuma quran,urdu trjuma quran,friday class zikra,zikra friday class,Surah Ar-Rum with Urdu Translation,Surah Ar-Rum 28 to 40,Ruku 4 Surah Ar-Rum,Trjuma Surah Ar-Rum 28 to 40 with Urdu Translation,Trjuma 28 to 40 Surah Ar-Rum,Surah Ar-Rum Urdu trjuma,Urdu trjuma Surah Ar-Rum,Urdu Translation Surah Ar-Rum Ayah 28 40,Surah Ar-Rum Urdu Trjuma 28 40,Ayah 28 to 40 Surah Ar-Rum",2024-11-28T14:00:28Z,PT24M26S,44
c4mHWZhLIhM,Surah Ar-Rum with Urdu Translation - Ayah 1 To 10 Ruku No 1,"Tarjuma by :
Molana Muhammad Saleem Akhtar

FRIDAY CLASS PLAYLIST 
https://www.youtube.com/playlist?list=PLQowKeTNj5RHy5aDTVNMg2UP2Idoaz0Kj

Quran With Urdu Translation
PLAYLIST LIVE URDU TRJUMA QURAN 2023
https://www.youtube.com/playlist?list=PLQowKeTNj5RFktbc8r-Duku_qu5AzR1LG

Quran With Urdu Translation
 اردو ترجمہ قرآن

All platfoms we are live on
Zikra Social Media Links

YouTube
https://www.youtube.com/channel/UCLYuowOAkMxiPFNWEDzqldQ?view_as=subscriber

Facebook
https://www.facebook.com/Zikra-Dar-ul-nashr-ذکریٰ-دار-النشر-102479931673745/

Tags:
Zikra trjuma Quran
urdu trjuma quran by Zikra dar ul nashr
Ramzan Live Trjuma
Quran Urdu Hindi Translation
اردو ترجمہ قرآن
zikra dar ul nashr

#quranwithurdutranslation 
#friday  
#urdutarjuma

zikra friday class
trjuma by molana muhammad saleem akhtar
zikra trjuma quran
zikra darul nashr
zikra dar ul nashr
trjuma by zikra
Muhammad Saleem Akhtar
Molana Muhammad saleem akhtar
zikra","zikra dar ul nashr,zikra trjuma quran,urdu trjuma quran,friday class zikra,zikra friday class,Surah Ar-Rum with Urdu Translation,Surah Ar-Rum 1 to 10,Ruku 1 Surah Ar-Rum,Trjuma Surah Ar-Rum 1 to 10 with Urdu Translation,Trjuma 1 to 10 Surah Ar-Rum,Surah Ar-Rum Urdu trjuma,Urdu trjuma Surah Ar-Rum,Urdu Translation Surah Ar-Rum Ayah 1 10,Surah Ar-Rum Urdu Trjuma 1 10,Ayah 1 to 10 Surah Ar-Rum",2024-11-25T14:00:38Z,PT15M41S,5
3opoEk_yUJ4,Surah Al-Ankabut with Urdu Translation - Ayah 52 To 63 Ruku No 6,"Tarjuma by :
Molana Muhammad Saleem Akhtar

FRIDAY CLASS PLAYLIST 
https://www.youtube.com/playlist?list=PLQowKeTNj5RHy5aDTVNMg2UP2Idoaz0Kj

Quran With Urdu Translation
PLAYLIST LIVE URDU TRJUMA QURAN 2023
https://www.youtube.com/playlist?list=PLQowKeTNj5RFktbc8r-Duku_qu5AzR1LG

Quran With Urdu Translation
 اردو ترجمہ قرآن

All platfoms we are live on
Zikra Social Media Links

YouTube
https://www.youtube.com/channel/UCLYuowOAkMxiPFNWEDzqldQ?view_as=subscriber

Facebook
https://www.facebook.com/Zikra-Dar-ul-nashr-ذکریٰ-دار-النشر-102479931673745/

Tags:
Zikra trjuma Quran
urdu trjuma quran by Zikra dar ul nashr
Ramzan Live Trjuma
Quran Urdu Hindi Translation
اردو ترجمہ قرآن
zikra dar ul nashr

#quranwithurdutranslation 
#friday  
#urdutarjuma

zikra friday class
trjuma by molana muhammad saleem akhtar
zikra trjuma quran
zikra darul nashr
zikra dar ul nashr
trjuma by zikra
Muhammad Saleem Akhtar
Molana Muhammad saleem akhtar
zikra","zikra dar ul nashr,zikra trjuma quran,urdu trjuma quran,friday class zikra,zikra friday class,Surah Al-Ankabut with Urdu Translation,Surah Al-Ankabut 52 to 63,Ruku 6 Surah Al-Ankabut,Trjuma Surah Al-Ankabut 52 to 63 with Urdu Translation,Trjuma 52 to 63 Surah Al-Ankabut,Surah Al-Ankabut Urdu trjuma,Urdu trjuma Surah Al-Ankabut,Urdu Translation Surah Al-Ankabut Ayah 52 63,Surah Al-Ankabut Urdu Trjuma 52 63,Ayah 52 to 63 Surah Al-Ankabut",2024-11-23T14:00:06Z,PT10M40S,7
s97ZXob5Xec,Live 2024 - Parah 25 Ruba 3 Urdu Trjuma Quran | Zikra Dar Ul Nashr,"Urdu Trjuma #live #zikra #quranlive #quran #livetarjuma #youtubelive
#zikradarulnashr #urdutajuma #quraninurdu
Zikra Dar Ul Nashr",,2024-11-23T01:56:18Z,PT52M34S,30
08rA2Ky7nAk,Surah Al-Ankabut with Urdu Translation - Ayah 45 To 51 Ruku No 5,"Tarjuma by :
Molana Muhammad Saleem Akhtar

FRIDAY CLASS PLAYLIST 
https://www.youtube.com/playlist?list=PLQowKeTNj5RHy5aDTVNMg2UP2Idoaz0Kj

Quran With Urdu Translation
PLAYLIST LIVE URDU TRJUMA QURAN 2023
https://www.youtube.com/playlist?list=PLQowKeTNj5RFktbc8r-Duku_qu5AzR1LG

Quran With Urdu Translation
 اردو ترجمہ قرآن

All platfoms we are live on
Zikra Social Media Links

YouTube
https://www.youtube.com/channel/UCLYuowOAkMxiPFNWEDzqldQ?view_as=subscriber

Facebook
https://www.facebook.com/Zikra-Dar-ul-nashr-ذکریٰ-دار-النشر-102479931673745/

Tags:
Zikra trjuma Quran
urdu trjuma quran by Zikra dar ul nashr
Ramzan Live Trjuma
Quran Urdu Hindi Translation
اردو ترجمہ قرآن
zikra dar ul nashr

#quranwithurdutranslation 
#friday  
#urdutarjuma

zikra friday class
trjuma by molana muhammad saleem akhtar
zikra trjuma quran
zikra darul nashr
zikra dar ul nashr
trjuma by zikra
Muhammad Saleem Akhtar
Molana Muhammad saleem akhtar
zikra","zikra dar ul nashr,zikra trjuma quran,urdu trjuma quran,friday class zikra,zikra friday class,Surah Al-Ankabut with Urdu Translation,Surah Al-Ankabut 45 to 51,Ruku 5 Surah Al-Ankabut,Trjuma Surah Al-Ankabut 45 to 51 with Urdu Translation,Trjuma 45 to 51 Surah Al-Ankabut,Surah Al-Ankabut Urdu trjuma,Urdu trjuma Surah Al-Ankabut,Urdu Translation Surah Al-Ankabut Ayah 45 51,Surah Al-Ankabut Urdu Trjuma 45 51,Ayah 45 to 51 Surah Al-Ankabut",2024-11-21T14:00:02Z,PT16M34S,3
pEN4fmj75eo,Surah Al-Ankabut with Urdu Translation - Ayah 23 To 30 Ruku No 3,"Tarjuma by :
Molana Muhammad Saleem Akhtar

FRIDAY CLASS PLAYLIST 
https://www.youtube.com/playlist?list=PLQowKeTNj5RHy5aDTVNMg2UP2Idoaz0Kj

Quran With Urdu Translation
PLAYLIST LIVE URDU TRJUMA QURAN 2023
https://www.youtube.com/playlist?list=PLQowKeTNj5RFktbc8r-Duku_qu5AzR1LG

Quran With Urdu Translation
 اردو ترجمہ قرآن

All platfoms we are live on
Zikra Social Media Links

YouTube
https://www.youtube.com/channel/UCLYuowOAkMxiPFNWEDzqldQ?view_as=subscriber

Facebook
https://www.facebook.com/Zikra-Dar-ul-nashr-ذکریٰ-دار-النشر-102479931673745/

Tags:
Zikra trjuma Quran
urdu trjuma quran by Zikra dar ul nashr
Ramzan Live Trjuma
Quran Urdu Hindi Translation
اردو ترجمہ قرآن
zikra dar ul nashr

#quranwithurdutranslation 
#friday  
#urdutarjuma

zikra friday class
trjuma by molana muhammad saleem akhtar
zikra trjuma quran
zikra darul nashr
zikra dar ul nashr
trjuma by zikra
Muhammad Saleem Akhtar
Molana Muhammad saleem akhtar
zikra","zikra dar ul nashr,zikra trjuma quran,urdu trjuma quran,friday class zikra,zikra friday class,Surah Al-Ankabut with Urdu Translation,Surah Al-Ankabut 23 to 30,Ruku 3 Surah Al-Ankabut,Trjuma Surah Al-Ankabut 23 to 30 with Urdu Translation,Trjuma 23 to 30 Surah Al-Ankabut,Surah Al-Ankabut Urdu trjuma,Urdu trjuma Surah Al-Ankabut,Urdu Translation Surah Al-Ankabut Ayah 23 30,Surah Al-Ankabut Urdu Trjuma 23 30,Ayah 23 to 30 Surah Al-Ankabut",2024-11-19T14:00:50Z,PT10M47S,3
_YxyPAlbLZM,Surah Al-Ankabut with Urdu Translation - Ayah 1 To 13 Ruku No 1,"Tarjuma by :
Molana Muhammad Saleem Akhtar

FRIDAY CLASS PLAYLIST 
https://www.youtube.com/playlist?list=PLQowKeTNj5RHy5aDTVNMg2UP2Idoaz0Kj

Quran With Urdu Translation
PLAYLIST LIVE URDU TRJUMA QURAN 2023
https://www.youtube.com/playlist?list=PLQowKeTNj5RFktbc8r-Duku_qu5AzR1LG

Quran With Urdu Translation
 اردو ترجمہ قرآن

All platfoms we are live on
Zikra Social Media Links

YouTube
https://www.youtube.com/channel/UCLYuowOAkMxiPFNWEDzqldQ?view_as=subscriber

Facebook
https://www.facebook.com/Zikra-Dar-ul-nashr-ذکریٰ-دار-النشر-102479931673745/

Tags:
Zikra trjuma Quran
urdu trjuma quran by Zikra dar ul nashr
Ramzan Live Trjuma
Quran Urdu Hindi Translation
اردو ترجمہ قرآن
zikra dar ul nashr

#quranwithurdutranslation 
#friday  
#urdutarjuma

zikra friday class
trjuma by molana muhammad saleem akhtar
zikra trjuma quran
zikra darul nashr
zikra dar ul nashr
trjuma by zikra
Muhammad Saleem Akhtar
Molana Muhammad saleem akhtar
zikra","zikra dar ul nashr,zikra trjuma quran,urdu trjuma quran,friday class zikra,zikra friday class,Surah Al-Ankabut with Urdu Translation,Surah Al-Ankabut 1 to 13,Ruku 1 Surah Al-Ankabut,Trjuma Surah Al-Ankabut 1 to 13 with Urdu Translation,Trjuma 1 to 13 Surah Al-Ankabut,Surah Al-Ankabut Urdu trjuma,Urdu trjuma Surah Al-Ankabut,Urdu Translation Surah Al-Ankabut Ayah 1 13,Surah Al-Ankabut Urdu Trjuma 1 13,Ayah 1 to 13 Surah Al-Ankabut",2024-11-17T14:00:34Z,PT16M7S,15
3UzrLBlqzVQ,Surah Al-Qasas with Urdu Translation - Ayah 83 To 88 Ruku No 9,"Tarjuma by :
Molana Muhammad Saleem Akhtar

FRIDAY CLASS PLAYLIST 
https://www.youtube.com/playlist?list=PLQowKeTNj5RHy5aDTVNMg2UP2Idoaz0Kj

Quran With Urdu Translation
PLAYLIST LIVE URDU TRJUMA QURAN 2023
https://www.youtube.com/playlist?list=PLQowKeTNj5RFktbc8r-Duku_qu5AzR1LG

Quran With Urdu Translation
 اردو ترجمہ قرآن

All platfoms we are live on
Zikra Social Media Links

YouTube
https://www.youtube.com/channel/UCLYuowOAkMxiPFNWEDzqldQ?view_as=subscriber

Facebook
https://www.facebook.com/Zikra-Dar-ul-nashr-ذکریٰ-دار-النشر-102479931673745/

Tags:
Zikra trjuma Quran
urdu trjuma quran by Zikra dar ul nashr
Ramzan Live Trjuma
Quran Urdu Hindi Translation
اردو ترجمہ قرآن
zikra dar ul nashr

#quranwithurdutranslation 
#friday  
#urdutarjuma

zikra friday class
trjuma by molana muhammad saleem akhtar
zikra trjuma quran
zikra darul nashr
zikra dar ul nashr
trjuma by zikra
Muhammad Saleem Akhtar
Molana Muhammad saleem akhtar
zikra","zikra dar ul nashr,zikra trjuma quran,urdu trjuma quran,friday class zikra,zikra friday class,Surah Al-Qasas with Urdu Translation,Surah Al-Qasas 83 to 88,Ruku 9 Surah Al-Qasas,Trjuma Surah Al-Qasas 83 to 88 with Urdu Translation,Trjuma 83 to 88 Surah Al-Qasas,Surah Al-Qasas Urdu trjuma,Urdu trjuma Surah Al-Qasas,Urdu Translation Surah Al-Qasas Ayah 83 88,Surah Al-Qasas Urdu Trjuma 83 88,Ayah 83 to 88 Surah Al-Qasas",2024-11-16T14:00:08Z,PT10M27S,26
Es-zr3TATu8,Live 2024 - Parah 25 Ruba 2 Urdu Trjuma Quran | Zikra Dar Ul Nashr,"Urdu Trjuma #live #zikra #quranlive #quran #livetarjuma #youtubelive
#zikradarulnashr #urdutajuma #quraninurdu
Zikra Dar Ul Nashr",,2024-11-16T01:52:02Z,PT33M5S,26
rCQRwe1Kqgk,Surah Al-Qasas with Urdu Translation - Ayah 76 To 82 Ruku No 8,"Tarjuma by :
Molana Muhammad Saleem Akhtar

FRIDAY CLASS PLAYLIST 
https://www.youtube.com/playlist?list=PLQowKeTNj5RHy5aDTVNMg2UP2Idoaz0Kj

Quran With Urdu Translation
PLAYLIST LIVE URDU TRJUMA QURAN 2023
https://www.youtube.com/playlist?list=PLQowKeTNj5RFktbc8r-Duku_qu5AzR1LG

Quran With Urdu Translation
 اردو ترجمہ قرآن

All platfoms we are live on
Zikra Social Media Links

YouTube
https://www.youtube.com/channel/UCLYuowOAkMxiPFNWEDzqldQ?view_as=subscriber

Facebook
https://www.facebook.com/Zikra-Dar-ul-nashr-ذکریٰ-دار-النشر-102479931673745/

Tags:
Zikra trjuma Quran
urdu trjuma quran by Zikra dar ul nashr
Ramzan Live Trjuma
Quran Urdu Hindi Translation
اردو ترجمہ قرآن
zikra dar ul nashr

#quranwithurdutranslation 
#friday  
#urdutarjuma

zikra friday class
trjuma by molana muhammad saleem akhtar
zikra trjuma quran
zikra darul nashr
zikra dar ul nashr
trjuma by zikra
Muhammad Saleem Akhtar
Molana Muhammad saleem akhtar
zikra","zikra dar ul nashr,zikra trjuma quran,urdu trjuma quran,friday class zikra,zikra friday class,Surah Al-Qasas with Urdu Translation,Surah Al-Qasas 76 to 82,Ruku 8 Surah Al-Qasas,Trjuma Surah Al-Qasas 76 to 82 with Urdu Translation,Trjuma 76 to 82 Surah Al-Qasas,Surah Al-Qasas Urdu trjuma,Urdu trjuma Surah Al-Qasas,Urdu Translation Surah Al-Qasas Ayah 76 82,Surah Al-Qasas Urdu Trjuma 76 82,Ayah 76 to 82 Surah Al-Qasas",2024-11-14T14:00:51Z,PT14M42S,8
SkCcC3b25eI,Surah Al-Qasas with Urdu Translation - Ayah 29 To 42 Ruku No 4,"Tarjuma by :
Molana Muhammad Saleem Akhtar

FRIDAY CLASS PLAYLIST 
https://www.youtube.com/playlist?list=PLQowKeTNj5RHy5aDTVNMg2UP2Idoaz0Kj

Quran With Urdu Translation
PLAYLIST LIVE URDU TRJUMA QURAN 2023
https://www.youtube.com/playlist?list=PLQowKeTNj5RFktbc8r-Duku_qu5AzR1LG

Quran With Urdu Translation
 اردو ترجمہ قرآن

All platfoms we are live on
Zikra Social Media Links

YouTube
https://www.youtube.com/channel/UCLYuowOAkMxiPFNWEDzqldQ?view_as=subscriber

Facebook
https://www.facebook.com/Zikra-Dar-ul-nashr-ذکریٰ-دار-النشر-102479931673745/

Tags:
Zikra trjuma Quran
urdu trjuma quran by Zikra dar ul nashr
Ramzan Live Trjuma
Quran Urdu Hindi Translation
اردو ترجمہ قرآن
zikra dar ul nashr

#quranwithurdutranslation 
#friday  
#urdutarjuma

zikra friday class
trjuma by molana muhammad saleem akhtar
zikra trjuma quran
zikra darul nashr
zikra dar ul nashr
trjuma by zikra
Muhammad Saleem Akhtar
Molana Muhammad saleem akhtar
zikra","zikra dar ul nashr,zikra trjuma quran,urdu trjuma quran,friday class zikra,zikra friday class,Surah Al-Qasas with Urdu Translation,Surah Al-Qasas 29 to 42,Ruku 4 Surah Al-Qasas,Trjuma Surah Al-Qasas 29 to 42 with Urdu Translation,Trjuma 29 to 42 Surah Al-Qasas,Surah Al-Qasas Urdu trjuma,Urdu trjuma Surah Al-Qasas,Urdu Translation Surah Al-Qasas Ayah 29 42,Surah Al-Qasas Urdu Trjuma 29 42,Ayah 29 to 42 Surah Al-Qasas",2024-11-10T14:00:30Z,PT30M28S,30
r_5GvkWi5E4,Surah An-Naml with Urdu Translation - Ayah 83 To 93 Ruku No 7,"Tarjuma by :
Molana Muhammad Saleem Akhtar

FRIDAY CLASS PLAYLIST 
https://www.youtube.com/playlist?list=PLQowKeTNj5RHy5aDTVNMg2UP2Idoaz0Kj

Quran With Urdu Translation
PLAYLIST LIVE URDU TRJUMA QURAN 2023
https://www.youtube.com/playlist?list=PLQowKeTNj5RFktbc8r-Duku_qu5AzR1LG

Quran With Urdu Translation
 اردو ترجمہ قرآن

All platfoms we are live on
Zikra Social Media Links

YouTube
https://www.youtube.com/channel/UCLYuowOAkMxiPFNWEDzqldQ?view_as=subscriber

Facebook
https://www.facebook.com/Zikra-Dar-ul-nashr-ذکریٰ-دار-النشر-102479931673745/

Tags:
Zikra trjuma Quran
urdu trjuma quran by Zikra dar ul nashr
Ramzan Live Trjuma
Quran Urdu Hindi Translation
اردو ترجمہ قرآن
zikra dar ul nashr

#quranwithurdutranslation 
#friday  
#urdutarjuma

zikra friday class
trjuma by molana muhammad saleem akhtar
zikra trjuma quran
zikra darul nashr
zikra dar ul nashr
trjuma by zikra
Muhammad Saleem Akhtar
Molana Muhammad saleem akhtar
zikra","zikra dar ul nashr,zikra trjuma quran,urdu trjuma quran,friday class zikra,zikra friday class,Surah An-Naml with Urdu Translation,Surah An-Naml 83 to 93,Ruku 7 Surah An-Naml,Trjuma Surah An-Naml 83 to 93 with Urdu Translation,Trjuma 83 to 93 Surah An-Naml,Surah An-Naml Urdu trjuma,Urdu trjuma Surah An-Naml,Urdu Translation Surah An-Naml Ayah 83 93,Surah An-Naml Urdu Trjuma 83 93,Ayah 83 to 93 Surah An-Naml",2024-11-05T14:00:54Z,PT10M42S,14
rvBwB4q2uho,Surah An-Naml with Urdu Translation - Ayah 67 To 82 Ruku No 6,"Tarjuma by :
Molana Muhammad Saleem Akhtar

FRIDAY CLASS PLAYLIST 
https://www.youtube.com/playlist?list=PLQowKeTNj5RHy5aDTVNMg2UP2Idoaz0Kj

Quran With Urdu Translation
PLAYLIST LIVE URDU TRJUMA QURAN 2023
https://www.youtube.com/playlist?list=PLQowKeTNj5RFktbc8r-Duku_qu5AzR1LG

Quran With Urdu Translation
 اردو ترجمہ قرآن

All platfoms we are live on
Zikra Social Media Links

YouTube
https://www.youtube.com/channel/UCLYuowOAkMxiPFNWEDzqldQ?view_as=subscriber

Facebook
https://www.facebook.com/Zikra-Dar-ul-nashr-ذکریٰ-دار-النشر-102479931673745/

Tags:
Zikra trjuma Quran
urdu trjuma quran by Zikra dar ul nashr
Ramzan Live Trjuma
Quran Urdu Hindi Translation
اردو ترجمہ قرآن
zikra dar ul nashr

#quranwithurdutranslation 
#friday  
#urdutarjuma

zikra friday class
trjuma by molana muhammad saleem akhtar
zikra trjuma quran
zikra darul nashr
zikra dar ul nashr
trjuma by zikra
Muhammad Saleem Akhtar
Molana Muhammad saleem akhtar
zikra","zikra dar ul nashr,zikra trjuma quran,urdu trjuma quran,friday class zikra,zikra friday class,Surah An-Naml with Urdu Translation,Surah An-Naml 67 to 82,Ruku 6 Surah An-Naml,Trjuma Surah An-Naml 67 to 82 with Urdu Translation,Trjuma 67 to 82 Surah An-Naml,Surah An-Naml Urdu trjuma,Urdu trjuma Surah An-Naml,Urdu Translation Surah An-Naml Ayah 67 82,Surah An-Naml Urdu Trjuma 67 82,Ayah 67 to 82 Surah An-Naml",2024-11-04T14:01:00Z,PT9M55S,9
r4m7vtzu2NI,Surah An-Naml with Urdu Translation - Ayah 59 To 66 Ruku No 5,"Tarjuma by :
Molana Muhammad Saleem Akhtar

FRIDAY CLASS PLAYLIST 
https://www.youtube.com/playlist?list=PLQowKeTNj5RHy5aDTVNMg2UP2Idoaz0Kj

Quran With Urdu Translation
PLAYLIST LIVE URDU TRJUMA QURAN 2023
https://www.youtube.com/playlist?list=PLQowKeTNj5RFktbc8r-Duku_qu5AzR1LG

Quran With Urdu Translation
 اردو ترجمہ قرآن

All platfoms we are live on
Zikra Social Media Links

YouTube
https://www.youtube.com/channel/UCLYuowOAkMxiPFNWEDzqldQ?view_as=subscriber

Facebook
https://www.facebook.com/Zikra-Dar-ul-nashr-ذکریٰ-دار-النشر-102479931673745/

Tags:
Zikra trjuma Quran
urdu trjuma quran by Zikra dar ul nashr
Ramzan Live Trjuma
Quran Urdu Hindi Translation
اردو ترجمہ قرآن
zikra dar ul nashr

#quranwithurdutranslation 
#friday  
#urdutarjuma

zikra friday class
trjuma by molana muhammad saleem akhtar
zikra trjuma quran
zikra darul nashr
zikra dar ul nashr
trjuma by zikra
Muhammad Saleem Akhtar
Molana Muhammad saleem akhtar
zikra","zikra dar ul nashr,zikra trjuma quran,urdu trjuma quran,friday class zikra,zikra friday class,Surah An-Naml with Urdu Translation,Surah An-Naml 59 to 66,Ruku 5 Surah An-Naml,Trjuma Surah An-Naml 59 to 66 with Urdu Translation,Trjuma 59 to 66 Surah An-Naml,Surah An-Naml Urdu trjuma,Urdu trjuma Surah An-Naml,Urdu Translation Surah An-Naml Ayah 59 66,Surah An-Naml Urdu Trjuma 59 66,Ayah 59 to 66 Surah An-Naml",2024-11-03T14:00:57Z,PT14M17S,14
Dvdz_4xuRvs,Live 2024 - Parah 24 Ruba 4 Urdu Trjuma Quran | Zikra Dar Ul Nashr,"Urdu Trjuma #live #zikra #quranlive #quran #livetarjuma #youtubelive
#zikradarulnashr #urdutajuma #quraninurdu
Zikra Dar Ul Nashr",,2024-11-02T02:30:18Z,PT49M36S,14
uEvIcMBmw_Q,Surah Ash-Shu'araa with Urdu Translation - Ayah 192 To 227 Ruku No 11,"Tarjuma by :
Molana Muhammad Saleem Akhtar

FRIDAY CLASS PLAYLIST 
https://www.youtube.com/playlist?list=PLQowKeTNj5RHy5aDTVNMg2UP2Idoaz0Kj

Quran With Urdu Translation
PLAYLIST LIVE URDU TRJUMA QURAN 2023
https://www.youtube.com/playlist?list=PLQowKeTNj5RFktbc8r-Duku_qu5AzR1LG

Quran With Urdu Translation
 اردو ترجمہ قرآن

All platfoms we are live on
Zikra Social Media Links

YouTube
https://www.youtube.com/channel/UCLYuowOAkMxiPFNWEDzqldQ?view_as=subscriber

Facebook
https://www.facebook.com/Zikra-Dar-ul-nashr-ذکریٰ-دار-النشر-102479931673745/

Tags:
Zikra trjuma Quran
urdu trjuma quran by Zikra dar ul nashr
Ramzan Live Trjuma
Quran Urdu Hindi Translation
اردو ترجمہ قرآن
zikra dar ul nashr

#quranwithurdutranslation 
#friday  
#urdutarjuma

zikra friday class
trjuma by molana muhammad saleem akhtar
zikra trjuma quran
zikra darul nashr
zikra dar ul nashr
trjuma by zikra
Muhammad Saleem Akhtar
Molana Muhammad saleem akhtar
zikra","zikra dar ul nashr,urdu trjuma quran,friday class zikra,zikra friday class,Surah Ash-Shu'araa with Urdu Translation,Surah Ash-Shu'araa 192 to 227,Ruku 11 Surah Ash-Shu'araa,Trjuma Surah Ash-Shu'araa 192 to 227 with Urdu Translation,Trjuma 192 to 227 Surah Ash-Shu'araa,Surah Ash-Shu'araa Urdu trjuma,Urdu trjuma Surah Ash-Shu'araa,Urdu Translation Surah Ash-Shu'araa Ayah 192 227,Surah Ash-Shu'araa Urdu Trjuma 192 227,Ayah 192 to 227 Surah Ash-Shu'araa",2024-10-28T14:00:58Z,PT10M20S,14
k9GUF4VfJMg,Surah Ash-Shu'araa with Urdu Translation - Ayah 176 To 191 Ruku No 10,"Tarjuma by :
Molana Muhammad Saleem Akhtar

FRIDAY CLASS PLAYLIST 
https://www.youtube.com/playlist?list=PLQowKeTNj5RHy5aDTVNMg2UP2Idoaz0Kj

Quran With Urdu Translation
PLAYLIST LIVE URDU TRJUMA QURAN 2023
https://www.youtube.com/playlist?list=PLQowKeTNj5RFktbc8r-Duku_qu5AzR1LG

Quran With Urdu Translation
 اردو ترجمہ قرآن

All platfoms we are live on
Zikra Social Media Links

YouTube
https://www.youtube.com/channel/UCLYuowOAkMxiPFNWEDzqldQ?view_as=subscriber

Facebook
https://www.facebook.com/Zikra-Dar-ul-nashr-ذکریٰ-دار-النشر-102479931673745/

Tags:
Zikra trjuma Quran
urdu trjuma quran by Zikra dar ul nashr
Ramzan Live Trjuma
Quran Urdu Hindi Translation
اردو ترجمہ قرآن
zikra dar ul nashr

#quranwithurdutranslation 
#friday  
#urdutarjuma

zikra friday class
trjuma by molana muhammad saleem akhtar
zikra trjuma quran
zikra darul nashr
zikra dar ul nashr
trjuma by zikra
Muhammad Saleem Akhtar
Molana Muhammad saleem akhtar
zikra","zikra dar ul nashr,urdu trjuma quran,friday class zikra,zikra friday class,Surah Ash-Shu'araa with Urdu Translation,Surah Ash-Shu'araa 176 to 191,Ruku 10 Surah Ash-Shu'araa,Trjuma Surah Ash-Shu'araa 176 to 191 with Urdu Translation,Trjuma 176 to 191 Surah Ash-Shu'araa,Surah Ash-Shu'araa Urdu trjuma,Urdu trjuma Surah Ash-Shu'araa,Urdu Translation Surah Ash-Shu'araa Ayah 176 191,Surah Ash-Shu'araa Urdu Trjuma 176 191,Ayah 176 to 191 Surah Ash-Shu'araa",2024-10-27T14:00:45Z,PT8M38S,15
psbpVmAcL88,Surah Ash-Shu'araa with Urdu Translation - Ayah 160 To 175 Ruku No 9,"Tarjuma by :
Molana Muhammad Saleem Akhtar

FRIDAY CLASS PLAYLIST 
https://www.youtube.com/playlist?list=PLQowKeTNj5RHy5aDTVNMg2UP2Idoaz0Kj

Quran With Urdu Translation
PLAYLIST LIVE URDU TRJUMA QURAN 2023
https://www.youtube.com/playlist?list=PLQowKeTNj5RFktbc8r-Duku_qu5AzR1LG

Quran With Urdu Translation
 اردو ترجمہ قرآن

All platfoms we are live on
Zikra Social Media Links

YouTube
https://www.youtube.com/channel/UCLYuowOAkMxiPFNWEDzqldQ?view_as=subscriber

Facebook
https://www.facebook.com/Zikra-Dar-ul-nashr-ذکریٰ-دار-النشر-102479931673745/

Tags:
Zikra trjuma Quran
urdu trjuma quran by Zikra dar ul nashr
Ramzan Live Trjuma
Quran Urdu Hindi Translation
اردو ترجمہ قرآن
zikra dar ul nashr

#quranwithurdutranslation 
#friday  
#urdutarjuma

zikra friday class
trjuma by molana muhammad saleem akhtar
zikra trjuma quran
zikra darul nashr
zikra dar ul nashr
trjuma by zikra
Muhammad Saleem Akhtar
Molana Muhammad saleem akhtar
zikra","zikra dar ul nashr,urdu trjuma quran,friday class zikra,zikra friday class,Surah Ash-Shu'araa with Urdu Translation,Surah Ash-Shu'araa 160 to 175,Ruku 9 Surah Ash-Shu'araa,Trjuma Surah Ash-Shu'araa 160 to 175 with Urdu Translation,Trjuma 160 to 175 Surah Ash-Shu'araa,Surah Ash-Shu'araa Urdu trjuma,Urdu trjuma Surah Ash-Shu'araa,Urdu Translation Surah Ash-Shu'araa Ayah 160 175,Surah Ash-Shu'araa Urdu Trjuma 160 175,Ayah 160 to 175 Surah Ash-Shu'araa",2024-10-26T14:00:48Z,PT7M54S,58
St8crsqE1HU,Live 2024 - Parah 24 Ruba 3 Urdu Trjuma Quran | Zikra Dar Ul Nashr,"Urdu Trjuma #live #zikra #quranlive #quran #livetarjuma #youtubelive
#zikradarulnashr #urdutajuma #quraninurdu
Zikra Dar Ul Nashr",,2024-10-26T02:14:12Z,PT46M27S,22
6n7_BCc5IiI,Surah Ash-Shu'araa with Urdu Translation - Ayah 141 To 159 Ruku No 8,"Tarjuma by :
Molana Muhammad Saleem Akhtar

FRIDAY CLASS PLAYLIST 
https://www.youtube.com/playlist?list=PLQowKeTNj5RHy5aDTVNMg2UP2Idoaz0Kj

Quran With Urdu Translation
PLAYLIST LIVE URDU TRJUMA QURAN 2023
https://www.youtube.com/playlist?list=PLQowKeTNj5RFktbc8r-Duku_qu5AzR1LG

Quran With Urdu Translation
 اردو ترجمہ قرآن

All platfoms we are live on
Zikra Social Media Links

YouTube
https://www.youtube.com/channel/UCLYuowOAkMxiPFNWEDzqldQ?view_as=subscriber

Facebook
https://www.facebook.com/Zikra-Dar-ul-nashr-ذکریٰ-دار-النشر-102479931673745/

Tags:
Zikra trjuma Quran
urdu trjuma quran by Zikra dar ul nashr
Ramzan Live Trjuma
Quran Urdu Hindi Translation
اردو ترجمہ قرآن
zikra dar ul nashr

#quranwithurdutranslation 
#friday  
#urdutarjuma

zikra friday class
trjuma by molana muhammad saleem akhtar
zikra trjuma quran
zikra darul nashr
zikra dar ul nashr
trjuma by zikra
Muhammad Saleem Akhtar
Molana Muhammad saleem akhtar
zikra","zikra dar ul nashr,urdu trjuma quran,friday class zikra,zikra friday class,Surah Ash-Shu'araa with Urdu Translation,Surah Ash-Shu'araa 141 to 159,Ruku 8 Surah Ash-Shu'araa,Trjuma Surah Ash-Shu'araa 141 to 159 with Urdu Translation,Trjuma 141 to 159 Surah Ash-Shu'araa,Surah Ash-Shu'araa Urdu trjuma,Urdu trjuma Surah Ash-Shu'araa,Urdu Translation Surah Ash-Shu'araa Ayah 141 159,Surah Ash-Shu'araa Urdu Trjuma 141 159,Ayah 141 to 159 Surah Ash-Shu'araa",2024-10-24T14:00:14Z,PT10M20S,27
iENAGXqT1ko,Surah Ash-Shu'araa with Urdu Translation - Ayah 122 To 140 Ruku No 7,"Tarjuma by :
Molana Muhammad Saleem Akhtar

FRIDAY CLASS PLAYLIST 
https://www.youtube.com/playlist?list=PLQowKeTNj5RHy5aDTVNMg2UP2Idoaz0Kj

Quran With Urdu Translation
PLAYLIST LIVE URDU TRJUMA QURAN 2023
https://www.youtube.com/playlist?list=PLQowKeTNj5RFktbc8r-Duku_qu5AzR1LG

Quran With Urdu Translation
 اردو ترجمہ قرآن

All platfoms we are live on
Zikra Social Media Links

YouTube
https://www.youtube.com/channel/UCLYuowOAkMxiPFNWEDzqldQ?view_as=subscriber

Facebook
https://www.facebook.com/Zikra-Dar-ul-nashr-ذکریٰ-دار-النشر-102479931673745/

Tags:
Zikra trjuma Quran
urdu trjuma quran by Zikra dar ul nashr
Ramzan Live Trjuma
Quran Urdu Hindi Translation
اردو ترجمہ قرآن
zikra dar ul nashr

#quranwithurdutranslation 
#friday  
#urdutarjuma

zikra friday class
trjuma by molana muhammad saleem akhtar
zikra trjuma quran
zikra darul nashr
zikra dar ul nashr
trjuma by zikra
Muhammad Saleem Akhtar
Molana Muhammad saleem akhtar
zikra","zikra trjuma quran,urdu trjuma quran,friday class zikra,zikra friday class,Surah Ash-Shu'araa with Urdu Translation,Surah Ash-Shu'araa 122 to 140,Ruku 7 Surah Ash-Shu'araa,Trjuma Surah Ash-Shu'araa 122 to 140 with Urdu Translation,Trjuma 122 to 140 Surah Ash-Shu'araa,Surah Ash-Shu'araa Urdu trjuma,Urdu trjuma Surah Ash-Shu'araa,Urdu Translation Surah Ash-Shu'araa Ayah 122 140,Surah Ash-Shu'araa Urdu Trjuma 122 140,Ayah 122 to 140 Surah Ash-Shu'araa",2024-10-23T14:00:41Z,PT8M9S,15
SxsT_6mQ3-E,Surah Ash-Shu'araa with Urdu Translation - Ayah 106 To 121 Ruku No 6,"Tarjuma by :
Molana Muhammad Saleem Akhtar

FRIDAY CLASS PLAYLIST 
https://www.youtube.com/playlist?list=PLQowKeTNj5RHy5aDTVNMg2UP2Idoaz0Kj

Quran With Urdu Translation
PLAYLIST LIVE URDU TRJUMA QURAN 2023
https://www.youtube.com/playlist?list=PLQowKeTNj5RFktbc8r-Duku_qu5AzR1LG

Quran With Urdu Translation
 اردو ترجمہ قرآن

All platfoms we are live on
Zikra Social Media Links

YouTube
https://www.youtube.com/channel/UCLYuowOAkMxiPFNWEDzqldQ?view_as=subscriber

Facebook
https://www.facebook.com/Zikra-Dar-ul-nashr-ذکریٰ-دار-النشر-102479931673745/

Tags:
Zikra trjuma Quran
urdu trjuma quran by Zikra dar ul nashr
Ramzan Live Trjuma
Quran Urdu Hindi Translation
اردو ترجمہ قرآن
zikra dar ul nashr

#quranwithurdutranslation 
#friday  
#urdutarjuma

zikra friday class
trjuma by molana muhammad saleem akhtar
zikra trjuma quran
zikra darul nashr
zikra dar ul nashr
trjuma by zikra
Muhammad Saleem Akhtar
Molana Muhammad saleem akhtar
zikra","zikra dar ul nashr,zikra trjuma quran,urdu trjuma quran,friday class zikra,zikra friday class,Surah Ash-Shu'araa with Urdu Translation,Surah Ash-Shu'araa 68 to 105,Ruku 5 Surah Ash-Shu'araa,Trjuma Surah Ash-Shu'araa 68 to 105 with Urdu Translation,Trjuma 68 to 105 Surah Ash-Shu'araa,Surah Ash-Shu'araa Urdu trjuma,Urdu trjuma Surah Ash-Shu'araa,Urdu Translation Surah Ash-Shu'araa Ayah 68 105,Surah Ash-Shu'araa Urdu Trjuma 68 105,Ayah 68 to 105 Surah Ash-Shu'araa",2024-10-22T14:00:28Z,PT14M29S,18
x6rYz2I4qeQ,Surah Ash-Shu'araa with Urdu Translation - Ayah 68 To 105 Ruku No 5,"Tarjuma by :
Molana Muhammad Saleem Akhtar

FRIDAY CLASS PLAYLIST 
https://www.youtube.com/playlist?list=PLQowKeTNj5RHy5aDTVNMg2UP2Idoaz0Kj

Quran With Urdu Translation
PLAYLIST LIVE URDU TRJUMA QURAN 2023
https://www.youtube.com/playlist?list=PLQowKeTNj5RFktbc8r-Duku_qu5AzR1LG

Quran With Urdu Translation
 اردو ترجمہ قرآن

All platfoms we are live on
Zikra Social Media Links

YouTube
https://www.youtube.com/channel/UCLYuowOAkMxiPFNWEDzqldQ?view_as=subscriber

Facebook
https://www.facebook.com/Zikra-Dar-ul-nashr-ذکریٰ-دار-النشر-102479931673745/

Tags:
Zikra trjuma Quran
urdu trjuma quran by Zikra dar ul nashr
Ramzan Live Trjuma
Quran Urdu Hindi Translation
اردو ترجمہ قرآن
zikra dar ul nashr

#quranwithurdutranslation 
#friday  
#urdutarjuma

zikra friday class
trjuma by molana muhammad saleem akhtar
zikra trjuma quran
zikra darul nashr
zikra dar ul nashr
trjuma by zikra
Muhammad Saleem Akhtar
Molana Muhammad saleem akhtar
zikra","zikra dar ul nashr,zikra trjuma quran,urdu trjuma quran,friday class zikra,zikra friday class,Surah Ash-Shu'araa with Urdu Translation,Surah Ash-Shu'araa 68 to 105,Ruku 5 Surah Ash-Shu'araa,Trjuma Surah Ash-Shu'araa 68 to 105 with Urdu Translation,Trjuma 68 to 105 Surah Ash-Shu'araa,Surah Ash-Shu'araa Urdu trjuma,Urdu trjuma Surah Ash-Shu'araa,Urdu Translation Surah Ash-Shu'araa Ayah 68 105,Surah Ash-Shu'araa Urdu Trjuma 68 105,Ayah 68 to 105 Surah Ash-Shu'araa",2024-10-21T14:01:02Z,PT10M36S,8
h4iDSjYH20E,Surah Ash-Shu'araa with Urdu Translation - Ayah 52 To 67 Ruku No 4,"Tarjuma by :
Molana Muhammad Saleem Akhtar

FRIDAY CLASS PLAYLIST 
https://www.youtube.com/playlist?list=PLQowKeTNj5RHy5aDTVNMg2UP2Idoaz0Kj

Quran With Urdu Translation
PLAYLIST LIVE URDU TRJUMA QURAN 2023
https://www.youtube.com/playlist?list=PLQowKeTNj5RFktbc8r-Duku_qu5AzR1LG

Quran With Urdu Translation
 اردو ترجمہ قرآن

All platfoms we are live on
Zikra Social Media Links

YouTube
https://www.youtube.com/channel/UCLYuowOAkMxiPFNWEDzqldQ?view_as=subscriber

Facebook
https://www.facebook.com/Zikra-Dar-ul-nashr-ذکریٰ-دار-النشر-102479931673745/

Tags:
Zikra trjuma Quran
urdu trjuma quran by Zikra dar ul nashr
Ramzan Live Trjuma
Quran Urdu Hindi Translation
اردو ترجمہ قرآن
zikra dar ul nashr

#quranwithurdutranslation 
#friday  
#urdutarjuma

zikra friday class
trjuma by molana muhammad saleem akhtar
zikra trjuma quran
zikra darul nashr
zikra dar ul nashr
trjuma by zikra
Muhammad Saleem Akhtar
Molana Muhammad saleem akhtar
zikra","zikra dar ul nashr,zikra trjuma quran,urdu trjuma quran,friday class zikra,zikra friday class,Surah Ash-Shu'araa with Urdu Translation,Surah Ash-Shu'araa 52 to 67,Ruku 4 Surah Ash-Shu'araa,Trjuma Surah Ash-Shu'araa 52 to 67 with Urdu Translation,Trjuma 52 to 67 Surah Ash-Shu'araa,Surah Ash-Shu'araa Urdu trjuma,Urdu trjuma Surah Ash-Shu'araa,Urdu Translation Surah Ash-Shu'araa Ayah 52 67,Surah Ash-Shu'araa Urdu Trjuma 52 67,Ayah 52 to 67 Surah Ash-Shu'araa",2024-10-20T14:00:41Z,PT9M37S,21
k81LUaAZiec,Surah Ash-Shu'araa with Urdu Translation - Ayah 34 To 51 Ruku No 3,"Tarjuma by :
Molana Muhammad Saleem Akhtar

FRIDAY CLASS PLAYLIST 
https://www.youtube.com/playlist?list=PLQowKeTNj5RHy5aDTVNMg2UP2Idoaz0Kj

Quran With Urdu Translation
PLAYLIST LIVE URDU TRJUMA QURAN 2023
https://www.youtube.com/playlist?list=PLQowKeTNj5RFktbc8r-Duku_qu5AzR1LG

Quran With Urdu Translation
 اردو ترجمہ قرآن

All platfoms we are live on
Zikra Social Media Links

YouTube
https://www.youtube.com/channel/UCLYuowOAkMxiPFNWEDzqldQ?view_as=subscriber

Facebook
https://www.facebook.com/Zikra-Dar-ul-nashr-ذکریٰ-دار-النشر-102479931673745/

Tags:
Zikra trjuma Quran
urdu trjuma quran by Zikra dar ul nashr
Ramzan Live Trjuma
Quran Urdu Hindi Translation
اردو ترجمہ قرآن
zikra dar ul nashr

#quranwithurdutranslation 
#friday  
#urdutarjuma

zikra friday class
trjuma by molana muhammad saleem akhtar
zikra trjuma quran
zikra darul nashr
zikra dar ul nashr
trjuma by zikra
Muhammad Saleem Akhtar
Molana Muhammad saleem akhtar
zikra","zikra dar ul nashr,zikra trjuma quran,urdu trjuma quran,friday class zikra,zikra friday class,Surah Ash-Shu'araa with Urdu Translation,Surah Ash-Shu'araa 34 to 51,Ruku 3 Surah Ash-Shu'araa,Trjuma Surah Ash-Shu'araa 34 to 51 with Urdu Translation,Trjuma 34 to 51 Surah Ash-Shu'araa,Surah Ash-Shu'araa Urdu trjuma,Urdu trjuma Surah Ash-Shu'araa,Urdu Translation Surah Ash-Shu'araa Ayah 34 51,Surah Ash-Shu'araa Urdu Trjuma 34 51,Ayah 34 to 51 Surah Ash-Shu'araa",2024-10-19T14:00:48Z,PT11M18S,12
_Z2vAc5gkH4,Live 2024 - Parah 24 Ruba 2 Urdu Trjuma Quran | Zikra Dar Ul Nashr,"Urdu Trjuma #live #zikra #quranlive #quran #livetarjuma #youtubelive
#zikradarulnashr #urdutajuma #quraninurdu
Zikra Dar Ul Nashr",,2024-10-19T02:15:54Z,PT32M,15
Ckfj_iucr94,Live 2024 - Parah 24 Ruba 2 Urdu Trjuma Quran | Zikra Dar Ul Nashr,"Urdu Trjuma #live #zikra #quranlive #quran #livetarjuma #youtubelive
#zikradarulnashr #urdutajuma #quraninurdu
Zikra Dar Ul Nashr",,2024-10-18T13:40:49Z,PT7M11S,10
FKLaFCedbd4,Surah Al-Furqan with Urdu Translation - Ayah 45 To 60 Ruku No 5,"Tarjuma by :
Molana Muhammad Saleem Akhtar

FRIDAY CLASS PLAYLIST 
https://www.youtube.com/playlist?list=PLQowKeTNj5RHy5aDTVNMg2UP2Idoaz0Kj

Quran With Urdu Translation
PLAYLIST LIVE URDU TRJUMA QURAN 2023
https://www.youtube.com/playlist?list=PLQowKeTNj5RFktbc8r-Duku_qu5AzR1LG

Quran With Urdu Translation
 اردو ترجمہ قرآن

All platfoms we are live on
Zikra Social Media Links

YouTube
https://www.youtube.com/channel/UCLYuowOAkMxiPFNWEDzqldQ?view_as=subscriber

Facebook
https://www.facebook.com/Zikra-Dar-ul-nashr-ذکریٰ-دار-النشر-102479931673745/

Tags:
Zikra trjuma Quran
urdu trjuma quran by Zikra dar ul nashr
Ramzan Live Trjuma
Quran Urdu Hindi Translation
اردو ترجمہ قرآن
zikra dar ul nashr

#quranwithurdutranslation 
#friday  
#urdutarjuma

zikra friday class
trjuma by molana muhammad saleem akhtar
zikra trjuma quran
zikra darul nashr
zikra dar ul nashr
trjuma by zikra
Muhammad Saleem Akhtar
Molana Muhammad saleem akhtar
zikra","zikra dar ul nashr,zikra trjuma quran,urdu trjuma quran,friday class zikra,zikra friday class,Surah Al-Furqan with Urdu Translation,Surah Al-Furqan 45 to 60,Ruku 5 Surah Al-Furqan,Trjuma Surah Al-Furqan 45 to 60 with Urdu Translation,Trjuma 45 to 60 Surah Al-Furqan,Surah Al-Furqan Urdu trjuma,Urdu trjuma Surah Al-Furqan,Urdu Translation Surah Al-Furqan Ayah 45 60,Surah Al-Furqan Urdu Trjuma 45 60,Ayah 45 to 60 Surah Al-Furqan",2024-10-14T14:00:17Z,PT12M59S,6
Y0xDDJoOPvg,Surah Al-Furqan with Urdu Translation - Ayah 35 To 44 Ruku No 4,"Tarjuma by :
Molana Muhammad Saleem Akhtar

FRIDAY CLASS PLAYLIST 
https://www.youtube.com/playlist?list=PLQowKeTNj5RHy5aDTVNMg2UP2Idoaz0Kj

Quran With Urdu Translation
PLAYLIST LIVE URDU TRJUMA QURAN 2023
https://www.youtube.com/playlist?list=PLQowKeTNj5RFktbc8r-Duku_qu5AzR1LG

Quran With Urdu Translation
 اردو ترجمہ قرآن

All platfoms we are live on
Zikra Social Media Links

YouTube
https://www.youtube.com/channel/UCLYuowOAkMxiPFNWEDzqldQ?view_as=subscriber

Facebook
https://www.facebook.com/Zikra-Dar-ul-nashr-ذکریٰ-دار-النشر-102479931673745/

Tags:
Zikra trjuma Quran
urdu trjuma quran by Zikra dar ul nashr
Ramzan Live Trjuma
Quran Urdu Hindi Translation
اردو ترجمہ قرآن
zikra dar ul nashr

#quranwithurdutranslation 
#friday  
#urdutarjuma

zikra friday class
trjuma by molana muhammad saleem akhtar
zikra trjuma quran
zikra darul nashr
zikra dar ul nashr
trjuma by zikra
Muhammad Saleem Akhtar
Molana Muhammad saleem akhtar
zikra","zikra dar ul nashr,zikra trjuma quran,urdu trjuma quran,friday class zikra,zikra friday class,Surah Al-Furqan with Urdu Translation,Surah Al-Furqan 35 to 44,Ruku 4 Surah Al-Furqan,Trjuma Surah Al-Furqan 35 to 44 with Urdu Translation,Trjuma 35 to 44 Surah Al-Furqan,Surah Al-Furqan Urdu trjuma,Urdu trjuma Surah Al-Furqan,Urdu Translation Surah Al-Furqan Ayah 35 44,Surah Al-Furqan Urdu Trjuma 35 44,Ayah 35 to 44 Surah Al-Furqan",2024-10-13T14:00:25Z,PT8M5S,6
WEtGcq6ZPq8,Live 2024 - Parah 24 Ruba 1 Urdu Trjuma Quran | Zikra Dar Ul Nashr,"Urdu Trjuma #live #zikra #quranlive #quran #livetarjuma #youtubelive
#zikradarulnashr #urdutajuma #quraninurdu
Zikra Dar Ul Nashr",,2024-10-12T02:51:35Z,PT34M40S,17
vmhdx2Y6m8A,Surah Al-Furqan with Urdu Translation - Ayah 1 To 9 Ruku No 1,"Tarjuma by :
Molana Muhammad Saleem Akhtar

FRIDAY CLASS PLAYLIST 
https://www.youtube.com/playlist?list=PLQowKeTNj5RHy5aDTVNMg2UP2Idoaz0Kj

Quran With Urdu Translation
PLAYLIST LIVE URDU TRJUMA QURAN 2023
https://www.youtube.com/playlist?list=PLQowKeTNj5RFktbc8r-Duku_qu5AzR1LG

Quran With Urdu Translation
 اردو ترجمہ قرآن

All platfoms we are live on
Zikra Social Media Links

YouTube
https://www.youtube.com/channel/UCLYuowOAkMxiPFNWEDzqldQ?view_as=subscriber

Facebook
https://www.facebook.com/Zikra-Dar-ul-nashr-ذکریٰ-دار-النشر-102479931673745/

Tags:
Zikra trjuma Quran
urdu trjuma quran by Zikra dar ul nashr
Ramzan Live Trjuma
Quran Urdu Hindi Translation
اردو ترجمہ قرآن
zikra dar ul nashr

#quranwithurdutranslation 
#friday  
#urdutarjuma

zikra friday class
trjuma by molana muhammad saleem akhtar
zikra trjuma quran
zikra darul nashr
zikra dar ul nashr
trjuma by zikra
Muhammad Saleem Akhtar
Molana Muhammad saleem akhtar
zikra","zikra dar ul nashr,zikra trjuma quran,urdu trjuma quran,friday class zikra,zikra friday class,Surah Al-Furqan with Urdu Translation,Surah Al-Furqan 1 to 9,Ruku 1 Surah Al-Furqan,Trjuma Surah Al-Furqan 1 to 9 with Urdu Translation,Trjuma 1 to 9 Surah Al-Furqan,Surah Al-Furqan Urdu trjuma,Urdu trjuma Surah Al-Furqan,Urdu Translation Surah Al-Furqan Ayah 1 9,Surah Al-Furqan Urdu Trjuma 1 9,Ayah 1 to 9 Surah Al-Furqan",2024-10-09T14:00:53Z,PT6M56S,18
gpQmBNaidDU,Surah An-Nur with Urdu Translation - Ayah 62 To 64 Ruku No 9,"Tarjuma by :
Molana Muhammad Saleem Akhtar

FRIDAY CLASS PLAYLIST 
https://www.youtube.com/playlist?list=PLQowKeTNj5RHy5aDTVNMg2UP2Idoaz0Kj

Quran With Urdu Translation
PLAYLIST LIVE URDU TRJUMA QURAN 2023
https://www.youtube.com/playlist?list=PLQowKeTNj5RFktbc8r-Duku_qu5AzR1LG

Quran With Urdu Translation
 اردو ترجمہ قرآن

All platfoms we are live on
Zikra Social Media Links

YouTube
https://www.youtube.com/channel/UCLYuowOAkMxiPFNWEDzqldQ?view_as=subscriber

Facebook
https://www.facebook.com/Zikra-Dar-ul-nashr-ذکریٰ-دار-النشر-102479931673745/

Tags:
Zikra trjuma Quran
urdu trjuma quran by Zikra dar ul nashr
Ramzan Live Trjuma
Quran Urdu Hindi Translation
اردو ترجمہ قرآن
zikra dar ul nashr

#quranwithurdutranslation 
#friday  
#urdutarjuma

zikra friday class
trjuma by molana muhammad saleem akhtar
zikra trjuma quran
zikra darul nashr
zikra dar ul nashr
trjuma by zikra
Muhammad Saleem Akhtar
Molana Muhammad saleem akhtar
zikra","zikra dar ul nashr,zikra trjuma quran,urdu trjuma quran,friday class zikra,zikra friday class,Surah An-Nur with Urdu Translation,Surah An-Nur 62 to 64,Ruku 9 Surah An-Nur,Trjuma Surah An-Nur 62 to 64 with Urdu Translation,Trjuma 62 to 64 Surah An-Nur,Surah An-Nur Urdu trjuma,Urdu trjuma Surah An-Nur,Urdu Translation Surah An-Nur Ayah 62 64,Surah An-Nur Urdu Trjuma 62 64,Ayah 62 to 64 Surah An-Nur",2024-10-08T14:00:43Z,PT9M,6
T_-GNDyXSrs,Surah An-Nur with Urdu Translation - Ayah 58 To 61 Ruku No 8,"Tarjuma by :
Molana Muhammad Saleem Akhtar

FRIDAY CLASS PLAYLIST 
https://www.youtube.com/playlist?list=PLQowKeTNj5RHy5aDTVNMg2UP2Idoaz0Kj

Quran With Urdu Translation
PLAYLIST LIVE URDU TRJUMA QURAN 2023
https://www.youtube.com/playlist?list=PLQowKeTNj5RFktbc8r-Duku_qu5AzR1LG

Quran With Urdu Translation
 اردو ترجمہ قرآن

All platfoms we are live on
Zikra Social Media Links

YouTube
https://www.youtube.com/channel/UCLYuowOAkMxiPFNWEDzqldQ?view_as=subscriber

Facebook
https://www.facebook.com/Zikra-Dar-ul-nashr-ذکریٰ-دار-النشر-102479931673745/

Tags:
Zikra trjuma Quran
urdu trjuma quran by Zikra dar ul nashr
Ramzan Live Trjuma
Quran Urdu Hindi Translation
اردو ترجمہ قرآن
zikra dar ul nashr

#quranwithurdutranslation 
#friday  
#urdutarjuma

zikra friday class
trjuma by molana muhammad saleem akhtar
zikra trjuma quran
zikra darul nashr
zikra dar ul nashr
trjuma by zikra
Muhammad Saleem Akhtar
Molana Muhammad saleem akhtar
zikra","zikra dar ul nashr,zikra trjuma quran,urdu trjuma quran,friday class zikra,zikra friday class,Surah An-Nur with Urdu Translation,Surah An-Nur 58 to 61,Ruku 8 Surah An-Nur,Trjuma Surah An-Nur 58 to 61 with Urdu Translation,Trjuma 58 to 61 Surah An-Nur,Surah An-Nur Urdu trjuma,Urdu trjuma Surah An-Nur,Urdu Translation Surah An-Nur Ayah 58 61,Surah An-Nur Urdu Trjuma 58 61,Ayah 58 to 61 Surah An-Nur",2024-10-07T14:00:22Z,PT16M20S,5
MuoR4DbOyAQ,Surah An-Nur with Urdu Translation - Ayah 51 To 57 Ruku No 7,"Tarjuma by :
Molana Muhammad Saleem Akhtar

FRIDAY CLASS PLAYLIST 
https://www.youtube.com/playlist?list=PLQowKeTNj5RHy5aDTVNMg2UP2Idoaz0Kj

Quran With Urdu Translation
PLAYLIST LIVE URDU TRJUMA QURAN 2023
https://www.youtube.com/playlist?list=PLQowKeTNj5RFktbc8r-Duku_qu5AzR1LG

Quran With Urdu Translation
 اردو ترجمہ قرآن

All platfoms we are live on
Zikra Social Media Links

YouTube
https://www.youtube.com/channel/UCLYuowOAkMxiPFNWEDzqldQ?view_as=subscriber

Facebook
https://www.facebook.com/Zikra-Dar-ul-nashr-ذکریٰ-دار-النشر-102479931673745/

Tags:
Zikra trjuma Quran
urdu trjuma quran by Zikra dar ul nashr
Ramzan Live Trjuma
Quran Urdu Hindi Translation
اردو ترجمہ قرآن
zikra dar ul nashr

#quranwithurdutranslation 
#friday  
#urdutarjuma

zikra friday class
trjuma by molana muhammad saleem akhtar
zikra trjuma quran
zikra darul nashr
zikra dar ul nashr
trjuma by zikra
Muhammad Saleem Akhtar
Molana Muhammad saleem akhtar
zikra","zikra dar ul nashr,zikra trjuma quran,urdu trjuma quran,friday class zikra,zikra friday class,Surah An-Nur with Urdu Translation,Surah An-Nur 51 to 57,Ruku 7 Surah An-Nur,Trjuma Surah An-Nur 51 to 57 with Urdu Translation,Trjuma 51 to 57 Surah An-Nur,Surah An-Nur Urdu trjuma,Urdu trjuma Surah An-Nur,Urdu Translation Surah An-Nur Ayah 51 57,Surah An-Nur Urdu Trjuma 51 57,Ayah 51 to 57 Surah An-Nur",2024-10-06T14:00:30Z,PT21M55S,3
4xAEcq54m3s,Surah An-Nur with Urdu Translation - Ayah 35 To 40 Ruku No 5,"Tarjuma by :
Molana Muhammad Saleem Akhtar

FRIDAY CLASS PLAYLIST 
https://www.youtube.com/playlist?list=PLQowKeTNj5RHy5aDTVNMg2UP2Idoaz0Kj

Quran With Urdu Translation
PLAYLIST LIVE URDU TRJUMA QURAN 2023
https://www.youtube.com/playlist?list=PLQowKeTNj5RFktbc8r-Duku_qu5AzR1LG

Quran With Urdu Translation
 اردو ترجمہ قرآن

All platfoms we are live on
Zikra Social Media Links

YouTube
https://www.youtube.com/channel/UCLYuowOAkMxiPFNWEDzqldQ?view_as=subscriber

Facebook
https://www.facebook.com/Zikra-Dar-ul-nashr-ذکریٰ-دار-النشر-102479931673745/

Tags:
Zikra trjuma Quran
urdu trjuma quran by Zikra dar ul nashr
Ramzan Live Trjuma
Quran Urdu Hindi Translation
اردو ترجمہ قرآن
zikra dar ul nashr

#quranwithurdutranslation 
#friday  
#urdutarjuma

zikra friday class
trjuma by molana muhammad saleem akhtar
zikra trjuma quran
zikra darul nashr
zikra dar ul nashr
trjuma by zikra
Muhammad Saleem Akhtar
Molana Muhammad saleem akhtar
zikra","zikra dar ul nashr,zikra trjuma quran,urdu trjuma quran,friday class zikra,zikra friday class,Surah An-Nur with Urdu Translation,Surah An-Nur 35 to 40,Ruku 5 Surah An-Nur,Trjuma Surah An-Nur 35 to 40 with Urdu Translation,Trjuma 35 to 40 Surah An-Nur,Surah An-Nur Urdu trjuma,Urdu trjuma Surah An-Nur,Urdu Translation Surah An-Nur Ayah 35 40,Surah An-Nur Urdu Trjuma 35 40,Ayah 35 to 40 Surah An-Nur",2024-10-03T14:00:08Z,PT19M38S,6
aT6lAjZ37wc,Surah An-Nur with Urdu Translation - Ayah 27 To 34 Ruku No 4,"Tarjuma by :
Molana Muhammad Saleem Akhtar

FRIDAY CLASS PLAYLIST 
https://www.youtube.com/playlist?list=PLQowKeTNj5RHy5aDTVNMg2UP2Idoaz0Kj

Quran With Urdu Translation
PLAYLIST LIVE URDU TRJUMA QURAN 2023
https://www.youtube.com/playlist?list=PLQowKeTNj5RFktbc8r-Duku_qu5AzR1LG

Quran With Urdu Translation
 اردو ترجمہ قرآن

All platfoms we are live on
Zikra Social Media Links

YouTube
https://www.youtube.com/channel/UCLYuowOAkMxiPFNWEDzqldQ?view_as=subscriber

Facebook
https://www.facebook.com/Zikra-Dar-ul-nashr-ذکریٰ-دار-النشر-102479931673745/

Tags:
Zikra trjuma Quran
urdu trjuma quran by Zikra dar ul nashr
Ramzan Live Trjuma
Quran Urdu Hindi Translation
اردو ترجمہ قرآن
zikra dar ul nashr

#quranwithurdutranslation 
#friday  
#urdutarjuma

zikra friday class
trjuma by molana muhammad saleem akhtar
zikra trjuma quran
zikra darul nashr
zikra dar ul nashr
trjuma by zikra
Muhammad Saleem Akhtar
Molana Muhammad saleem akhtar
zikra","zikra dar ul nashr,zikra trjuma quran,urdu trjuma quran,friday class zikra,zikra friday class,Surah An-Nur with Urdu Translation,Surah An-Nur 27 to 34,Ruku 4 Surah An-Nur,Trjuma Surah An-Nur 27 to 34 with Urdu Translation,Trjuma 27 to 34 Surah An-Nur,Surah An-Nur Urdu trjuma,Urdu trjuma Surah An-Nur,Urdu Translation Surah An-Nur Ayah 27 34,Surah An-Nur Urdu Trjuma 27 34,Ayah 27 to 34 Surah An-Nur",2024-10-02T14:00:01Z,PT15M1S,3
NxA4rzLjHLA,Surah An-Nur with Urdu Translation - Ayah 21 To 26 Ruku No 3,"Tarjuma by :
Molana Muhammad Saleem Akhtar

FRIDAY CLASS PLAYLIST 
https://www.youtube.com/playlist?list=PLQowKeTNj5RHy5aDTVNMg2UP2Idoaz0Kj

Quran With Urdu Translation
PLAYLIST LIVE URDU TRJUMA QURAN 2023
https://www.youtube.com/playlist?list=PLQowKeTNj5RFktbc8r-Duku_qu5AzR1LG

Quran With Urdu Translation
 اردو ترجمہ قرآن

All platfoms we are live on
Zikra Social Media Links

YouTube
https://www.youtube.com/channel/UCLYuowOAkMxiPFNWEDzqldQ?view_as=subscriber

Facebook
https://www.facebook.com/Zikra-Dar-ul-nashr-ذکریٰ-دار-النشر-102479931673745/

Tags:
Zikra trjuma Quran
urdu trjuma quran by Zikra dar ul nashr
Ramzan Live Trjuma
Quran Urdu Hindi Translation
اردو ترجمہ قرآن
zikra dar ul nashr

#quranwithurdutranslation 
#friday  
#urdutarjuma

zikra friday class
trjuma by molana muhammad saleem akhtar
zikra trjuma quran
zikra darul nashr
zikra dar ul nashr
trjuma by zikra
Muhammad Saleem Akhtar
Molana Muhammad saleem akhtar
zikra","zikra dar ul nashr,zikra trjuma quran,urdu trjuma quran,friday class zikra,zikra friday class,Surah An-Nur with Urdu Translation,Surah An-Nur 21 to 26,Ruku 3 Surah An-Nur,Trjuma Surah An-Nur 21 to 26 with Urdu Translation,Trjuma 21 to 26 Surah An-Nur,Surah An-Nur Urdu trjuma,Urdu trjuma Surah An-Nur,Urdu Translation Surah An-Nur Ayah 21 26,Surah An-Nur Urdu Trjuma 21 26,Ayah 21 to 26 Surah An-Nur",2024-10-01T14:00:19Z,PT12M2S,6
JdEx2Id_zQs,Surah An-Nur with Urdu Translation - Ayah 11 To 20 Ruku No 2,"Tarjuma by :
Molana Muhammad Saleem Akhtar

FRIDAY CLASS PLAYLIST 
https://www.youtube.com/playlist?list=PLQowKeTNj5RHy5aDTVNMg2UP2Idoaz0Kj

Quran With Urdu Translation
PLAYLIST LIVE URDU TRJUMA QURAN 2023
https://www.youtube.com/playlist?list=PLQowKeTNj5RFktbc8r-Duku_qu5AzR1LG

Quran With Urdu Translation
 اردو ترجمہ قرآن

All platfoms we are live on
Zikra Social Media Links

YouTube
https://www.youtube.com/channel/UCLYuowOAkMxiPFNWEDzqldQ?view_as=subscriber

Facebook
https://www.facebook.com/Zikra-Dar-ul-nashr-ذکریٰ-دار-النشر-102479931673745/

Tags:
Zikra trjuma Quran
urdu trjuma quran by Zikra dar ul nashr
Ramzan Live Trjuma
Quran Urdu Hindi Translation
اردو ترجمہ قرآن
zikra dar ul nashr

#quranwithurdutranslation 
#friday  
#urdutarjuma

zikra friday class
trjuma by molana muhammad saleem akhtar
zikra trjuma quran
zikra darul nashr
zikra dar ul nashr
trjuma by zikra
Muhammad Saleem Akhtar
Molana Muhammad saleem akhtar
zikra","zikra dar ul nashr,zikra trjuma quran,urdu trjuma quran,friday class zikra,zikra friday class,Surah An-Nur with Urdu Translation,Surah An-Nur 11 to 20,Ruku 2 Surah An-Nur,Trjuma Surah An-Nur 11 to 20 with Urdu Translation,Trjuma 11 to 20 Surah An-Nur,Surah An-Nur Urdu trjuma,Urdu trjuma Surah An-Nur,Urdu Translation Surah An-Nur Ayah 11 20,Surah An-Nur Urdu Trjuma 11 20,Ayah 11 to 20 Surah An-Nur",2024-09-30T14:00:18Z,PT10M52S,5
AymhN93fgk4,Surah An-Nur with Urdu Translation - Ayah 1 To 10 Ruku No 1,"Tarjuma by :
Molana Muhammad Saleem Akhtar

FRIDAY CLASS PLAYLIST 
https://www.youtube.com/playlist?list=PLQowKeTNj5RHy5aDTVNMg2UP2Idoaz0Kj

Quran With Urdu Translation
PLAYLIST LIVE URDU TRJUMA QURAN 2023
https://www.youtube.com/playlist?list=PLQowKeTNj5RFktbc8r-Duku_qu5AzR1LG

Quran With Urdu Translation
 اردو ترجمہ قرآن

All platfoms we are live on
Zikra Social Media Links

YouTube
https://www.youtube.com/channel/UCLYuowOAkMxiPFNWEDzqldQ?view_as=subscriber

Facebook
https://www.facebook.com/Zikra-Dar-ul-nashr-ذکریٰ-دار-النشر-102479931673745/

Tags:
Zikra trjuma Quran
urdu trjuma quran by Zikra dar ul nashr
Ramzan Live Trjuma
Quran Urdu Hindi Translation
اردو ترجمہ قرآن
zikra dar ul nashr

#quranwithurdutranslation 
#friday  
#urdutarjuma

zikra friday class
trjuma by molana muhammad saleem akhtar
zikra trjuma quran
zikra darul nashr
zikra dar ul nashr
trjuma by zikra
Muhammad Saleem Akhtar
Molana Muhammad saleem akhtar
zikra","zikra dar ul nashr,zikra trjuma quran,urdu trjuma quran,friday class zikra,zikra friday class,Surah An-Nur with Urdu Translation,Surah An-Nur 1 to 10,Ruku 1 Surah An-Nur,Trjuma Surah An-Nur 1 to 10 with Urdu Translation,Trjuma 1 to 10 Surah An-Nur,Surah An-Nur Urdu trjuma,Urdu trjuma Surah An-Nur,Urdu Translation Surah An-Nur Ayah 1 10,Surah An-Nur Urdu Trjuma 1 10,Ayah 1 to 10 Surah An-Nur",2024-09-29T14:00:19Z,PT7M42S,5
nBnS21FthGo,Surah Al-Muminun with Urdu Translation - Ayah 93 To 118 Ruku No 6,"Tarjuma by :
Molana Muhammad Saleem Akhtar

FRIDAY CLASS PLAYLIST 
https://www.youtube.com/playlist?list=PLQowKeTNj5RHy5aDTVNMg2UP2Idoaz0Kj

Quran With Urdu Translation
PLAYLIST LIVE URDU TRJUMA QURAN 2023
https://www.youtube.com/playlist?list=PLQowKeTNj5RFktbc8r-Duku_qu5AzR1LG

Quran With Urdu Translation
 اردو ترجمہ قرآن

All platfoms we are live on
Zikra Social Media Links

YouTube
https://www.youtube.com/channel/UCLYuowOAkMxiPFNWEDzqldQ?view_as=subscriber

Facebook
https://www.facebook.com/Zikra-Dar-ul-nashr-ذکریٰ-دار-النشر-102479931673745/

Tags:
Zikra trjuma Quran
urdu trjuma quran by Zikra dar ul nashr
Ramzan Live Trjuma
Quran Urdu Hindi Translation
اردو ترجمہ قرآن
zikra dar ul nashr

#quranwithurdutranslation 
#friday  
#urdutarjuma

zikra friday class
trjuma by molana muhammad saleem akhtar
zikra trjuma quran
zikra darul nashr
zikra dar ul nashr
trjuma by zikra
Muhammad Saleem Akhtar
Molana Muhammad saleem akhtar
zikra","zikra dar ul nashr,zikra trjuma quran,urdu trjuma quran,friday class zikra,zikra friday class,Surah Al-Muminun with Urdu Translation,Surah Al-Muminun 93 to 118,Ruku 6 Surah Al-Muminun,Trjuma Surah Al-Muminun 93 to 118 with Urdu Translation,Trjuma 93 to 118 Surah Al-Muminun,Surah Al-Muminun Urdu trjuma,Urdu trjuma Surah Al-Muminun,Urdu Translation Surah Al-Muminun Ayah 93 118,Surah Al-Muminun Urdu Trjuma 93 118,Ayah 93 to 118 Surah Al-Muminun",2024-09-28T14:00:46Z,PT14M10S,3
ARNtJjFDAHg,Surah Al-Muminun with Urdu Translation - Ayah 78 To 92 Ruku No 5,"Tarjuma by :
Molana Muhammad Saleem Akhtar

FRIDAY CLASS PLAYLIST 
https://www.youtube.com/playlist?list=PLQowKeTNj5RHy5aDTVNMg2UP2Idoaz0Kj

Quran With Urdu Translation
PLAYLIST LIVE URDU TRJUMA QURAN 2023
https://www.youtube.com/playlist?list=PLQowKeTNj5RFktbc8r-Duku_qu5AzR1LG

Quran With Urdu Translation
 اردو ترجمہ قرآن

All platfoms we are live on
Zikra Social Media Links

YouTube
https://www.youtube.com/channel/UCLYuowOAkMxiPFNWEDzqldQ?view_as=subscriber

Facebook
https://www.facebook.com/Zikra-Dar-ul-nashr-ذکریٰ-دار-النشر-102479931673745/

Tags:
Zikra trjuma Quran
urdu trjuma quran by Zikra dar ul nashr
Ramzan Live Trjuma
Quran Urdu Hindi Translation
اردو ترجمہ قرآن
zikra dar ul nashr

#quranwithurdutranslation 
#friday  
#urdutarjuma

zikra friday class
trjuma by molana muhammad saleem akhtar
zikra trjuma quran
zikra darul nashr
zikra dar ul nashr
trjuma by zikra
Muhammad Saleem Akhtar
Molana Muhammad saleem akhtar
zikra","zikra dar ul nashr,zikra trjuma quran,urdu trjuma quran,friday class zikra,zikra friday class,Surah Al-Muminun with Urdu Translation,Surah Al-Muminun 78 to 92,Ruku 5 Surah Al-Muminun,Trjuma Surah Al-Muminun 78 to 92 with Urdu Translation,Trjuma 78 to 92 Surah Al-Muminun,Surah Al-Muminun Urdu trjuma,Urdu trjuma Surah Al-Muminun,Urdu Translation Surah Al-Muminun Ayah 78 92,Surah Al-Muminun Urdu Trjuma 78 92,Ayah 78 to 92 Surah Al-Muminun",2024-09-26T14:00:11Z,PT10M59S,14
enbAYk1XD44,Surah Al-Muminun with Urdu Translation - Ayah 51 To 77 Ruku No 4,"Tarjuma by :
Molana Muhammad Saleem Akhtar

FRIDAY CLASS PLAYLIST 
https://www.youtube.com/playlist?list=PLQowKeTNj5RHy5aDTVNMg2UP2Idoaz0Kj

Quran With Urdu Translation
PLAYLIST LIVE URDU TRJUMA QURAN 2023
https://www.youtube.com/playlist?list=PLQowKeTNj5RFktbc8r-Duku_qu5AzR1LG

Quran With Urdu Translation
 اردو ترجمہ قرآن

All platfoms we are live on
Zikra Social Media Links

YouTube
https://www.youtube.com/channel/UCLYuowOAkMxiPFNWEDzqldQ?view_as=subscriber

Facebook
https://www.facebook.com/Zikra-Dar-ul-nashr-ذکریٰ-دار-النشر-102479931673745/

Tags:
Zikra trjuma Quran
urdu trjuma quran by Zikra dar ul nashr
Ramzan Live Trjuma
Quran Urdu Hindi Translation
اردو ترجمہ قرآن
zikra dar ul nashr

#quranwithurdutranslation 
#friday  
#urdutarjuma

zikra friday class
trjuma by molana muhammad saleem akhtar
zikra trjuma quran
zikra darul nashr
zikra dar ul nashr
trjuma by zikra
Muhammad Saleem Akhtar
Molana Muhammad saleem akhtar
zikra","zikra dar ul nashr,zikra trjuma quran,urdu trjuma quran,friday class zikra,zikra friday class,Surah Al-Muminun with Urdu Translation,Surah Al-Muminun 51 to 77,Ruku 4 Surah Al-Muminun,Trjuma Surah Al-Muminun 51 to 77 with Urdu Translation,Trjuma 51 to 77 Surah Al-Muminun,Surah Al-Muminun Urdu trjuma,Urdu trjuma Surah Al-Muminun,Urdu Translation Surah Al-Muminun Ayah 51 77,Surah Al-Muminun Urdu Trjuma 51 77,Ayah 51 to 77 Surah Al-Muminun",2024-09-25T14:00:43Z,PT14M27S,3
P9dcxUzewVc,Surah Al-Muminun with Urdu Translation - Ayah 23 To 32 Ruku No 2,"Tarjuma by :
Molana Muhammad Saleem Akhtar

FRIDAY CLASS PLAYLIST 
https://www.youtube.com/playlist?list=PLQowKeTNj5RHy5aDTVNMg2UP2Idoaz0Kj

Quran With Urdu Translation
PLAYLIST LIVE URDU TRJUMA QURAN 2023
https://www.youtube.com/playlist?list=PLQowKeTNj5RFktbc8r-Duku_qu5AzR1LG

Quran With Urdu Translation
 اردو ترجمہ قرآن

All platfoms we are live on
Zikra Social Media Links

YouTube
https://www.youtube.com/channel/UCLYuowOAkMxiPFNWEDzqldQ?view_as=subscriber

Facebook
https://www.facebook.com/Zikra-Dar-ul-nashr-ذکریٰ-دار-النشر-102479931673745/

Tags:
Zikra trjuma Quran
urdu trjuma quran by Zikra dar ul nashr
Ramzan Live Trjuma
Quran Urdu Hindi Translation
اردو ترجمہ قرآن
zikra dar ul nashr

#quranwithurdutranslation 
#friday  
#urdutarjuma

zikra friday class
trjuma by molana muhammad saleem akhtar
zikra trjuma quran
zikra darul nashr
zikra dar ul nashr
trjuma by zikra
Muhammad Saleem Akhtar
Molana Muhammad saleem akhtar
zikra","zikra dar ul nashr,zikra trjuma quran,urdu trjuma quran,friday class zikra,zikra friday class,Surah Al-Muminun with Urdu Translation,Surah Al-Muminun 23 to 32,Ruku 2 Surah Al-Muminun,Trjuma Surah Al-Muminun 23 to 32 with Urdu Translation,Trjuma 23 to 32 Surah Al-Muminun,Surah Al-Muminun Urdu trjuma,Urdu trjuma Surah Al-Muminun,Urdu Translation Surah Al-Muminun Ayah 23 32,Surah Al-Muminun Urdu Trjuma 23 32,Ayah 23 to 32 Surah Al-Muminun",2024-09-23T14:00:17Z,PT9M26S,16
Y_zWUAsCUWE,Surah Al-Hajj with Urdu Translation - Ayah 73 To 78 Ruku No 10,"Tarjuma by :
Molana Muhammad Saleem Akhtar

FRIDAY CLASS PLAYLIST 
https://www.youtube.com/playlist?list=PLQowKeTNj5RHy5aDTVNMg2UP2Idoaz0Kj

Quran With Urdu Translation
PLAYLIST LIVE URDU TRJUMA QURAN 2023
https://www.youtube.com/playlist?list=PLQowKeTNj5RFktbc8r-Duku_qu5AzR1LG

Quran With Urdu Translation
 اردو ترجمہ قرآن

All platfoms we are live on
Zikra Social Media Links

YouTube
https://www.youtube.com/channel/UCLYuowOAkMxiPFNWEDzqldQ?view_as=subscriber

Facebook
https://www.facebook.com/Zikra-Dar-ul-nashr-ذکریٰ-دار-النشر-102479931673745/

Tags:
Zikra trjuma Quran
urdu trjuma quran by Zikra dar ul nashr
Ramzan Live Trjuma
Quran Urdu Hindi Translation
اردو ترجمہ قرآن
zikra dar ul nashr

#quranwithurdutranslation 
#friday  
#urdutarjuma

zikra friday class
trjuma by molana muhammad saleem akhtar
zikra trjuma quran
zikra darul nashr
zikra dar ul nashr
trjuma by zikra
Muhammad Saleem Akhtar
Molana Muhammad saleem akhtar
zikra","zikra dar ul nashr,zikra trjuma quran,urdu trjuma quran,friday class zikra,zikra friday class,Surah Al-Hajj with Urdu Translation,Surah Al-Hajj 73 to 78,Ruku 10 Surah Al-Hajj,Trjuma Surah Al-Hajj 73 to 78 with Urdu Translation,Trjuma 73 to 78 Surah Al-Hajj,Surah Al-Hajj Urdu trjuma,Urdu trjuma Surah Al-Hajj,Urdu Translation Surah Al-Hajj Ayah 73 78,Surah Al-Hajj Urdu Trjuma 73 78,Ayah 73 to 78 Surah Al-Hajj",2024-09-21T14:00:35Z,PT7M7S,5
s_QU3sJBhUE,Surah Al-Hajj with Urdu Translation - Ayah 65 To 72 Ruku No 9,"Tarjuma by :
Molana Muhammad Saleem Akhtar

FRIDAY CLASS PLAYLIST 
https://www.youtube.com/playlist?list=PLQowKeTNj5RHy5aDTVNMg2UP2Idoaz0Kj

Quran With Urdu Translation
PLAYLIST LIVE URDU TRJUMA QURAN 2023
https://www.youtube.com/playlist?list=PLQowKeTNj5RFktbc8r-Duku_qu5AzR1LG

Quran With Urdu Translation
 اردو ترجمہ قرآن

All platfoms we are live on
Zikra Social Media Links

YouTube
https://www.youtube.com/channel/UCLYuowOAkMxiPFNWEDzqldQ?view_as=subscriber

Facebook
https://www.facebook.com/Zikra-Dar-ul-nashr-ذکریٰ-دار-النشر-102479931673745/

Tags:
Zikra trjuma Quran
urdu trjuma quran by Zikra dar ul nashr
Ramzan Live Trjuma
Quran Urdu Hindi Translation
اردو ترجمہ قرآن
zikra dar ul nashr

#quranwithurdutranslation 
#friday  
#urdutarjuma

zikra friday class
trjuma by molana muhammad saleem akhtar
zikra trjuma quran
zikra darul nashr
zikra dar ul nashr
trjuma by zikra
Muhammad Saleem Akhtar
Molana Muhammad saleem akhtar
zikra","zikra dar ul nashr,zikra trjuma quran,urdu trjuma quran,friday class zikra,zikra friday class,Surah Al-Hajj with Urdu Translation,Surah Al-Hajj 65 to 72,Ruku 9 Surah Al-Hajj,Trjuma Surah Al-Hajj 65 to 72 with Urdu Translation,Trjuma 65 to 72 Surah Al-Hajj,Surah Al-Hajj Urdu trjuma,Urdu trjuma Surah Al-Hajj,Urdu Translation Surah Al-Hajj Ayah 65 72,Surah Al-Hajj Urdu Trjuma 65 72,Ayah 65 to 72 Surah Al-Hajj",2024-09-19T14:00:49Z,PT6M34S,6
6dW-W41Iy08,Surah Al-Hajj with Urdu Translation - Ayah 58 To 64 Ruku No 8,"Tarjuma by :
Molana Muhammad Saleem Akhtar

FRIDAY CLASS PLAYLIST 
https://www.youtube.com/playlist?list=PLQowKeTNj5RHy5aDTVNMg2UP2Idoaz0Kj

Quran With Urdu Translation
PLAYLIST LIVE URDU TRJUMA QURAN 2023
https://www.youtube.com/playlist?list=PLQowKeTNj5RFktbc8r-Duku_qu5AzR1LG

Quran With Urdu Translation
 اردو ترجمہ قرآن

All platfoms we are live on
Zikra Social Media Links

YouTube
https://www.youtube.com/channel/UCLYuowOAkMxiPFNWEDzqldQ?view_as=subscriber

Facebook
https://www.facebook.com/Zikra-Dar-ul-nashr-ذکریٰ-دار-النشر-102479931673745/

Tags:
Zikra trjuma Quran
urdu trjuma quran by Zikra dar ul nashr
Ramzan Live Trjuma
Quran Urdu Hindi Translation
اردو ترجمہ قرآن
zikra dar ul nashr

#quranwithurdutranslation 
#friday  
#urdutarjuma

zikra friday class
trjuma by molana muhammad saleem akhtar
zikra trjuma quran
zikra darul nashr
zikra dar ul nashr
trjuma by zikra
Muhammad Saleem Akhtar
Molana Muhammad saleem akhtar
zikra","zikra dar ul nashr,zikra trjuma quran,urdu trjuma quran,friday class zikra,zikra friday class,Surah Al-Hajj with Urdu Translation,Surah Al-Hajj 58 to 64,Ruku 8 Surah Al-Hajj,Trjuma Surah Al-Hajj 58 to 64 with Urdu Translation,Trjuma 58 to 64 Surah Al-Hajj,Surah Al-Hajj Urdu trjuma,Urdu trjuma Surah Al-Hajj,Urdu Translation Surah Al-Hajj Ayah 58 64,Surah Al-Hajj Urdu Trjuma 58 64,Ayah 58 to 64 Surah Al-Hajj",2024-09-18T14:00:09Z,PT4M47S,6
RfAjFubFBdo,Surah Al-Hajj with Urdu Translation - Ayah 39 To 48 Ruku No 6,"Tarjuma by :
Molana Muhammad Saleem Akhtar

FRIDAY CLASS PLAYLIST 
https://www.youtube.com/playlist?list=PLQowKeTNj5RHy5aDTVNMg2UP2Idoaz0Kj

Quran With Urdu Translation
PLAYLIST LIVE URDU TRJUMA QURAN 2023
https://www.youtube.com/playlist?list=PLQowKeTNj5RFktbc8r-Duku_qu5AzR1LG

Quran With Urdu Translation
 اردو ترجمہ قرآن

All platfoms we are live on
Zikra Social Media Links

YouTube
https://www.youtube.com/channel/UCLYuowOAkMxiPFNWEDzqldQ?view_as=subscriber

Facebook
https://www.facebook.com/Zikra-Dar-ul-nashr-ذکریٰ-دار-النشر-102479931673745/

Tags:
Zikra trjuma Quran
urdu trjuma quran by Zikra dar ul nashr
Ramzan Live Trjuma
Quran Urdu Hindi Translation
اردو ترجمہ قرآن
zikra dar ul nashr

#quranwithurdutranslation 
#friday  
#urdutarjuma

zikra friday class
trjuma by molana muhammad saleem akhtar
zikra trjuma quran
zikra darul nashr
zikra dar ul nashr
trjuma by zikra
Muhammad Saleem Akhtar
Molana Muhammad saleem akhtar
zikra","zikra dar ul nashr,zikra trjuma quran,urdu trjuma quran,friday class zikra,zikra friday class,Surah Al-Hajj with Urdu Translation,Surah Al-Hajj 39 to 48,Ruku 6 Surah Al-Hajj,Trjuma Surah Al-Hajj 39 to 48 with Urdu Translation,Trjuma 39 to 48 Surah Al-Hajj,Surah Al-Hajj Urdu trjuma,Urdu trjuma Surah Al-Hajj,Urdu Translation Surah Al-Hajj Ayah 39 48,Surah Al-Hajj Urdu Trjuma 39 48,Ayah 39 to 48 Surah Al-Hajj",2024-09-16T14:00:32Z,PT12M4S,25
g9WTRg_g1io,Surah Al-Hajj with Urdu Translation - Ayah 34 To 38 Ruku No 5,"Tarjuma by :
Molana Muhammad Saleem Akhtar

FRIDAY CLASS PLAYLIST 
https://www.youtube.com/playlist?list=PLQowKeTNj5RHy5aDTVNMg2UP2Idoaz0Kj

Quran With Urdu Translation
PLAYLIST LIVE URDU TRJUMA QURAN 2023
https://www.youtube.com/playlist?list=PLQowKeTNj5RFktbc8r-Duku_qu5AzR1LG

Quran With Urdu Translation
 اردو ترجمہ قرآن

All platfoms we are live on
Zikra Social Media Links

YouTube
https://www.youtube.com/channel/UCLYuowOAkMxiPFNWEDzqldQ?view_as=subscriber

Facebook
https://www.facebook.com/Zikra-Dar-ul-nashr-ذکریٰ-دار-النشر-102479931673745/

Tags:
Zikra trjuma Quran
urdu trjuma quran by Zikra dar ul nashr
Ramzan Live Trjuma
Quran Urdu Hindi Translation
اردو ترجمہ قرآن
zikra dar ul nashr

#quranwithurdutranslation 
#friday  
#urdutarjuma

zikra friday class
trjuma by molana muhammad saleem akhtar
zikra trjuma quran
zikra darul nashr
zikra dar ul nashr
trjuma by zikra
Muhammad Saleem Akhtar
Molana Muhammad saleem akhtar
zikra","zikra dar ul nashr,zikra trjuma quran,urdu trjuma quran,friday class zikra,zikra friday class,Surah Al-Hajj with Urdu Translation,Surah Al-Hajj 34 to 38,Ruku 5 Surah Al-Hajj,Trjuma Surah Al-Hajj 34 to 38 with Urdu Translation,Trjuma 34 to 38 Surah Al-Hajj,Surah Al-Hajj Urdu trjuma,Urdu trjuma Surah Al-Hajj,Urdu Translation Surah Al-Hajj Ayah 34 38,Surah Al-Hajj Urdu Trjuma 34 38,Ayah 34 to 38 Surah Al-Hajj",2024-09-15T14:00:29Z,PT7M13S,6
TeVZRYMHxAk,Live 2024 - Parah 23 Ruba 1 Urdu Trjuma Quran | Zikra Dar Ul Nashr,"Urdu Trjuma #live #zikra #quranlive #quran #livetarjuma #youtubelive
#zikradarulnashr #urdutajuma #quraninurdu
Zikra Dar Ul Nashr",,2024-09-13T14:39:10Z,PT18M32S,11
cGVy5y9EXyM,Surah Al-Hajj with Urdu Translation - Ayah 11 To 22 Ruku No 2,"Tarjuma by :
Molana Muhammad Saleem Akhtar

FRIDAY CLASS PLAYLIST 
https://www.youtube.com/playlist?list=PLQowKeTNj5RHy5aDTVNMg2UP2Idoaz0Kj

Quran With Urdu Translation
PLAYLIST LIVE URDU TRJUMA QURAN 2023
https://www.youtube.com/playlist?list=PLQowKeTNj5RFktbc8r-Duku_qu5AzR1LG

Quran With Urdu Translation
 اردو ترجمہ قرآن

All platfoms we are live on
Zikra Social Media Links

YouTube
https://www.youtube.com/channel/UCLYuowOAkMxiPFNWEDzqldQ?view_as=subscriber

Facebook
https://www.facebook.com/Zikra-Dar-ul-nashr-ذکریٰ-دار-النشر-102479931673745/

Tags:
Zikra trjuma Quran
urdu trjuma quran by Zikra dar ul nashr
Ramzan Live Trjuma
Quran Urdu Hindi Translation
اردو ترجمہ قرآن
zikra dar ul nashr

#quranwithurdutranslation 
#friday  
#urdutarjuma

zikra friday class
trjuma by molana muhammad saleem akhtar
zikra trjuma quran
zikra darul nashr
zikra dar ul nashr
trjuma by zikra
Muhammad Saleem Akhtar
Molana Muhammad saleem akhtar
zikra","zikra dar ul nashr,zikra trjuma quran,urdu trjuma quran,friday class zikra,zikra friday class,Surah Al-Hajj with Urdu Translation,Surah Al-Hajj 11 to 22,Ruku 2 Surah Al-Hajj,Trjuma Surah Al-Hajj 11 to 22 with Urdu Translation,Trjuma 11 to 22 Surah Al-Hajj,Surah Al-Hajj Urdu trjuma,Urdu trjuma Surah Al-Hajj,Urdu Translation Surah Al-Hajj Ayah 11 22,Surah Al-Hajj Urdu Trjuma 11 22,Ayah 11 to 22 Surah Al-Hajj",2024-09-11T14:00:38Z,PT11M47S,5
wl4MQ546ul4,Surah Al-Anbiyaa with Urdu Translation - Ayah 94 To 112 Ruku No 7,"Tarjuma by :
Molana Muhammad Saleem Akhtar

FRIDAY CLASS PLAYLIST 
https://www.youtube.com/playlist?list=PLQowKeTNj5RHy5aDTVNMg2UP2Idoaz0Kj

Quran With Urdu Translation
PLAYLIST LIVE URDU TRJUMA QURAN 2023
https://www.youtube.com/playlist?list=PLQowKeTNj5RFktbc8r-Duku_qu5AzR1LG

Quran With Urdu Translation
 اردو ترجمہ قرآن

All platfoms we are live on
Zikra Social Media Links

YouTube
https://www.youtube.com/channel/UCLYuowOAkMxiPFNWEDzqldQ?view_as=subscriber

Facebook
https://www.facebook.com/Zikra-Dar-ul-nashr-ذکریٰ-دار-النشر-102479931673745/

Tags:
Zikra trjuma Quran
urdu trjuma quran by Zikra dar ul nashr
Ramzan Live Trjuma
Quran Urdu Hindi Translation
اردو ترجمہ قرآن
zikra dar ul nashr

#quranwithurdutranslation 
#friday  
#urdutarjuma

zikra friday class
trjuma by molana muhammad saleem akhtar
zikra trjuma quran
zikra darul nashr
zikra dar ul nashr
trjuma by zikra
Muhammad Saleem Akhtar
Molana Muhammad saleem akhtar
zikra","zikra dar ul nashr,zikra trjuma quran,urdu trjuma quran,friday class zikra,zikra friday class,Surah Al-Anbiyaa with Urdu Translation,Surah Al-Anbiyaa 94 to 112,Ruku 7 Surah Al-Anbiyaa,Trjuma Surah Al-Anbiyaa 94 to 112 with Urdu Translation,Trjuma 94 to 112 Surah Al-Anbiyaa,Surah Al-Anbiyaa Urdu trjuma,Urdu trjuma Surah Al-Anbiyaa,Urdu Translation Surah Al-Anbiyaa Ayah 94 112,Surah Al-Anbiyaa Urdu Trjuma 94 112,Ayah 94 to 112 Surah Al-Anbiyaa",2024-09-09T14:00:55Z,PT13M50S,18
o9kTEjV6hkc,Surah Al-Anbiyaa with Urdu Translation - Ayah 76 To 93 Ruku No 6,"Tarjuma by :
Molana Muhammad Saleem Akhtar

FRIDAY CLASS PLAYLIST 
https://www.youtube.com/playlist?list=PLQowKeTNj5RHy5aDTVNMg2UP2Idoaz0Kj

Quran With Urdu Translation
PLAYLIST LIVE URDU TRJUMA QURAN 2023
https://www.youtube.com/playlist?list=PLQowKeTNj5RFktbc8r-Duku_qu5AzR1LG

Quran With Urdu Translation
 اردو ترجمہ قرآن

All platfoms we are live on
Zikra Social Media Links

YouTube
https://www.youtube.com/channel/UCLYuowOAkMxiPFNWEDzqldQ?view_as=subscriber

Facebook
https://www.facebook.com/Zikra-Dar-ul-nashr-ذکریٰ-دار-النشر-102479931673745/

Tags:
Zikra trjuma Quran
urdu trjuma quran by Zikra dar ul nashr
Ramzan Live Trjuma
Quran Urdu Hindi Translation
اردو ترجمہ قرآن
zikra dar ul nashr

#quranwithurdutranslation 
#friday  
#urdutarjuma

zikra friday class
trjuma by molana muhammad saleem akhtar
zikra trjuma quran
zikra darul nashr
zikra dar ul nashr
trjuma by zikra
Muhammad Saleem Akhtar
Molana Muhammad saleem akhtar
zikra","zikra dar ul nashr,zikra trjuma quran,urdu trjuma quran,friday class zikra,zikra friday class,Surah Al-Anbiyaa with Urdu Translation,Surah Al-Anbiyaa 76 to 93,Ruku 6 Surah Al-Anbiyaa,Trjuma Surah Al-Anbiyaa 76 to 93 with Urdu Translation,Trjuma 76 to 93 Surah Al-Anbiyaa,Surah Al-Anbiyaa Urdu trjuma,Urdu trjuma Surah Al-Anbiyaa,Urdu Translation Surah Al-Anbiyaa Ayah 76 93,Surah Al-Anbiyaa Urdu Trjuma 76 93,Ayah 76 to 93 Surah Al-Anbiyaa",2024-09-08T14:00:40Z,PT17M29S,5
VN2WXbUdFUk,Surah Al-Anbiyaa with Urdu Translation - Ayah 51 To 75 Ruku No 5,"Tarjuma by :
Molana Muhammad Saleem Akhtar

FRIDAY CLASS PLAYLIST 
https://www.youtube.com/playlist?list=PLQowKeTNj5RHy5aDTVNMg2UP2Idoaz0Kj

Quran With Urdu Translation
PLAYLIST LIVE URDU TRJUMA QURAN 2023
https://www.youtube.com/playlist?list=PLQowKeTNj5RFktbc8r-Duku_qu5AzR1LG

Quran With Urdu Translation
 اردو ترجمہ قرآن

All platfoms we are live on
Zikra Social Media Links

YouTube
https://www.youtube.com/channel/UCLYuowOAkMxiPFNWEDzqldQ?view_as=subscriber

Facebook
https://www.facebook.com/Zikra-Dar-ul-nashr-ذکریٰ-دار-النشر-102479931673745/

Tags:
Zikra trjuma Quran
urdu trjuma quran by Zikra dar ul nashr
Ramzan Live Trjuma
Quran Urdu Hindi Translation
اردو ترجمہ قرآن
zikra dar ul nashr

#quranwithurdutranslation 
#friday  
#urdutarjuma

zikra friday class
trjuma by molana muhammad saleem akhtar
zikra trjuma quran
zikra darul nashr
zikra dar ul nashr
trjuma by zikra
Muhammad Saleem Akhtar
Molana Muhammad saleem akhtar
zikra","zikra dar ul nashr,zikra trjuma quran,urdu trjuma quran,friday class zikra,zikra friday class,Surah Al-Anbiyaa with Urdu Translation,Surah Al-Anbiyaa 51 to 75,Ruku 5 Surah Al-Anbiyaa,Trjuma Surah Al-Anbiyaa 51 to 75 with Urdu Translation,Trjuma 51 to 75 Surah Al-Anbiyaa,Surah Al-Anbiyaa Urdu trjuma,Urdu trjuma Surah Al-Anbiyaa,Urdu Translation Surah Al-Anbiyaa Ayah 51 75,Surah Al-Anbiyaa Urdu Trjuma 51 75,Ayah 51 to 75 Surah Al-Anbiyaa",2024-09-07T14:00:21Z,PT22M11S,6
sLkHoOXFdxk,Surah Al-Anbiyaa with Urdu Translation - Ayah 30 To 41 Ruku No 3,"Tarjuma by :
Molana Muhammad Saleem Akhtar

FRIDAY CLASS PLAYLIST 
https://www.youtube.com/playlist?list=PLQowKeTNj5RHy5aDTVNMg2UP2Idoaz0Kj

Quran With Urdu Translation
PLAYLIST LIVE URDU TRJUMA QURAN 2023
https://www.youtube.com/playlist?list=PLQowKeTNj5RFktbc8r-Duku_qu5AzR1LG

Quran With Urdu Translation
 اردو ترجمہ قرآن

All platfoms we are live on
Zikra Social Media Links

YouTube
https://www.youtube.com/channel/UCLYuowOAkMxiPFNWEDzqldQ?view_as=subscriber

Facebook
https://www.facebook.com/Zikra-Dar-ul-nashr-ذکریٰ-دار-النشر-102479931673745/

Tags:
Zikra trjuma Quran
urdu trjuma quran by Zikra dar ul nashr
Ramzan Live Trjuma
Quran Urdu Hindi Translation
اردو ترجمہ قرآن
zikra dar ul nashr

#quranwithurdutranslation 
#friday  
#urdutarjuma

zikra friday class
trjuma by molana muhammad saleem akhtar
zikra trjuma quran
zikra darul nashr
zikra dar ul nashr
trjuma by zikra
Muhammad Saleem Akhtar
Molana Muhammad saleem akhtar
zikra","zikra dar ul nashr,zikra trjuma quran,urdu trjuma quran,friday class zikra,zikra friday class,Surah Al-Anbiyaa with Urdu Translation,Surah Al-Anbiyaa 30 to 41,Ruku 3 Surah Al-Anbiyaa,Trjuma Surah Al-Anbiyaa 30 to 41 with Urdu Translation,Trjuma 30 to 41 Surah Al-Anbiyaa,Surah Al-Anbiyaa Urdu trjuma,Urdu trjuma Surah Al-Anbiyaa,Urdu Translation Surah Al-Anbiyaa Ayah 30 41,Surah Al-Anbiyaa Urdu Trjuma 30 41,Ayah 30 to 41 Surah Al-Anbiyaa",2024-09-04T14:00:53Z,PT9M26S,10
NHIJbxPeRxA,Surah Al-Anbiyaa with Urdu Translation - Ayah 11 To 29 Ruku No 2,"Tarjuma by :
Molana Muhammad Saleem Akhtar

FRIDAY CLASS PLAYLIST 
https://www.youtube.com/playlist?list=PLQowKeTNj5RHy5aDTVNMg2UP2Idoaz0Kj

Quran With Urdu Translation
PLAYLIST LIVE URDU TRJUMA QURAN 2023
https://www.youtube.com/playlist?list=PLQowKeTNj5RFktbc8r-Duku_qu5AzR1LG

Quran With Urdu Translation
 اردو ترجمہ قرآن

All platfoms we are live on
Zikra Social Media Links

YouTube
https://www.youtube.com/channel/UCLYuowOAkMxiPFNWEDzqldQ?view_as=subscriber

Facebook
https://www.facebook.com/Zikra-Dar-ul-nashr-ذکریٰ-دار-النشر-102479931673745/

Tags:
Zikra trjuma Quran
urdu trjuma quran by Zikra dar ul nashr
Ramzan Live Trjuma
Quran Urdu Hindi Translation
اردو ترجمہ قرآن
zikra dar ul nashr

#quranwithurdutranslation 
#friday  
#urdutarjuma

zikra friday class
trjuma by molana muhammad saleem akhtar
zikra trjuma quran
zikra darul nashr
zikra dar ul nashr
trjuma by zikra
Muhammad Saleem Akhtar
Molana Muhammad saleem akhtar
zikra","zikra dar ul nashr,zikra trjuma quran,urdu trjuma quran,friday class zikra,zikra friday class,Surah Al-Anbiyaa with Urdu Translation,Surah Al-Anbiyaa 11 to 29,Ruku 2 Surah Al-Anbiyaa,Trjuma Surah Al-Anbiyaa 11 to 29 with Urdu Translation,Trjuma 11 to 29 Surah Al-Anbiyaa,Surah Al-Anbiyaa Urdu trjuma,Urdu trjuma Surah Al-Anbiyaa,Urdu Translation Surah Al-Anbiyaa Ayah 11 29,Surah Al-Anbiyaa Urdu Trjuma 11 29,Ayah 11 to 29 Surah Al-Anbiyaa",2024-09-03T14:00:31Z,PT13M4S,4
GeWzpWYYAE8,Surah Ta-ha with Urdu Translation - Ayah 129 To 135 Ruku No 8,"Tarjuma by :
Molana Muhammad Saleem Akhtar

FRIDAY CLASS PLAYLIST 
https://www.youtube.com/playlist?list=PLQowKeTNj5RHy5aDTVNMg2UP2Idoaz0Kj

Quran With Urdu Translation
PLAYLIST LIVE URDU TRJUMA QURAN 2023
https://www.youtube.com/playlist?list=PLQowKeTNj5RFktbc8r-Duku_qu5AzR1LG

Quran With Urdu Translation
 اردو ترجمہ قرآن

All platfoms we are live on
Zikra Social Media Links

YouTube
https://www.youtube.com/channel/UCLYuowOAkMxiPFNWEDzqldQ?view_as=subscriber

Facebook
https://www.facebook.com/Zikra-Dar-ul-nashr-ذکریٰ-دار-النشر-102479931673745/

Tags:
Zikra trjuma Quran
urdu trjuma quran by Zikra dar ul nashr
Ramzan Live Trjuma
Quran Urdu Hindi Translation
اردو ترجمہ قرآن
zikra dar ul nashr

#quranwithurdutranslation 
#friday  
#urdutarjuma

zikra friday class
trjuma by molana muhammad saleem akhtar
zikra trjuma quran
zikra darul nashr
zikra dar ul nashr
trjuma by zikra
Muhammad Saleem Akhtar
Molana Muhammad saleem akhtar
zikra","zikra dar ul nashr,zikra trjuma quran,urdu trjuma quran,friday class zikra,zikra friday class,Surah Ta-ha with Urdu Translation,Surah Ta-ha 129 to 135,Ruku 8 Surah Ta-ha,Trjuma Surah Ta-ha 129 to 135 with Urdu Translation,Trjuma 129 to 135 Surah Ta-ha,Surah Ta-ha Urdu trjuma,Urdu trjuma Surah Ta-ha,Urdu Translation Surah Ta-ha Ayah 129 135,Surah Ta-ha Urdu Trjuma 129 135,Ayah 129 to 135 Surah Ta-ha",2024-09-01T14:00:10Z,PT5M4S,11
9VE1fG9eEpo,Surah Ta-ha with Urdu Translation - Ayah 116 To 128 Ruku No 7,"Tarjuma by :
Molana Muhammad Saleem Akhtar

FRIDAY CLASS PLAYLIST 
https://www.youtube.com/playlist?list=PLQowKeTNj5RHy5aDTVNMg2UP2Idoaz0Kj

Quran With Urdu Translation
PLAYLIST LIVE URDU TRJUMA QURAN 2023
https://www.youtube.com/playlist?list=PLQowKeTNj5RFktbc8r-Duku_qu5AzR1LG

Quran With Urdu Translation
 اردو ترجمہ قرآن

All platfoms we are live on
Zikra Social Media Links

YouTube
https://www.youtube.com/channel/UCLYuowOAkMxiPFNWEDzqldQ?view_as=subscriber

Facebook
https://www.facebook.com/Zikra-Dar-ul-nashr-ذکریٰ-دار-النشر-102479931673745/

Tags:
Zikra trjuma Quran
urdu trjuma quran by Zikra dar ul nashr
Ramzan Live Trjuma
Quran Urdu Hindi Translation
اردو ترجمہ قرآن
zikra dar ul nashr

#quranwithurdutranslation 
#friday  
#urdutarjuma

zikra friday class
trjuma by molana muhammad saleem akhtar
zikra trjuma quran
zikra darul nashr
zikra dar ul nashr
trjuma by zikra
Muhammad Saleem Akhtar
Molana Muhammad saleem akhtar
zikra","zikra dar ul nashr,zikra trjuma quran,urdu trjuma quran,friday class zikra,zikra friday class,Surah Ta-ha with Urdu Translation,Surah Ta-ha 116 to 128,Ruku 7 Surah Ta-ha,Trjuma Surah Ta-ha 116 to 128 with Urdu Translation,Trjuma 116 to 128 Surah Ta-ha,Surah Ta-ha Urdu trjuma,Urdu trjuma Surah Ta-ha,Urdu Translation Surah Ta-ha Ayah 116 128,Surah Ta-ha Urdu Trjuma 116 128,Ayah 116 to 128 Surah Ta-ha",2024-08-31T14:00:08Z,PT8M53S,5
fbYA0nzVFeU,Live 2024 - Parah 22 Ruba 3 Urdu Trjuma Quran | Zikra Dar Ul Nashr,"Urdu Trjuma #live #zikra #quranlive #quran #livetarjuma #youtubelive
#zikradarulnashr #urdutajuma #quraninurdu
Zikra Dar Ul Nashr",,2024-08-31T03:24:25Z,PT44M30S,27
ciLbxu6eoE0,Surah Ta-ha with Urdu Translation - Ayah 105 To 115 Ruku No 6,"Tarjuma by :
Molana Muhammad Saleem Akhtar

FRIDAY CLASS PLAYLIST 
https://www.youtube.com/playlist?list=PLQowKeTNj5RHy5aDTVNMg2UP2Idoaz0Kj

Quran With Urdu Translation
PLAYLIST LIVE URDU TRJUMA QURAN 2023
https://www.youtube.com/playlist?list=PLQowKeTNj5RFktbc8r-Duku_qu5AzR1LG

Quran With Urdu Translation
 اردو ترجمہ قرآن

All platfoms we are live on
Zikra Social Media Links

YouTube
https://www.youtube.com/channel/UCLYuowOAkMxiPFNWEDzqldQ?view_as=subscriber

Facebook
https://www.facebook.com/Zikra-Dar-ul-nashr-ذکریٰ-دار-النشر-102479931673745/

Tags:
Zikra trjuma Quran
urdu trjuma quran by Zikra dar ul nashr
Ramzan Live Trjuma
Quran Urdu Hindi Translation
اردو ترجمہ قرآن
zikra dar ul nashr

#quranwithurdutranslation 
#friday  
#urdutarjuma

zikra friday class
trjuma by molana muhammad saleem akhtar
zikra trjuma quran
zikra darul nashr
zikra dar ul nashr
trjuma by zikra
Muhammad Saleem Akhtar
Molana Muhammad saleem akhtar
zikra","zikra dar ul nashr,zikra trjuma quran,urdu trjuma quran,friday class zikra,zikra friday class,Surah Ta-ha with Urdu Translation,Surah Ta-ha 105 to 115,Ruku 6 Surah Ta-ha,Trjuma Surah Ta-ha 105 to 115 with Urdu Translation,Trjuma 105 to 115 Surah Ta-ha,Surah Ta-ha Urdu trjuma,Urdu trjuma Surah Ta-ha,Urdu Translation Surah Ta-ha Ayah 105 115,Surah Ta-ha Urdu Trjuma 105 115,Ayah 105 to 115 Surah Ta-ha",2024-08-29T14:00:38Z,PT6M12S,3
ub2IbBB2rl8,Surah Ta-ha with Urdu Translation - Ayah 77 To 89 Ruku No 4,"Tarjuma by :
Molana Muhammad Saleem Akhtar

FRIDAY CLASS PLAYLIST 
https://www.youtube.com/playlist?list=PLQowKeTNj5RHy5aDTVNMg2UP2Idoaz0Kj

Quran With Urdu Translation
PLAYLIST LIVE URDU TRJUMA QURAN 2023
https://www.youtube.com/playlist?list=PLQowKeTNj5RFktbc8r-Duku_qu5AzR1LG

Quran With Urdu Translation
 اردو ترجمہ قرآن

All platfoms we are live on
Zikra Social Media Links

YouTube
https://www.youtube.com/channel/UCLYuowOAkMxiPFNWEDzqldQ?view_as=subscriber

Facebook
https://www.facebook.com/Zikra-Dar-ul-nashr-ذکریٰ-دار-النشر-102479931673745/

Tags:
Zikra trjuma Quran
urdu trjuma quran by Zikra dar ul nashr
Ramzan Live Trjuma
Quran Urdu Hindi Translation
اردو ترجمہ قرآن
zikra dar ul nashr

#quranwithurdutranslation 
#friday  
#urdutarjuma

zikra friday class
trjuma by molana muhammad saleem akhtar
zikra trjuma quran
zikra darul nashr
zikra dar ul nashr
trjuma by zikra
Muhammad Saleem Akhtar
Molana Muhammad saleem akhtar
zikra","zikra dar ul nashr,zikra trjuma quran,urdu trjuma quran,friday class zikra,zikra friday class,Surah Ta-ha with Urdu Translation,Surah Ta-ha 77 to 89,Ruku 4 Surah Ta-ha,Trjuma Surah Ta-ha 77 to 89 with Urdu Translation,Trjuma 77 to 89 Surah Ta-ha,Surah Ta-ha Urdu trjuma,Urdu trjuma Surah Ta-ha,Urdu Translation Surah Ta-ha Ayah 77 89,Surah Ta-ha Urdu Trjuma 77 89,Ayah 77 to 89 Surah Ta-ha",2024-08-27T14:00:48Z,PT15M20S,7
bxOsUpEj3rc,Surah Ta-ha with Urdu Translation - Ayah 25 To 54 Ruku No 2,"Tarjuma by :
Molana Muhammad Saleem Akhtar

FRIDAY CLASS PLAYLIST 
https://www.youtube.com/playlist?list=PLQowKeTNj5RHy5aDTVNMg2UP2Idoaz0Kj

Quran With Urdu Translation
PLAYLIST LIVE URDU TRJUMA QURAN 2023
https://www.youtube.com/playlist?list=PLQowKeTNj5RFktbc8r-Duku_qu5AzR1LG

Quran With Urdu Translation
 اردو ترجمہ قرآن

All platfoms we are live on
Zikra Social Media Links

YouTube
https://www.youtube.com/channel/UCLYuowOAkMxiPFNWEDzqldQ?view_as=subscriber

Facebook
https://www.facebook.com/Zikra-Dar-ul-nashr-ذکریٰ-دار-النشر-102479931673745/

Tags:
Zikra trjuma Quran
urdu trjuma quran by Zikra dar ul nashr
Ramzan Live Trjuma
Quran Urdu Hindi Translation
اردو ترجمہ قرآن
zikra dar ul nashr

#quranwithurdutranslation 
#friday  
#urdutarjuma

zikra friday class
trjuma by molana muhammad saleem akhtar
zikra trjuma quran
zikra darul nashr
zikra dar ul nashr
trjuma by zikra
Muhammad Saleem Akhtar
Molana Muhammad saleem akhtar
zikra","zikra dar ul nashr,zikra trjuma quran,urdu trjuma quran,friday class zikra,zikra friday class,Surah Ta-ha with Urdu Translation,Surah Ta-ha 25 to 54,Ruku 2 Surah Ta-ha,Trjuma Surah Ta-ha 25 to 54 with Urdu Translation,Trjuma 25 to 54 Surah Ta-ha,Surah Ta-ha Urdu trjuma,Urdu trjuma Surah Ta-ha,Urdu Translation Surah Ta-ha Ayah 25 54,Surah Ta-ha Urdu Trjuma 25 54,Ayah 25 to 54 Surah Ta-ha",2024-08-25T14:00:33Z,PT16M15S,7
iM9Mn_zDZhw,Live 2024 - Parah 22 Ruba 2 Urdu Trjuma Quran | Zikra Dar Ul Nashr,"Urdu Trjuma #live #zikra #quranlive #quran #livetarjuma #youtubelive
#zikradarulnashr #urdutajuma #quraninurdu
Zikra Dar Ul Nashr",,2024-08-24T03:47:55Z,PT52M15S,31
Ac6NIzFbiuw,Surah Maryam with Urdu Translation - Ayah 83 To 98 Ruku No 6,"Tarjuma by :
Molana Muhammad Saleem Akhtar

FRIDAY CLASS PLAYLIST 
https://www.youtube.com/playlist?list=PLQowKeTNj5RHy5aDTVNMg2UP2Idoaz0Kj

Quran With Urdu Translation
PLAYLIST LIVE URDU TRJUMA QURAN 2023
https://www.youtube.com/playlist?list=PLQowKeTNj5RFktbc8r-Duku_qu5AzR1LG

Quran With Urdu Translation
 اردو ترجمہ قرآن

All platfoms we are live on
Zikra Social Media Links

YouTube
https://www.youtube.com/channel/UCLYuowOAkMxiPFNWEDzqldQ?view_as=subscriber

Facebook
https://www.facebook.com/Zikra-Dar-ul-nashr-ذکریٰ-دار-النشر-102479931673745/

Tags:
Zikra trjuma Quran
urdu trjuma quran by Zikra dar ul nashr
Ramzan Live Trjuma
Quran Urdu Hindi Translation
اردو ترجمہ قرآن
zikra dar ul nashr

#quranwithurdutranslation 
#friday  
#urdutarjuma

zikra friday class
trjuma by molana muhammad saleem akhtar
zikra trjuma quran
zikra darul nashr
zikra dar ul nashr
trjuma by zikra
Muhammad Saleem Akhtar
Molana Muhammad saleem akhtar
zikra","zikra dar ul nashr,zikra trjuma quran,urdu trjuma quran,friday class zikra,zikra friday class,Surah Maryam with Urdu Translation,Surah Maryam 83 to 98,Ruku 6 Surah Maryam,Trjuma Surah Maryam 83 to 98 with Urdu Translation,Trjuma 83 to 98 Surah Maryam,Surah Maryam Urdu trjuma,Urdu trjuma Surah Maryam,Urdu Translation Surah Maryam Ayah 83 98,Surah Maryam Urdu Trjuma 83 98,Ayah 83 to 98 Surah Maryam",2024-08-22T14:00:16Z,PT6M8S,10
wHBwNj_sp9c,Surah Maryam with Urdu Translation - Ayah 66 To 82 Ruku No 5,"Tarjuma by :
Molana Muhammad Saleem Akhtar

FRIDAY CLASS PLAYLIST 
https://www.youtube.com/playlist?list=PLQowKeTNj5RHy5aDTVNMg2UP2Idoaz0Kj

Quran With Urdu Translation
PLAYLIST LIVE URDU TRJUMA QURAN 2023
https://www.youtube.com/playlist?list=PLQowKeTNj5RFktbc8r-Duku_qu5AzR1LG

Quran With Urdu Translation
 اردو ترجمہ قرآن

All platfoms we are live on
Zikra Social Media Links

YouTube
https://www.youtube.com/channel/UCLYuowOAkMxiPFNWEDzqldQ?view_as=subscriber

Facebook
https://www.facebook.com/Zikra-Dar-ul-nashr-ذکریٰ-دار-النشر-102479931673745/

Tags:
Zikra trjuma Quran
urdu trjuma quran by Zikra dar ul nashr
Ramzan Live Trjuma
Quran Urdu Hindi Translation
اردو ترجمہ قرآن
zikra dar ul nashr

#quranwithurdutranslation 
#friday  
#urdutarjuma

zikra friday class
trjuma by molana muhammad saleem akhtar
zikra trjuma quran
zikra darul nashr
zikra dar ul nashr
trjuma by zikra
Muhammad Saleem Akhtar
Molana Muhammad saleem akhtar
zikra","zikra dar ul nashr,zikra trjuma quran,urdu trjuma quran,friday class zikra,zikra friday class,Surah Maryam with Urdu Translation,Surah Maryam 66 to 82,Ruku 5 Surah Maryam,Trjuma Surah Maryam 66 to 82 with Urdu Translation,Trjuma 66 to 82 Surah Maryam,Surah Maryam Urdu trjuma,Urdu trjuma Surah Maryam,Urdu Translation Surah Maryam Ayah 66 82,Surah Maryam Urdu Trjuma 66 82,Ayah 66 to 82 Surah Maryam",2024-08-21T14:00:59Z,PT9M23S,5
_w6DAl2pkC0,Surah Maryam with Urdu Translation - Ayah 51 To 65 Ruku No 4,"Tarjuma by :
Molana Muhammad Saleem Akhtar

FRIDAY CLASS PLAYLIST 
https://www.youtube.com/playlist?list=PLQowKeTNj5RHy5aDTVNMg2UP2Idoaz0Kj

Quran With Urdu Translation
PLAYLIST LIVE URDU TRJUMA QURAN 2023
https://www.youtube.com/playlist?list=PLQowKeTNj5RFktbc8r-Duku_qu5AzR1LG

Quran With Urdu Translation
 اردو ترجمہ قرآن

All platfoms we are live on
Zikra Social Media Links

YouTube
https://www.youtube.com/channel/UCLYuowOAkMxiPFNWEDzqldQ?view_as=subscriber

Facebook
https://www.facebook.com/Zikra-Dar-ul-nashr-ذکریٰ-دار-النشر-102479931673745/

Tags:
Zikra trjuma Quran
urdu trjuma quran by Zikra dar ul nashr
Ramzan Live Trjuma
Quran Urdu Hindi Translation
اردو ترجمہ قرآن
zikra dar ul nashr

#quranwithurdutranslation 
#friday  
#urdutarjuma

zikra friday class
trjuma by molana muhammad saleem akhtar
zikra trjuma quran
zikra darul nashr
zikra dar ul nashr
trjuma by zikra
Muhammad Saleem Akhtar
Molana Muhammad saleem akhtar
zikra","zikra dar ul nashr,zikra trjuma quran,urdu trjuma quran,friday class zikra,zikra friday class,Surah Maryam with Urdu Translation,Surah Maryam 51 to 65,Ruku 4 Surah Maryam,Trjuma Surah Maryam 51 to 65 with Urdu Translation,Trjuma 51 to 65 Surah Maryam,Surah Maryam Urdu trjuma,Urdu trjuma Surah Maryam,Urdu Translation Surah Maryam Ayah 51 65,Surah Maryam Urdu Trjuma 51 65,Ayah 51 to 65 Surah Maryam",2024-08-20T14:00:36Z,PT8M10S,5
APXgU3Ge3QQ,Surah Maryam with Urdu Translation - Ayah 41 To 50 Ruku No 3,"Tarjuma by :
Molana Muhammad Saleem Akhtar

FRIDAY CLASS PLAYLIST 
https://www.youtube.com/playlist?list=PLQowKeTNj5RHy5aDTVNMg2UP2Idoaz0Kj

Quran With Urdu Translation
PLAYLIST LIVE URDU TRJUMA QURAN 2023
https://www.youtube.com/playlist?list=PLQowKeTNj5RFktbc8r-Duku_qu5AzR1LG

Quran With Urdu Translation
 اردو ترجمہ قرآن

All platfoms we are live on
Zikra Social Media Links

YouTube
https://www.youtube.com/channel/UCLYuowOAkMxiPFNWEDzqldQ?view_as=subscriber

Facebook
https://www.facebook.com/Zikra-Dar-ul-nashr-ذکریٰ-دار-النشر-102479931673745/

Tags:
Zikra trjuma Quran
urdu trjuma quran by Zikra dar ul nashr
Ramzan Live Trjuma
Quran Urdu Hindi Translation
اردو ترجمہ قرآن
zikra dar ul nashr

#quranwithurdutranslation 
#friday  
#urdutarjuma

zikra friday class
trjuma by molana muhammad saleem akhtar
zikra trjuma quran
zikra darul nashr
zikra dar ul nashr
trjuma by zikra
Muhammad Saleem Akhtar
Molana Muhammad saleem akhtar
zikra","zikra dar ul nashr,zikra trjuma quran,urdu trjuma quran,friday class zikra,zikra friday class,Surah Maryam with Urdu Translation,Surah Maryam 41 to 50,Ruku 3 Surah Maryam,Trjuma Surah Maryam 41 to 50 with Urdu Translation,Trjuma 41 to 50 Surah Maryam,Surah Maryam Urdu trjuma,Urdu trjuma Surah Maryam,Urdu Translation Surah Maryam Ayah 41 50,Surah Maryam Urdu Trjuma 41 50,Ayah 41 to 50 Surah Maryam",2024-08-19T14:00:09Z,PT5M37S,8
-rGIvr3Ygdk,Surah Maryam with Urdu Translation - Ayah 1 To 15 Ruku No 1,"Tarjuma by :
Molana Muhammad Saleem Akhtar

FRIDAY CLASS PLAYLIST 
https://www.youtube.com/playlist?list=PLQowKeTNj5RHy5aDTVNMg2UP2Idoaz0Kj

Quran With Urdu Translation
PLAYLIST LIVE URDU TRJUMA QURAN 2023
https://www.youtube.com/playlist?list=PLQowKeTNj5RFktbc8r-Duku_qu5AzR1LG

Quran With Urdu Translation
 اردو ترجمہ قرآن

All platfoms we are live on
Zikra Social Media Links

YouTube
https://www.youtube.com/channel/UCLYuowOAkMxiPFNWEDzqldQ?view_as=subscriber

Facebook
https://www.facebook.com/Zikra-Dar-ul-nashr-ذکریٰ-دار-النشر-102479931673745/

Tags:
Zikra trjuma Quran
urdu trjuma quran by Zikra dar ul nashr
Ramzan Live Trjuma
Quran Urdu Hindi Translation
اردو ترجمہ قرآن
zikra dar ul nashr

#quranwithurdutranslation 
#friday  
#urdutarjuma

zikra friday class
trjuma by molana muhammad saleem akhtar
zikra trjuma quran
zikra darul nashr
zikra dar ul nashr
trjuma by zikra
Muhammad Saleem Akhtar
Molana Muhammad saleem akhtar
zikra","zikra dar ul nashr,zikra trjuma quran,urdu trjuma quran,friday class zikra,zikra friday class,Surah Maryam with Urdu Translation,Surah Maryam 1 to 15,Ruku 1 Surah Maryam,Trjuma Surah Maryam 1 to 15 with Urdu Translation,Trjuma 1 to 15 Surah Maryam,Surah Maryam Urdu trjuma,Urdu trjuma Surah Maryam,Urdu Translation Surah Maryam Ayah 1 15,Surah Maryam Urdu Trjuma 1 15,Ayah 1 to 15 Surah Maryam",2024-08-17T14:00:00Z,PT6M38S,19
dgFH8iAL-Ko,Live 2024 - Parah 22 Ruba 1 Urdu Trjuma Quran | Zikra Dar Ul Nashr,"Urdu Trjuma #live #zikra #quranlive #quran #livetarjuma #youtubelive
#zikradarulnashr #urdutajuma #quraninurdu
Zikra Dar Ul Nashr",,2024-08-17T03:39:39Z,PT51M35S,52
Fc5HVTbEzLs,Surah Al-Kahf with Urdu Translation - Ayah 83 To 101 Ruku No 11,"Tarjuma by :
Molana Muhammad Saleem Akhtar

FRIDAY CLASS PLAYLIST 
https://www.youtube.com/playlist?list=PLQowKeTNj5RHy5aDTVNMg2UP2Idoaz0Kj

Quran With Urdu Translation
PLAYLIST LIVE URDU TRJUMA QURAN 2023
https://www.youtube.com/playlist?list=PLQowKeTNj5RFktbc8r-Duku_qu5AzR1LG

Quran With Urdu Translation
 اردو ترجمہ قرآن

All platfoms we are live on
Zikra Social Media Links

YouTube
https://www.youtube.com/channel/UCLYuowOAkMxiPFNWEDzqldQ?view_as=subscriber

Facebook
https://www.facebook.com/Zikra-Dar-ul-nashr-ذکریٰ-دار-النشر-102479931673745/

Tags:
Zikra trjuma Quran
urdu trjuma quran by Zikra dar ul nashr
Ramzan Live Trjuma
Quran Urdu Hindi Translation
اردو ترجمہ قرآن
zikra dar ul nashr

#quranwithurdutranslation 
#friday  
#urdutarjuma

zikra friday class
trjuma by molana muhammad saleem akhtar
zikra trjuma quran
zikra darul nashr
zikra dar ul nashr
trjuma by zikra
Muhammad Saleem Akhtar
Molana Muhammad saleem akhtar
zikra","zikra dar ul nashr,zikra trjuma quran,urdu trjuma quran,friday class zikra,zikra friday class,Surah Al-Kahf with Urdu Translation,Surah Al-Kahf 83 to 101,Ruku 11 Surah Al-Kahf,Trjuma Surah Al-Kahf 83 to 101 with Urdu Translation,Trjuma 83 to 101 Surah Al-Kahf,Surah Al-Kahf Urdu trjuma,Urdu trjuma Surah Al-Kahf,Urdu Translation Surah Al-Kahf Ayah 83 101,Surah Al-Kahf Urdu Trjuma 83 101,Ayah 83 to 101 Surah Al-Kahf",2024-08-14T14:00:22Z,PT16M40S,17
Y1Np7E2ql2I,Surah Al-Kahf with Urdu Translation - Ayah 71 To 82 Ruku No 10,"Tarjuma by :
Molana Muhammad Saleem Akhtar

FRIDAY CLASS PLAYLIST 
https://www.youtube.com/playlist?list=PLQowKeTNj5RHy5aDTVNMg2UP2Idoaz0Kj

Quran With Urdu Translation
PLAYLIST LIVE URDU TRJUMA QURAN 2023
https://www.youtube.com/playlist?list=PLQowKeTNj5RFktbc8r-Duku_qu5AzR1LG

Quran With Urdu Translation
 اردو ترجمہ قرآن

All platfoms we are live on
Zikra Social Media Links

YouTube
https://www.youtube.com/channel/UCLYuowOAkMxiPFNWEDzqldQ?view_as=subscriber

Facebook
https://www.facebook.com/Zikra-Dar-ul-nashr-ذکریٰ-دار-النشر-102479931673745/

Tags:
Zikra trjuma Quran
urdu trjuma quran by Zikra dar ul nashr
Ramzan Live Trjuma
Quran Urdu Hindi Translation
اردو ترجمہ قرآن
zikra dar ul nashr

#quranwithurdutranslation 
#friday  
#urdutarjuma

zikra friday class
trjuma by molana muhammad saleem akhtar
zikra trjuma quran
zikra darul nashr
zikra dar ul nashr
trjuma by zikra
Muhammad Saleem Akhtar
Molana Muhammad saleem akhtar
zikra","zikra dar ul nashr,zikra trjuma quran,urdu trjuma quran,friday class zikra,zikra friday class,Surah Al-Kahf with Urdu Translation,Surah Al-Kahf 71 to 82,Ruku 10 Surah Al-Kahf,Trjuma Surah Al-Kahf 71 to 82 with Urdu Translation,Trjuma 71 to 82 Surah Al-Kahf,Surah Al-Kahf Urdu trjuma,Urdu trjuma Surah Al-Kahf,Urdu Translation Surah Al-Kahf Ayah 71 82,Surah Al-Kahf Urdu Trjuma 71 82,Ayah 71 to 82 Surah Al-Kahf",2024-08-13T14:00:35Z,PT9M39S,22
QkLH1qn_2Oo,Surah Al-Kahf with Urdu Translation - Ayah 60 To 70 Ruku No 9,"Tarjuma by :
Molana Muhammad Saleem Akhtar

FRIDAY CLASS PLAYLIST 
https://www.youtube.com/playlist?list=PLQowKeTNj5RHy5aDTVNMg2UP2Idoaz0Kj

Quran With Urdu Translation
PLAYLIST LIVE URDU TRJUMA QURAN 2023
https://www.youtube.com/playlist?list=PLQowKeTNj5RFktbc8r-Duku_qu5AzR1LG

Quran With Urdu Translation
 اردو ترجمہ قرآن

All platfoms we are live on
Zikra Social Media Links

YouTube
https://www.youtube.com/channel/UCLYuowOAkMxiPFNWEDzqldQ?view_as=subscriber

Facebook
https://www.facebook.com/Zikra-Dar-ul-nashr-ذکریٰ-دار-النشر-102479931673745/

Tags:
Zikra trjuma Quran
urdu trjuma quran by Zikra dar ul nashr
Ramzan Live Trjuma
Quran Urdu Hindi Translation
اردو ترجمہ قرآن
zikra dar ul nashr

#quranwithurdutranslation 
#friday  
#urdutarjuma

zikra friday class
trjuma by molana muhammad saleem akhtar
zikra trjuma quran
zikra darul nashr
zikra dar ul nashr
trjuma by zikra
Muhammad Saleem Akhtar
Molana Muhammad saleem akhtar
zikra","zikra dar ul nashr,zikra trjuma quran,urdu trjuma quran,friday class zikra,zikra friday class,Surah Al-Kahf with Urdu Translation,Surah Al-Kahf 60 to 70,Ruku 9 Surah Al-Kahf,Trjuma Surah Al-Kahf 60 to 70 with Urdu Translation,Trjuma 60 to 70 Surah Al-Kahf,Surah Al-Kahf Urdu trjuma,Urdu trjuma Surah Al-Kahf,Urdu Translation Surah Al-Kahf Ayah 60 70,Surah Al-Kahf Urdu Trjuma 60 70,Ayah 60 to 70 Surah Al-Kahf",2024-08-12T14:00:23Z,PT10M4S,33
l33E123h8tY,Surah Al-Kahf with Urdu Translation - Ayah 54 To 59 Ruku No 8,"Tarjuma by :
Molana Muhammad Saleem Akhtar

FRIDAY CLASS PLAYLIST 
https://www.youtube.com/playlist?list=PLQowKeTNj5RHy5aDTVNMg2UP2Idoaz0Kj

Quran With Urdu Translation
PLAYLIST LIVE URDU TRJUMA QURAN 2023
https://www.youtube.com/playlist?list=PLQowKeTNj5RFktbc8r-Duku_qu5AzR1LG

Quran With Urdu Translation
 اردو ترجمہ قرآن

All platfoms we are live on
Zikra Social Media Links

YouTube
https://www.youtube.com/channel/UCLYuowOAkMxiPFNWEDzqldQ?view_as=subscriber

Facebook
https://www.facebook.com/Zikra-Dar-ul-nashr-ذکریٰ-دار-النشر-102479931673745/

Tags:
Zikra trjuma Quran
urdu trjuma quran by Zikra dar ul nashr
Ramzan Live Trjuma
Quran Urdu Hindi Translation
اردو ترجمہ قرآن
zikra dar ul nashr

#quranwithurdutranslation 
#friday  
#urdutarjuma

zikra friday class
trjuma by molana muhammad saleem akhtar
zikra trjuma quran
zikra darul nashr
zikra dar ul nashr
trjuma by zikra
Muhammad Saleem Akhtar
Molana Muhammad saleem akhtar
zikra","zikra dar ul nashr,zikra trjuma quran,urdu trjuma quran,friday class zikra,zikra friday class,Surah Al-Kahf with Urdu Translation,Surah Al-Kahf 54 to 59,Ruku 8 Surah Al-Kahf,Trjuma Surah Al-Kahf 54 to 59 with Urdu Translation,Trjuma 54 to 59 Surah Al-Kahf,Surah Al-Kahf Urdu trjuma,Urdu trjuma Surah Al-Kahf,Urdu Translation Surah Al-Kahf Ayah 54 59,Surah Al-Kahf Urdu Trjuma 54 59,Ayah 54 to 59 Surah Al-Kahf",2024-08-11T14:00:43Z,PT6M23S,43
-x5ML7kieyM,Surah Al-Kahf with Urdu Translation - Ayah 50 To 53 Ruku No 7,"Tarjuma by :
Molana Muhammad Saleem Akhtar

FRIDAY CLASS PLAYLIST 
https://www.youtube.com/playlist?list=PLQowKeTNj5RHy5aDTVNMg2UP2Idoaz0Kj

Quran With Urdu Translation
PLAYLIST LIVE URDU TRJUMA QURAN 2023
https://www.youtube.com/playlist?list=PLQowKeTNj5RFktbc8r-Duku_qu5AzR1LG

Quran With Urdu Translation
 اردو ترجمہ قرآن

All platfoms we are live on
Zikra Social Media Links

YouTube
https://www.youtube.com/channel/UCLYuowOAkMxiPFNWEDzqldQ?view_as=subscriber

Facebook
https://www.facebook.com/Zikra-Dar-ul-nashr-ذکریٰ-دار-النشر-102479931673745/

Tags:
Zikra trjuma Quran
urdu trjuma quran by Zikra dar ul nashr
Ramzan Live Trjuma
Quran Urdu Hindi Translation
اردو ترجمہ قرآن
zikra dar ul nashr

#quranwithurdutranslation 
#friday  
#urdutarjuma

zikra friday class
trjuma by molana muhammad saleem akhtar
zikra trjuma quran
zikra darul nashr
zikra dar ul nashr
trjuma by zikra
Muhammad Saleem Akhtar
Molana Muhammad saleem akhtar
zikra","zikra dar ul nashr,zikra trjuma quran,urdu trjuma quran,friday class zikra,zikra friday class,Surah Al-Kahf with Urdu Translation,Surah Al-Kahf 50 to 53,Ruku 7 Surah Al-Kahf,Trjuma Surah Al-Kahf 50 to 53 with Urdu Translation,Trjuma 50 to 53 Surah Al-Kahf,Surah Al-Kahf Urdu trjuma,Urdu trjuma Surah Al-Kahf,Urdu Translation Surah Al-Kahf Ayah 50 53,Surah Al-Kahf Urdu Trjuma 50 53,Ayah 50 to 53 Surah Al-Kahf",2024-08-10T14:00:00Z,PT4M28S,28
KvUXhGnN4RU,Live 2024 - Parah 21 Ruba 4 Urdu Trjuma Quran | Zikra Dar Ul Nashr,"Urdu Trjuma #live #zikra #quranlive #quran #livetarjuma #youtubelive
#zikradarulnashr #urdutajuma #quraninurdu
Zikra Dar Ul Nashr",,2024-08-10T03:52:29Z,PT54M51S,42
I5ozLOsBoQY,Surah Al-Kahf with Urdu Translation - Ayah 23 To 31 Ruku No 4,"Tarjuma by :
Molana Muhammad Saleem Akhtar

FRIDAY CLASS PLAYLIST 
https://www.youtube.com/playlist?list=PLQowKeTNj5RHy5aDTVNMg2UP2Idoaz0Kj

Quran With Urdu Translation
PLAYLIST LIVE URDU TRJUMA QURAN 2023
https://www.youtube.com/playlist?list=PLQowKeTNj5RFktbc8r-Duku_qu5AzR1LG

Quran With Urdu Translation
 اردو ترجمہ قرآن

All platfoms we are live on
Zikra Social Media Links

YouTube
https://www.youtube.com/channel/UCLYuowOAkMxiPFNWEDzqldQ?view_as=subscriber

Facebook
https://www.facebook.com/Zikra-Dar-ul-nashr-ذکریٰ-دار-النشر-102479931673745/

Tags:
Zikra trjuma Quran
urdu trjuma quran by Zikra dar ul nashr
Ramzan Live Trjuma
Quran Urdu Hindi Translation
اردو ترجمہ قرآن
zikra dar ul nashr

#quranwithurdutranslation 
#friday  
#urdutarjuma

zikra friday class
trjuma by molana muhammad saleem akhtar
zikra trjuma quran
zikra darul nashr
zikra dar ul nashr
trjuma by zikra
Muhammad Saleem Akhtar
Molana Muhammad saleem akhtar
zikra","zikra dar ul nashr,zikra trjuma quran,urdu trjuma quran,friday class zikra,zikra friday class,Surah Al-Kahf with Urdu Translation,Surah Al-Kahf 23 to 31,Ruku 4 Surah Al-Kahf,Trjuma Surah Al-Kahf 23 to 31 with Urdu Translation,Trjuma 23 to 31 Surah Al-Kahf,Surah Al-Kahf Urdu trjuma,Urdu trjuma Surah Al-Kahf,Urdu Translation Surah Al-Kahf Ayah 23 31,Surah Al-Kahf Urdu Trjuma 23 31,Ayah 23 to 31 Surah Al-Kahf",2024-08-06T14:00:21Z,PT8M32S,25
wzYd8HE4pGU,Surah Al-Kahf with Urdu Translation - Ayah 18 To 22 Ruku No 3,"Tarjuma by :
Molana Muhammad Saleem Akhtar

FRIDAY CLASS PLAYLIST 
https://www.youtube.com/playlist?list=PLQowKeTNj5RHy5aDTVNMg2UP2Idoaz0Kj

Quran With Urdu Translation
PLAYLIST LIVE URDU TRJUMA QURAN 2023
https://www.youtube.com/playlist?list=PLQowKeTNj5RFktbc8r-Duku_qu5AzR1LG

Quran With Urdu Translation
 اردو ترجمہ قرآن

All platfoms we are live on
Zikra Social Media Links

YouTube
https://www.youtube.com/channel/UCLYuowOAkMxiPFNWEDzqldQ?view_as=subscriber

Facebook
https://www.facebook.com/Zikra-Dar-ul-nashr-ذکریٰ-دار-النشر-102479931673745/

Tags:
Zikra trjuma Quran
urdu trjuma quran by Zikra dar ul nashr
Ramzan Live Trjuma
Quran Urdu Hindi Translation
اردو ترجمہ قرآن
zikra dar ul nashr

#quranwithurdutranslation 
#friday  
#urdutarjuma

zikra friday class
trjuma by molana muhammad saleem akhtar
zikra trjuma quran
zikra darul nashr
zikra dar ul nashr
trjuma by zikra
Muhammad Saleem Akhtar
Molana Muhammad saleem akhtar
zikra","zikra dar ul nashr,zikra trjuma quran,urdu trjuma quran,friday class zikra,zikra friday class,Surah Al-Kahf with Urdu Translation,Surah Al-Kahf 18 to 22,Ruku 3 Surah Al-Kahf,Trjuma Surah Al-Kahf 18 to 22 with Urdu Translation,Trjuma 18 to 22 Surah Al-Kahf,Surah Al-Kahf Urdu trjuma,Urdu trjuma Surah Al-Kahf,Urdu Translation Surah Al-Kahf Ayah 18 22,Surah Al-Kahf Urdu Trjuma 18 22,Ayah 18 to 22 Surah Al-Kahf",2024-08-05T14:00:51Z,PT10M57S,47
tzK8FQz7CbI,Surah Al-Kahf with Urdu Translation - Ayah 13 To 17 Ruku No 2,"Tarjuma by :
Molana Muhammad Saleem Akhtar

FRIDAY CLASS PLAYLIST 
https://www.youtube.com/playlist?list=PLQowKeTNj5RHy5aDTVNMg2UP2Idoaz0Kj

Quran With Urdu Translation
PLAYLIST LIVE URDU TRJUMA QURAN 2023
https://www.youtube.com/playlist?list=PLQowKeTNj5RFktbc8r-Duku_qu5AzR1LG

Quran With Urdu Translation
 اردو ترجمہ قرآن

All platfoms we are live on
Zikra Social Media Links

YouTube
https://www.youtube.com/channel/UCLYuowOAkMxiPFNWEDzqldQ?view_as=subscriber

Facebook
https://www.facebook.com/Zikra-Dar-ul-nashr-ذکریٰ-دار-النشر-102479931673745/

Tags:
Zikra trjuma Quran
urdu trjuma quran by Zikra dar ul nashr
Ramzan Live Trjuma
Quran Urdu Hindi Translation
اردو ترجمہ قرآن
zikra dar ul nashr

#quranwithurdutranslation 
#friday  
#urdutarjuma

zikra friday class
trjuma by molana muhammad saleem akhtar
zikra trjuma quran
zikra darul nashr
zikra dar ul nashr
trjuma by zikra
Muhammad Saleem Akhtar
Molana Muhammad saleem akhtar
zikra","zikra dar ul nashr,zikra trjuma quran,urdu trjuma quran,friday class zikra,zikra friday class,Surah Al-Kahf with Urdu Translation,Surah Al-Kahf 13 to 17,Ruku 2 Surah Al-Kahf,Trjuma Surah Al-Kahf 13 to 17 with Urdu Translation,Trjuma 13 to 17 Surah Al-Kahf,Surah Al-Kahf Urdu trjuma,Urdu trjuma Surah Al-Kahf,Urdu Translation Surah Al-Kahf Ayah 13 17,Surah Al-Kahf Urdu Trjuma 13 17,Ayah 13 to 17 Surah Al-Kahf",2024-08-04T14:00:51Z,PT6M,47
4xLa5dIksiE,Surah Al-Kahf with Urdu Translation - Ayah 1 To 12 Ruku No 1,"Tarjuma by :
Molana Muhammad Saleem Akhtar

FRIDAY CLASS PLAYLIST 
https://www.youtube.com/playlist?list=PLQowKeTNj5RHy5aDTVNMg2UP2Idoaz0Kj

Quran With Urdu Translation
PLAYLIST LIVE URDU TRJUMA QURAN 2023
https://www.youtube.com/playlist?list=PLQowKeTNj5RFktbc8r-Duku_qu5AzR1LG

Quran With Urdu Translation
 اردو ترجمہ قرآن

All platfoms we are live on
Zikra Social Media Links

YouTube
https://www.youtube.com/channel/UCLYuowOAkMxiPFNWEDzqldQ?view_as=subscriber

Facebook
https://www.facebook.com/Zikra-Dar-ul-nashr-ذکریٰ-دار-النشر-102479931673745/

Tags:
Zikra trjuma Quran
urdu trjuma quran by Zikra dar ul nashr
Ramzan Live Trjuma
Quran Urdu Hindi Translation
اردو ترجمہ قرآن
zikra dar ul nashr

#quranwithurdutranslation 
#friday  
#urdutarjuma

zikra friday class
trjuma by molana muhammad saleem akhtar
zikra trjuma quran
zikra darul nashr
zikra dar ul nashr
trjuma by zikra
Muhammad Saleem Akhtar
Molana Muhammad saleem akhtar
zikra","zikra dar ul nashr,zikra trjuma quran,urdu trjuma quran,friday class zikra,zikra friday class,Surah Al-Kahf with Urdu Translation,Surah Al-Kahf 1 to 12,Ruku 1 Surah Al-Kahf,Trjuma Surah Al-Kahf 1 to 12 with Urdu Translation,Trjuma 1 to 12 Surah Al-Kahf,Surah Al-Kahf Urdu trjuma,Urdu trjuma Surah Al-Kahf,Urdu Translation Surah Al-Kahf Ayah 1 12,Surah Al-Kahf Urdu Trjuma 1 12,Ayah 1 to 12 Surah Al-Kahf",2024-08-03T14:00:08Z,PT12M35S,121
NDn3olOH5Qw,Live 2024 - Parah 21 Ruba 3 Urdu Trjuma Quran | Zikra Dar Ul Nashr,"Urdu Trjuma #live #zikra #quranlive #quran #livetarjuma #youtubelive
#zikradarulnashr #urdutajuma #quraninurdu
Zikra Dar Ul Nashr",,2024-08-03T04:11:35Z,PT52M52S,49
EcfP3M6UEfc,Surah Israel with Urdu Translation - Ayah 94 To 100 Ruku No 11,"Tarjuma by :
Molana Muhammad Saleem Akhtar

FRIDAY CLASS PLAYLIST 
https://www.youtube.com/playlist?list=PLQowKeTNj5RHy5aDTVNMg2UP2Idoaz0Kj

Quran With Urdu Translation
PLAYLIST LIVE URDU TRJUMA QURAN 2023
https://www.youtube.com/playlist?list=PLQowKeTNj5RFktbc8r-Duku_qu5AzR1LG

Quran With Urdu Translation
 اردو ترجمہ قرآن

All platfoms we are live on
Zikra Social Media Links

YouTube
https://www.youtube.com/channel/UCLYuowOAkMxiPFNWEDzqldQ?view_as=subscriber

Facebook
https://www.facebook.com/Zikra-Dar-ul-nashr-ذکریٰ-دار-النشر-102479931673745/

Tags:
Zikra trjuma Quran
urdu trjuma quran by Zikra dar ul nashr
Ramzan Live Trjuma
Quran Urdu Hindi Translation
اردو ترجمہ قرآن
zikra dar ul nashr

#quranwithurdutranslation 
#friday  
#urdutarjuma

zikra friday class
trjuma by molana muhammad saleem akhtar
zikra trjuma quran
zikra darul nashr
zikra dar ul nashr
trjuma by zikra
Muhammad Saleem Akhtar
Molana Muhammad saleem akhtar
zikra","zikra dar ul nashr,zikra trjuma quran,urdu trjuma quran,friday class zikra,zikra friday class,Surah Israel with Urdu Translation,Surah Israel 94 to 100,Ruku 11 Surah Israel,Trjuma Surah Israel 94 to 100 with Urdu Translation,Trjuma 94 to 100 Surah Israel,Surah Israel Urdu trjuma,Urdu trjuma Surah Israel,Urdu Translation Surah Israel Ayah 94 100,Surah Israel Urdu Trjuma 94 100,Ayah 94 to 100 Surah Israel",2024-07-31T14:00:11Z,PT5M33S,15
RYlXYEW3dWI,Surah Israel with Urdu Translation - Ayah 78 To 84 Ruku No 9,"Tarjuma by :
Molana Muhammad Saleem Akhtar

FRIDAY CLASS PLAYLIST 
https://www.youtube.com/playlist?list=PLQowKeTNj5RHy5aDTVNMg2UP2Idoaz0Kj

Quran With Urdu Translation
PLAYLIST LIVE URDU TRJUMA QURAN 2023
https://www.youtube.com/playlist?list=PLQowKeTNj5RFktbc8r-Duku_qu5AzR1LG

Quran With Urdu Translation
 اردو ترجمہ قرآن

All platfoms we are live on
Zikra Social Media Links

YouTube
https://www.youtube.com/channel/UCLYuowOAkMxiPFNWEDzqldQ?view_as=subscriber

Facebook
https://www.facebook.com/Zikra-Dar-ul-nashr-ذکریٰ-دار-النشر-102479931673745/

Tags:
Zikra trjuma Quran
urdu trjuma quran by Zikra dar ul nashr
Ramzan Live Trjuma
Quran Urdu Hindi Translation
اردو ترجمہ قرآن
zikra dar ul nashr

#quranwithurdutranslation 
#friday  
#urdutarjuma

zikra friday class
trjuma by molana muhammad saleem akhtar
zikra trjuma quran
zikra darul nashr
zikra dar ul nashr
trjuma by zikra
Muhammad Saleem Akhtar
Molana Muhammad saleem akhtar
zikra","zikra dar ul nashr,zikra trjuma quran,urdu trjuma quran,friday class zikra,zikra friday class,Surah Israel with Urdu Translation,Surah Israel 78 to 84,Ruku 9 Surah Israel,Trjuma Surah Israel 78 to 84 with Urdu Translation,Trjuma 78 to 84 Surah Israel,Surah Israel Urdu trjuma,Urdu trjuma Surah Israel,Urdu Translation Surah Israel Ayah 78 84,Surah Israel Urdu Trjuma 78 84,Ayah 78 to 84 Surah Israel",2024-07-29T14:00:21Z,PT5M23S,17
uNVjtq3hhjA,Surah Israel with Urdu Translation - Ayah 61 To 70 Ruku No 7,"Tarjuma by :
Molana Muhammad Saleem Akhtar

FRIDAY CLASS PLAYLIST 
https://www.youtube.com/playlist?list=PLQowKeTNj5RHy5aDTVNMg2UP2Idoaz0Kj

Quran With Urdu Translation
PLAYLIST LIVE URDU TRJUMA QURAN 2023
https://www.youtube.com/playlist?list=PLQowKeTNj5RFktbc8r-Duku_qu5AzR1LG

Quran With Urdu Translation
 اردو ترجمہ قرآن

All platfoms we are live on
Zikra Social Media Links

YouTube
https://www.youtube.com/channel/UCLYuowOAkMxiPFNWEDzqldQ?view_as=subscriber

Facebook
https://www.facebook.com/Zikra-Dar-ul-nashr-ذکریٰ-دار-النشر-102479931673745/

Tags:
Zikra trjuma Quran
urdu trjuma quran by Zikra dar ul nashr
Ramzan Live Trjuma
Quran Urdu Hindi Translation
اردو ترجمہ قرآن
zikra dar ul nashr

#quranwithurdutranslation 
#friday  
#urdutarjuma

zikra friday class
trjuma by molana muhammad saleem akhtar
zikra trjuma quran
zikra darul nashr
zikra dar ul nashr
trjuma by zikra
Muhammad Saleem Akhtar
Molana Muhammad saleem akhtar
zikra","zikra dar ul nashr,zikra trjuma quran,urdu trjuma quran,friday class zikra,zikra friday class,Surah Israel with Urdu Translation,Surah Israel 61 to 70,Ruku 7 Surah Israel,Trjuma Surah Israel 61 to 70 with Urdu Translation,Trjuma 61 to 70 Surah Israel,Surah Israel Urdu trjuma,Urdu trjuma Surah Israel,Urdu Translation Surah Israel Ayah 61 70,Surah Israel Urdu Trjuma 61 70,Ayah 61 to 70 Surah Israel",2024-07-27T14:00:47Z,PT10M17S,39
cBLYkgHlonw,Live 2024 - Parah 21 Ruba 2 Urdu Trjuma Quran | Zikra Dar Ul Nashr,"Urdu Trjuma #live #zikra #quranlive #quran #livetarjuma #youtubelive
#zikradarulnashr #urdutajuma #quraninurdu
Zikra Dar Ul Nashr",,2024-07-27T04:18:29Z,PT1H3M5S,35
OY7T2ysiueo,Surah Israel with Urdu Translation - Ayah 53 To 60 Ruku No 6,"Tarjuma by :
Molana Muhammad Saleem Akhtar

FRIDAY CLASS PLAYLIST 
https://www.youtube.com/playlist?list=PLQowKeTNj5RHy5aDTVNMg2UP2Idoaz0Kj

Quran With Urdu Translation
PLAYLIST LIVE URDU TRJUMA QURAN 2023
https://www.youtube.com/playlist?list=PLQowKeTNj5RFktbc8r-Duku_qu5AzR1LG

Quran With Urdu Translation
 اردو ترجمہ قرآن

All platfoms we are live on
Zikra Social Media Links

YouTube
https://www.youtube.com/channel/UCLYuowOAkMxiPFNWEDzqldQ?view_as=subscriber

Facebook
https://www.facebook.com/Zikra-Dar-ul-nashr-ذکریٰ-دار-النشر-102479931673745/

Tags:
Zikra trjuma Quran
urdu trjuma quran by Zikra dar ul nashr
Ramzan Live Trjuma
Quran Urdu Hindi Translation
اردو ترجمہ قرآن
zikra dar ul nashr

#quranwithurdutranslation 
#friday  
#urdutarjuma

zikra friday class
trjuma by molana muhammad saleem akhtar
zikra trjuma quran
zikra darul nashr
zikra dar ul nashr
trjuma by zikra
Muhammad Saleem Akhtar
Molana Muhammad saleem akhtar
zikra","zikra dar ul nashr,zikra trjuma quran,urdu trjuma quran,friday class zikra,zikra friday class,Surah Israel with Urdu Translation,Surah Israel 53 to 60,Ruku 6 Surah Israel,Trjuma Surah Israel 53 to 60 with Urdu Translation,Trjuma 53 to 60 Surah Israel,Surah Israel Urdu trjuma,Urdu trjuma Surah Israel,Urdu Translation Surah Israel Ayah 53 60,Surah Israel Urdu Trjuma 53 60,Ayah 53 to 60 Surah Israel",2024-07-25T14:00:30Z,PT13M28S,6
qiUqCz9Zgfk,Surah Israel with Urdu Translation - Ayah 23 To 30 Ruku No 3,"Tarjuma by :
Molana Muhammad Saleem Akhtar

FRIDAY CLASS PLAYLIST 
https://www.youtube.com/playlist?list=PLQowKeTNj5RHy5aDTVNMg2UP2Idoaz0Kj

Quran With Urdu Translation
PLAYLIST LIVE URDU TRJUMA QURAN 2023
https://www.youtube.com/playlist?list=PLQowKeTNj5RFktbc8r-Duku_qu5AzR1LG

Quran With Urdu Translation
 اردو ترجمہ قرآن

All platfoms we are live on
Zikra Social Media Links

YouTube
https://www.youtube.com/channel/UCLYuowOAkMxiPFNWEDzqldQ?view_as=subscriber

Facebook
https://www.facebook.com/Zikra-Dar-ul-nashr-ذکریٰ-دار-النشر-102479931673745/

Tags:
Zikra trjuma Quran
urdu trjuma quran by Zikra dar ul nashr
Ramzan Live Trjuma
Quran Urdu Hindi Translation
اردو ترجمہ قرآن
zikra dar ul nashr

#quranwithurdutranslation 
#friday  
#urdutarjuma

zikra friday class
trjuma by molana muhammad saleem akhtar
zikra trjuma quran
zikra darul nashr
zikra dar ul nashr
trjuma by zikra
Muhammad Saleem Akhtar
Molana Muhammad saleem akhtar
zikra","zikra dar ul nashr,zikra trjuma quran,urdu trjuma quran,friday class zikra,zikra friday class,Surah Israel with Urdu Translation,Surah Israel 23 to 30,Ruku 3 Surah Israel,Trjuma Surah Israel 23 to 30 with Urdu Translation,Trjuma 23 to 30 Surah Israel,Surah Israel Urdu trjuma,Urdu trjuma Surah Israel,Urdu Translation Surah Israel Ayah 23 30,Surah Israel Urdu Trjuma 23 30,Ayah 23 to 30 Surah Israel",2024-07-22T14:00:50Z,PT8M26S,10
7uzZQloRUYE,Surah Israel with Urdu Translation - Ayah 11 To 22 Ruku No 2,"Tarjuma by :
Molana Muhammad Saleem Akhtar

FRIDAY CLASS PLAYLIST 
https://www.youtube.com/playlist?list=PLQowKeTNj5RHy5aDTVNMg2UP2Idoaz0Kj

Quran With Urdu Translation
PLAYLIST LIVE URDU TRJUMA QURAN 2023
https://www.youtube.com/playlist?list=PLQowKeTNj5RFktbc8r-Duku_qu5AzR1LG

Quran With Urdu Translation
 اردو ترجمہ قرآن

All platfoms we are live on
Zikra Social Media Links

YouTube
https://www.youtube.com/channel/UCLYuowOAkMxiPFNWEDzqldQ?view_as=subscriber

Facebook
https://www.facebook.com/Zikra-Dar-ul-nashr-ذکریٰ-دار-النشر-102479931673745/

Tags:
Zikra trjuma Quran
urdu trjuma quran by Zikra dar ul nashr
Ramzan Live Trjuma
Quran Urdu Hindi Translation
اردو ترجمہ قرآن
zikra dar ul nashr

#quranwithurdutranslation 
#friday  
#urdutarjuma

zikra friday class
trjuma by molana muhammad saleem akhtar
zikra trjuma quran
zikra darul nashr
zikra dar ul nashr
trjuma by zikra
Muhammad Saleem Akhtar
Molana Muhammad saleem akhtar
zikra","zikra dar ul nashr,zikra trjuma quran,urdu trjuma quran,friday class zikra,zikra friday class,Surah Israel with Urdu Translation,Surah Israel 11 to 22,Ruku 2 Surah Israel,Trjuma Surah Israel 11 to 22 with Urdu Translation,Trjuma 11 to 22 Surah Israel,Surah Israel Urdu trjuma,Urdu trjuma Surah Israel,Urdu Translation Surah Israel Ayah 11 22,Surah Israel Urdu Trjuma 11 22,Ayah 11 to 22 Surah Israel",2024-07-21T14:00:04Z,PT13M23S,9
0lm9ltgKJTI,Live 2024 - Parah 21 Ruba 1 Urdu Trjuma Quran | Zikra Dar Ul Nashr,"Urdu Trjuma #live #zikra #quranlive #quran #livetarjuma #youtubelive
#zikradarulnashr #urdutajuma #quraninurdu
Zikra Dar Ul Nashr",,2024-07-20T04:28:46Z,PT1H2M9S,66
Wx8oOgy4d5w,Surah An-Nahl with Urdu Translation - Ayah 120 To 128 Ruku No 16,"Tarjuma by :
Molana Muhammad Saleem Akhtar

FRIDAY CLASS PLAYLIST 
https://www.youtube.com/playlist?list=PLQowKeTNj5RHy5aDTVNMg2UP2Idoaz0Kj

Quran With Urdu Translation
PLAYLIST LIVE URDU TRJUMA QURAN 2023
https://www.youtube.com/playlist?list=PLQowKeTNj5RFktbc8r-Duku_qu5AzR1LG

Quran With Urdu Translation
 اردو ترجمہ قرآن

All platfoms we are live on
Zikra Social Media Links

YouTube
https://www.youtube.com/channel/UCLYuowOAkMxiPFNWEDzqldQ?view_as=subscriber

Facebook
https://www.facebook.com/Zikra-Dar-ul-nashr-ذکریٰ-دار-النشر-102479931673745/

Tags:
Zikra trjuma Quran
urdu trjuma quran by Zikra dar ul nashr
Ramzan Live Trjuma
Quran Urdu Hindi Translation
اردو ترجمہ قرآن
zikra dar ul nashr

#quranwithurdutranslation 
#friday  
#urdutarjuma

zikra friday class
trjuma by molana muhammad saleem akhtar
zikra trjuma quran
zikra darul nashr
zikra dar ul nashr
trjuma by zikra
Muhammad Saleem Akhtar
Molana Muhammad saleem akhtar
zikra","zikra dar ul nashr,zikra trjuma quran,urdu trjuma quran,friday class zikra,zikra friday class,Surah An-Nahl with Urdu Translation,Surah An-Nahl 120 to 128,Ruku 16 Surah An-Nahl,Trjuma Surah An-Nahl 120 to 128 with Urdu Translation,Trjuma 120 to 128 Surah An-Nahl,Surah An-Nahl Urdu trjuma,Urdu trjuma Surah An-Nahl,Urdu Translation Surah An-Nahl Ayah 120 128,Surah An-Nahl Urdu Trjuma 120 128,Ayah 120 to 128 Surah An-Nahl",2024-07-18T14:00:25Z,PT6M48S,15
gIMR-7DBZdM,Surah Al An'kabut Ayat 33,,,2024-07-18T10:39:46Z,PT32S,27
zG-t5Hcz_hE,Surah An-Nahl with Urdu Translation - Ayah 111 To 119 Ruku No 15,"Tarjuma by :
Molana Muhammad Saleem Akhtar

FRIDAY CLASS PLAYLIST 
https://www.youtube.com/playlist?list=PLQowKeTNj5RHy5aDTVNMg2UP2Idoaz0Kj

Quran With Urdu Translation
PLAYLIST LIVE URDU TRJUMA QURAN 2023
https://www.youtube.com/playlist?list=PLQowKeTNj5RFktbc8r-Duku_qu5AzR1LG

Quran With Urdu Translation
 اردو ترجمہ قرآن

All platfoms we are live on
Zikra Social Media Links

YouTube
https://www.youtube.com/channel/UCLYuowOAkMxiPFNWEDzqldQ?view_as=subscriber

Facebook
https://www.facebook.com/Zikra-Dar-ul-nashr-ذکریٰ-دار-النشر-102479931673745/

Tags:
Zikra trjuma Quran
urdu trjuma quran by Zikra dar ul nashr
Ramzan Live Trjuma
Quran Urdu Hindi Translation
اردو ترجمہ قرآن
zikra dar ul nashr

#quranwithurdutranslation 
#friday  
#urdutarjuma

zikra friday class
trjuma by molana muhammad saleem akhtar
zikra trjuma quran
zikra darul nashr
zikra dar ul nashr
trjuma by zikra
Muhammad Saleem Akhtar
Molana Muhammad saleem akhtar
zikra","zikra dar ul nashr,zikra trjuma quran,urdu trjuma quran,friday class zikra,zikra friday class,Surah An-Nahl with Urdu Translation,Surah An-Nahl 111 to 119,Ruku 15 Surah An-Nahl,Trjuma Surah An-Nahl 111 to 119 with Urdu Translation,Trjuma 111 to 119 Surah An-Nahl,Surah An-Nahl Urdu trjuma,Urdu trjuma Surah An-Nahl,Urdu Translation Surah An-Nahl Ayah 111 119,Surah An-Nahl Urdu Trjuma 111 119,Ayah 111 to 119 Surah An-Nahl",2024-07-17T14:00:56Z,PT7M8S,20
KYQm8uy1Tfw,Surah Al-An'kabut Ayat 31-32,,,2024-07-16T14:55:11Z,PT46S,14
LVpAJa1FeoI,Surah An-Nahl with Urdu Translation - Ayah 77 To 83 Ruku No 11,"Tarjuma by :
Molana Muhammad Saleem Akhtar

FRIDAY CLASS PLAYLIST 
https://www.youtube.com/playlist?list=PLQowKeTNj5RHy5aDTVNMg2UP2Idoaz0Kj

Quran With Urdu Translation
PLAYLIST LIVE URDU TRJUMA QURAN 2023
https://www.youtube.com/playlist?list=PLQowKeTNj5RFktbc8r-Duku_qu5AzR1LG

Quran With Urdu Translation
 اردو ترجمہ قرآن

All platfoms we are live on
Zikra Social Media Links

YouTube
https://www.youtube.com/channel/UCLYuowOAkMxiPFNWEDzqldQ?view_as=subscriber

Facebook
https://www.facebook.com/Zikra-Dar-ul-nashr-ذکریٰ-دار-النشر-102479931673745/

Tags:
Zikra trjuma Quran
urdu trjuma quran by Zikra dar ul nashr
Ramzan Live Trjuma
Quran Urdu Hindi Translation
اردو ترجمہ قرآن
zikra dar ul nashr

#quranwithurdutranslation 
#friday  
#urdutarjuma

zikra friday class
trjuma by molana muhammad saleem akhtar
zikra trjuma quran
zikra darul nashr
zikra dar ul nashr
trjuma by zikra
Muhammad Saleem Akhtar
Molana Muhammad saleem akhtar
zikra","zikra dar ul nashr,zikra trjuma quran,urdu trjuma quran,friday class zikra,zikra friday class,Surah An-Nahl with Urdu Translation,Surah An-Nahl 77 to 83,Ruku 11 Surah An-Nahl,Trjuma Surah An-Nahl 77 to 83 with Urdu Translation,Trjuma 77 to 83 Surah An-Nahl,Surah An-Nahl Urdu trjuma,Urdu trjuma Surah An-Nahl,Urdu Translation Surah An-Nahl Ayah 77 83,Surah An-Nahl Urdu Trjuma 77 83,Ayah 77 to 83 Surah An-Nahl",2024-07-13T14:00:28Z,PT7M44S,18
1ZB-ih5sdVA,Live 2024 - Parah 20 Ruba 4 Urdu Trjuma Quran | Zikra Dar Ul Nashr,"Urdu Trjuma #live #zikra #quranlive #quran #livetarjuma #youtubelive
#zikradarulnashr #urdutajuma #quraninurdu
Zikra Dar Ul Nashr",,2024-07-13T04:12:42Z,PT47M23S,74
afc1PiRJUBk,Surah An-Nahl with Urdu Translation - Ayah 61 To 65 Ruku No 8,"Tarjuma by :
Molana Muhammad Saleem Akhtar

FRIDAY CLASS PLAYLIST 
https://www.youtube.com/playlist?list=PLQowKeTNj5RHy5aDTVNMg2UP2Idoaz0Kj

Quran With Urdu Translation
PLAYLIST LIVE URDU TRJUMA QURAN 2023
https://www.youtube.com/playlist?list=PLQowKeTNj5RFktbc8r-Duku_qu5AzR1LG

Quran With Urdu Translation
 اردو ترجمہ قرآن

All platfoms we are live on
Zikra Social Media Links

YouTube
https://www.youtube.com/channel/UCLYuowOAkMxiPFNWEDzqldQ?view_as=subscriber

Facebook
https://www.facebook.com/Zikra-Dar-ul-nashr-ذکریٰ-دار-النشر-102479931673745/

Tags:
Zikra trjuma Quran
urdu trjuma quran by Zikra dar ul nashr
Ramzan Live Trjuma
Quran Urdu Hindi Translation
اردو ترجمہ قرآن
zikra dar ul nashr

#quranwithurdutranslation 
#friday  
#urdutarjuma

zikra friday class
trjuma by molana muhammad saleem akhtar
zikra trjuma quran
zikra darul nashr
zikra dar ul nashr
trjuma by zikra
Muhammad Saleem Akhtar
Molana Muhammad saleem akhtar
zikra","zikra dar ul nashr,zikra trjuma quran,urdu trjuma quran,friday class zikra,zikra friday class,Surah An-Nahl with Urdu Translation,Surah An-Nahl 61 to 65,Ruku 8 Surah An-Nahl,Trjuma Surah An-Nahl 61 to 65 with Urdu Translation,Trjuma 61 to 65 Surah An-Nahl,Surah An-Nahl Urdu trjuma,Urdu trjuma Surah An-Nahl,Urdu Translation Surah An-Nahl Ayah 61 65,Surah An-Nahl Urdu Trjuma 61 65,Ayah 61 to 65 Surah An-Nahl",2024-07-09T14:00:01Z,PT5M25S,24
D1Bxq_u_gko,Surah An-Nahl with Urdu Translation - Ayah 41 To 50 Ruku No 6,"Tarjuma by :
Molana Muhammad Saleem Akhtar

FRIDAY CLASS PLAYLIST 
https://www.youtube.com/playlist?list=PLQowKeTNj5RHy5aDTVNMg2UP2Idoaz0Kj

Quran With Urdu Translation
PLAYLIST LIVE URDU TRJUMA QURAN 2023
https://www.youtube.com/playlist?list=PLQowKeTNj5RFktbc8r-Duku_qu5AzR1LG

Quran With Urdu Translation
 اردو ترجمہ قرآن

All platfoms we are live on
Zikra Social Media Links

YouTube
https://www.youtube.com/channel/UCLYuowOAkMxiPFNWEDzqldQ?view_as=subscriber

Facebook
https://www.facebook.com/Zikra-Dar-ul-nashr-ذکریٰ-دار-النشر-102479931673745/

Tags:
Zikra trjuma Quran
urdu trjuma quran by Zikra dar ul nashr
Ramzan Live Trjuma
Quran Urdu Hindi Translation
اردو ترجمہ قرآن
zikra dar ul nashr

#quranwithurdutranslation 
#friday  
#urdutarjuma

zikra friday class
trjuma by molana muhammad saleem akhtar
zikra trjuma quran
zikra darul nashr
zikra dar ul nashr
trjuma by zikra
Muhammad Saleem Akhtar
Molana Muhammad saleem akhtar
zikra","zikra dar ul nashr,zikra trjuma quran,urdu trjuma quran,friday class zikra,zikra friday class,Surah An-Nahl with Urdu Translation,Surah An-Nahl 41 to 50,Ruku 6 Surah An-Nahl,Trjuma Surah An-Nahl 41 to 50 with Urdu Translation,Trjuma 41 to 50 Surah An-Nahl,Surah An-Nahl Urdu trjuma,Urdu trjuma Surah An-Nahl,Urdu Translation Surah An-Nahl Ayah 41 50,Surah An-Nahl Urdu Trjuma 41 50,Ayah 41 to 50 Surah An-Nahl",2024-07-07T14:00:15Z,PT6M,45
6CrYM6ptRTQ,Surah An-Nahl with Urdu Translation - Ayah 35 To 40 Ruku No 5,"Tarjuma by :
Molana Muhammad Saleem Akhtar

FRIDAY CLASS PLAYLIST 
https://www.youtube.com/playlist?list=PLQowKeTNj5RHy5aDTVNMg2UP2Idoaz0Kj

Quran With Urdu Translation
PLAYLIST LIVE URDU TRJUMA QURAN 2023
https://www.youtube.com/playlist?list=PLQowKeTNj5RFktbc8r-Duku_qu5AzR1LG

Quran With Urdu Translation
 اردو ترجمہ قرآن

All platfoms we are live on
Zikra Social Media Links

YouTube
https://www.youtube.com/channel/UCLYuowOAkMxiPFNWEDzqldQ?view_as=subscriber

Facebook
https://www.facebook.com/Zikra-Dar-ul-nashr-ذکریٰ-دار-النشر-102479931673745/

Tags:
Zikra trjuma Quran
urdu trjuma quran by Zikra dar ul nashr
Ramzan Live Trjuma
Quran Urdu Hindi Translation
اردو ترجمہ قرآن
zikra dar ul nashr

#quranwithurdutranslation 
#friday  
#urdutarjuma

zikra friday class
trjuma by molana muhammad saleem akhtar
zikra trjuma quran
zikra darul nashr
zikra dar ul nashr
trjuma by zikra
Muhammad Saleem Akhtar
Molana Muhammad saleem akhtar
zikra","zikra dar ul nashr,zikra trjuma quran,urdu trjuma quran,friday class zikra,zikra friday class,Surah An-Nahl with Urdu Translation,Surah An-Nahl 35 to 40,Ruku 5 Surah An-Nahl,Trjuma Surah An-Nahl 35 to 40 with Urdu Translation,Trjuma 35 to 40 Surah An-Nahl,Surah An-Nahl Urdu trjuma,Urdu trjuma Surah An-Nahl,Urdu Translation Surah An-Nahl Ayah 35 40,Surah An-Nahl Urdu Trjuma 35 40,Ayah 35 to 40 Surah An-Nahl",2024-07-06T14:00:04Z,PT4M42S,23
ZSZ82iUBmeQ,Al muminun Ayat 21-22,,,2024-07-06T11:35:01Z,PT31S,26
FXCvZdti23Y,Surah An-Nahl with Urdu Translation - Ayah 26 To 34 Ruku No 4,"Tarjuma by :
Molana Muhammad Saleem Akhtar

FRIDAY CLASS PLAYLIST 
https://www.youtube.com/playlist?list=PLQowKeTNj5RHy5aDTVNMg2UP2Idoaz0Kj

Quran With Urdu Translation
PLAYLIST LIVE URDU TRJUMA QURAN 2023
https://www.youtube.com/playlist?list=PLQowKeTNj5RFktbc8r-Duku_qu5AzR1LG

Quran With Urdu Translation
 اردو ترجمہ قرآن

All platfoms we are live on
Zikra Social Media Links

YouTube
https://www.youtube.com/channel/UCLYuowOAkMxiPFNWEDzqldQ?view_as=subscriber

Facebook
https://www.facebook.com/Zikra-Dar-ul-nashr-ذکریٰ-دار-النشر-102479931673745/

Tags:
Zikra trjuma Quran
urdu trjuma quran by Zikra dar ul nashr
Ramzan Live Trjuma
Quran Urdu Hindi Translation
اردو ترجمہ قرآن
zikra dar ul nashr

#quranwithurdutranslation 
#friday  
#urdutarjuma

zikra friday class
trjuma by molana muhammad saleem akhtar
zikra trjuma quran
zikra darul nashr
zikra dar ul nashr
trjuma by zikra
Muhammad Saleem Akhtar
Molana Muhammad saleem akhtar
zikra","zikra dar ul nashr,zikra trjuma quran,urdu trjuma quran,friday class zikra,zikra friday class,Surah An-Nahl with Urdu Translation,Surah An-Nahl 26 to 34,Ruku 4 Surah An-Nahl,Trjuma Surah An-Nahl 26 to 34 with Urdu Translation,Trjuma 26 to 34 Surah An-Nahl,Surah An-Nahl Urdu trjuma,Urdu trjuma Surah An-Nahl,Urdu Translation Surah An-Nahl Ayah 26 34,Surah An-Nahl Urdu Trjuma 26 34,Ayah 26 to 34 Surah An-Nahl",2024-07-04T14:00:14Z,PT7M18S,24
nPVjgPG6bM4,Surah An-Nahl with Urdu Translation - Ayah 1 To 9 Ruku No 1,"Tarjuma by :
Molana Muhammad Saleem Akhtar

FRIDAY CLASS PLAYLIST 
https://www.youtube.com/playlist?list=PLQowKeTNj5RHy5aDTVNMg2UP2Idoaz0Kj

Quran With Urdu Translation
PLAYLIST LIVE URDU TRJUMA QURAN 2023
https://www.youtube.com/playlist?list=PLQowKeTNj5RFktbc8r-Duku_qu5AzR1LG

Quran With Urdu Translation
 اردو ترجمہ قرآن

All platfoms we are live on
Zikra Social Media Links

YouTube
https://www.youtube.com/channel/UCLYuowOAkMxiPFNWEDzqldQ?view_as=subscriber

Facebook
https://www.facebook.com/Zikra-Dar-ul-nashr-ذکریٰ-دار-النشر-102479931673745/

Tags:
Zikra trjuma Quran
urdu trjuma quran by Zikra dar ul nashr
Ramzan Live Trjuma
Quran Urdu Hindi Translation
اردو ترجمہ قرآن
zikra dar ul nashr

#quranwithurdutranslation 
#friday  
#urdutarjuma

zikra friday class
trjuma by molana muhammad saleem akhtar
zikra trjuma quran
zikra darul nashr
zikra dar ul nashr
trjuma by zikra
Muhammad Saleem Akhtar
Molana Muhammad saleem akhtar
zikra","zikra dar ul nashr,zikra trjuma quran,urdu trjuma quran,friday class zikra,zikra friday class,Surah An-Nahl with Urdu Translation,Surah An-Nahl 1 to 9,Ruku 1 Surah An-Nahl,Trjuma Surah An-Nahl 1 to 9 with Urdu Translation,Trjuma 1 to 9 Surah An-Nahl,Surah An-Nahl Urdu trjuma,Urdu trjuma Surah An-Nahl,Urdu Translation Surah An-Nahl Ayah 1 9,Surah An-Nahl Urdu Trjuma 1 9,Ayah 1 to 9 Surah An-Nahl",2024-07-01T14:00:39Z,PT8M12S,16
rj_MQULiCKw,Surah Al-Hijr with Urdu Translation - Ayah 80 To 99 Ruku No 6,"Tarjuma by :
Molana Muhammad Saleem Akhtar

FRIDAY CLASS PLAYLIST 
https://www.youtube.com/playlist?list=PLQowKeTNj5RHy5aDTVNMg2UP2Idoaz0Kj

Quran With Urdu Translation
PLAYLIST LIVE URDU TRJUMA QURAN 2023
https://www.youtube.com/playlist?list=PLQowKeTNj5RFktbc8r-Duku_qu5AzR1LG

Quran With Urdu Translation
 اردو ترجمہ قرآن

All platfoms we are live on
Zikra Social Media Links

YouTube
https://www.youtube.com/channel/UCLYuowOAkMxiPFNWEDzqldQ?view_as=subscriber

Facebook
https://www.facebook.com/Zikra-Dar-ul-nashr-ذکریٰ-دار-النشر-102479931673745/

Tags:
Zikra trjuma Quran
urdu trjuma quran by Zikra dar ul nashr
Ramzan Live Trjuma
Quran Urdu Hindi Translation
اردو ترجمہ قرآن
zikra dar ul nashr

#quranwithurdutranslation 
#friday  
#urdutarjuma

zikra friday class
trjuma by molana muhammad saleem akhtar
zikra trjuma quran
zikra darul nashr
zikra dar ul nashr
trjuma by zikra
Muhammad Saleem Akhtar
Molana Muhammad saleem akhtar
zikra","zikra dar ul nashr,zikra trjuma quran,urdu trjuma quran,friday class zikra,zikra friday class,Surah Al-Hijr with Urdu Translation,Surah Al-Hijr 80 to 99,Ruku 6 Surah Al-Hijr,Trjuma Surah Al-Hijr 80 to 99 with Urdu Translation,Trjuma 80 to 99 Surah Al-Hijr,Surah Al-Hijr Urdu trjuma,Urdu trjuma Surah Al-Hijr,Urdu Translation Surah Al-Hijr Ayah 80 99,Surah Al-Hijr Urdu Trjuma 80 99,Ayah 80 to 99 Surah Al-Hijr",2024-06-30T14:00:45Z,PT7M57S,6
xkwqSMLgPFg,Live 2024 - Parah 20 Ruba 2 Urdu Trjuma Quran | Zikra Dar Ul Nashr,"Urdu Trjuma #live #zikra #quranlive #quran #livetarjuma #youtubelive
#zikradarulnashr #urdutajuma #quraninurdu
Zikra Dar Ul Nashr",,2024-06-29T04:15:35Z,PT45M15S,60
tu3qCIbUeqo,Surah Al-Hijr with Urdu Translation - Ayah 45 To 60 Ruku No 4,"Tarjuma by :
Molana Muhammad Saleem Akhtar

FRIDAY CLASS PLAYLIST 
https://www.youtube.com/playlist?list=PLQowKeTNj5RHy5aDTVNMg2UP2Idoaz0Kj

Quran With Urdu Translation
PLAYLIST LIVE URDU TRJUMA QURAN 2023
https://www.youtube.com/playlist?list=PLQowKeTNj5RFktbc8r-Duku_qu5AzR1LG

Quran With Urdu Translation
 اردو ترجمہ قرآن

All platfoms we are live on
Zikra Social Media Links

YouTube
https://www.youtube.com/channel/UCLYuowOAkMxiPFNWEDzqldQ?view_as=subscriber

Facebook
https://www.facebook.com/Zikra-Dar-ul-nashr-ذکریٰ-دار-النشر-102479931673745/

Tags:
Zikra trjuma Quran
urdu trjuma quran by Zikra dar ul nashr
Ramzan Live Trjuma
Quran Urdu Hindi Translation
اردو ترجمہ قرآن
zikra dar ul nashr

#quranwithurdutranslation 
#friday  
#urdutarjuma

zikra friday class
trjuma by molana muhammad saleem akhtar
zikra trjuma quran
zikra darul nashr
zikra dar ul nashr
trjuma by zikra
Muhammad Saleem Akhtar
Molana Muhammad saleem akhtar
zikra","zikra dar ul nashr,zikra trjuma quran,urdu trjuma quran,friday class zikra,zikra friday class,Surah Al-Hijr with Urdu Translation,Surah Al-Hijr 45 to 60,Ruku 4 Surah Al-Hijr,Trjuma Surah Al-Hijr 45 to 60 with Urdu Translation,Trjuma 45 to 60 Surah Al-Hijr,Surah Al-Hijr Urdu trjuma,Urdu trjuma Surah Al-Hijr,Urdu Translation Surah Al-Hijr Ayah 45 60,Surah Al-Hijr Urdu Trjuma 45 60,Ayah 45 to 60 Surah Al-Hijr",2024-06-27T14:00:53Z,PT6M,6
GN31df361Cc,Surah Al-Hijr with Urdu Translation - Ayah 26 To 44 Ruku No 3,"Tarjuma by :
Molana Muhammad Saleem Akhtar

FRIDAY CLASS PLAYLIST 
https://www.youtube.com/playlist?list=PLQowKeTNj5RHy5aDTVNMg2UP2Idoaz0Kj

Quran With Urdu Translation
PLAYLIST LIVE URDU TRJUMA QURAN 2023
https://www.youtube.com/playlist?list=PLQowKeTNj5RFktbc8r-Duku_qu5AzR1LG

Quran With Urdu Translation
 اردو ترجمہ قرآن

All platfoms we are live on
Zikra Social Media Links

YouTube
https://www.youtube.com/channel/UCLYuowOAkMxiPFNWEDzqldQ?view_as=subscriber

Facebook
https://www.facebook.com/Zikra-Dar-ul-nashr-ذکریٰ-دار-النشر-102479931673745/

Tags:
Zikra trjuma Quran
urdu trjuma quran by Zikra dar ul nashr
Ramzan Live Trjuma
Quran Urdu Hindi Translation
اردو ترجمہ قرآن
zikra dar ul nashr

#quranwithurdutranslation 
#friday  
#urdutarjuma

zikra friday class
trjuma by molana muhammad saleem akhtar
zikra trjuma quran
zikra darul nashr
zikra dar ul nashr
trjuma by zikra
Muhammad Saleem Akhtar
Molana Muhammad saleem akhtar
zikra","zikra dar ul nashr,zikra trjuma quran,urdu trjuma quran,friday class zikra,zikra friday class,Surah Al-Hijr with Urdu Translation,Surah Al-Hijr 26 to 44,Ruku 3 Surah Al-Hijr,Trjuma Surah Al-Hijr 26 to 44 with Urdu Translation,Trjuma 26 to 44 Surah Al-Hijr,Surah Al-Hijr Urdu trjuma,Urdu trjuma Surah Al-Hijr,Urdu Translation Surah Al-Hijr Ayah 26 44,Surah Al-Hijr Urdu Trjuma 26 44,Ayah 26 to 44 Surah Al-Hijr",2024-06-26T14:00:18Z,PT8M7S,2
KY9IJpXL56o,Surah Al-Hijr with Urdu Translation - Ayah 16 To 25 Ruku No 2,"Tarjuma by :
Molana Muhammad Saleem Akhtar

FRIDAY CLASS PLAYLIST 
https://www.youtube.com/playlist?list=PLQowKeTNj5RHy5aDTVNMg2UP2Idoaz0Kj

Quran With Urdu Translation
PLAYLIST LIVE URDU TRJUMA QURAN 2023
https://www.youtube.com/playlist?list=PLQowKeTNj5RFktbc8r-Duku_qu5AzR1LG

Quran With Urdu Translation
 اردو ترجمہ قرآن

All platfoms we are live on
Zikra Social Media Links

YouTube
https://www.youtube.com/channel/UCLYuowOAkMxiPFNWEDzqldQ?view_as=subscriber

Facebook
https://www.facebook.com/Zikra-Dar-ul-nashr-ذکریٰ-دار-النشر-102479931673745/

Tags:
Zikra trjuma Quran
urdu trjuma quran by Zikra dar ul nashr
Ramzan Live Trjuma
Quran Urdu Hindi Translation
اردو ترجمہ قرآن
zikra dar ul nashr

#quranwithurdutranslation 
#friday  
#urdutarjuma

zikra friday class
trjuma by molana muhammad saleem akhtar
zikra trjuma quran
zikra darul nashr
zikra dar ul nashr
trjuma by zikra
Muhammad Saleem Akhtar
Molana Muhammad saleem akhtar
zikra","zikra dar ul nashr,zikra trjuma quran,urdu trjuma quran,friday class zikra,zikra friday class,Surah Al-Hijr with Urdu Translation,Surah Al-Hijr 16 to 25,Ruku 2 Surah Al-Hijr,Trjuma Surah Al-Hijr 16 to 25 with Urdu Translation,Trjuma 16 to 25 Surah Al-Hijr,Surah Al-Hijr Urdu trjuma,Urdu trjuma Surah Al-Hijr,Urdu Translation Surah Al-Hijr Ayah 16 25,Surah Al-Hijr Urdu Trjuma 16 25,Ayah 16 to 25 Surah Al-Hijr",2024-06-25T14:00:16Z,PT6M8S,13
3NjkYH28Mkk,Surah Al-Hijr with Urdu Translation - Ayah 1 To 15 Ruku No 1,"Tarjuma by :
Molana Muhammad Saleem Akhtar

FRIDAY CLASS PLAYLIST 
https://www.youtube.com/playlist?list=PLQowKeTNj5RHy5aDTVNMg2UP2Idoaz0Kj

Quran With Urdu Translation
PLAYLIST LIVE URDU TRJUMA QURAN 2023
https://www.youtube.com/playlist?list=PLQowKeTNj5RFktbc8r-Duku_qu5AzR1LG

Quran With Urdu Translation
 اردو ترجمہ قرآن

All platfoms we are live on
Zikra Social Media Links

YouTube
https://www.youtube.com/channel/UCLYuowOAkMxiPFNWEDzqldQ?view_as=subscriber

Facebook
https://www.facebook.com/Zikra-Dar-ul-nashr-ذکریٰ-دار-النشر-102479931673745/

Tags:
Zikra trjuma Quran
urdu trjuma quran by Zikra dar ul nashr
Ramzan Live Trjuma
Quran Urdu Hindi Translation
اردو ترجمہ قرآن
zikra dar ul nashr

#quranwithurdutranslation 
#friday  
#urdutarjuma

zikra friday class
trjuma by molana muhammad saleem akhtar
zikra trjuma quran
zikra darul nashr
zikra dar ul nashr
trjuma by zikra
Muhammad Saleem Akhtar
Molana Muhammad saleem akhtar
zikra","zikra dar ul nashr,zikra trjuma quran,urdu trjuma quran,friday class zikra,zikra friday class,Surah Al-Hijr with Urdu Translation,Surah Al-Hijr 1 to 15,Ruku 1 Surah Al-Hijr,Trjuma Surah Al-Hijr 1 to 15 with Urdu Translation,Trjuma 1 to 15 Surah Al-Hijr,Surah Al-Hijr Urdu trjuma,Urdu trjuma Surah Al-Hijr,Urdu Translation Surah Al-Hijr Ayah 1 15,Surah Al-Hijr Urdu Trjuma 1 15,Ayah 1 to 15 Surah Al-Hijr",2024-06-24T14:00:04Z,PT12M12S,29
bq7uZIK-G54,Surah Ibrahim with Urdu Translation - Ayah 42 To 52 Ruku No 7,"Tarjuma by :
Molana Muhammad Saleem Akhtar

FRIDAY CLASS PLAYLIST 
https://www.youtube.com/playlist?list=PLQowKeTNj5RHy5aDTVNMg2UP2Idoaz0Kj

Quran With Urdu Translation
PLAYLIST LIVE URDU TRJUMA QURAN 2023
https://www.youtube.com/playlist?list=PLQowKeTNj5RFktbc8r-Duku_qu5AzR1LG

Quran With Urdu Translation
 اردو ترجمہ قرآن

All platfoms we are live on
Zikra Social Media Links

YouTube
https://www.youtube.com/channel/UCLYuowOAkMxiPFNWEDzqldQ?view_as=subscriber

Facebook
https://www.facebook.com/Zikra-Dar-ul-nashr-ذکریٰ-دار-النشر-102479931673745/

Tags:
Zikra trjuma Quran
urdu trjuma quran by Zikra dar ul nashr
Ramzan Live Trjuma
Quran Urdu Hindi Translation
اردو ترجمہ قرآن
zikra dar ul nashr

#quranwithurdutranslation 
#friday  
#urdutarjuma

zikra friday class
trjuma by molana muhammad saleem akhtar
zikra trjuma quran
zikra darul nashr
zikra dar ul nashr
trjuma by zikra
Muhammad Saleem Akhtar
Molana Muhammad saleem akhtar
zikra","zikra dar ul nashr,zikra trjuma quran,urdu trjuma quran,friday class zikra,zikra friday class,Surah Ibrahim with Urdu Translation,Surah Ibrahim 42 to 52,Ruku 7 Surah Ibrahim,Trjuma Surah Ibrahim 42 to 52 with Urdu Translation,Trjuma 42 to 52 Surah Ibrahim,Surah Ibrahim Urdu trjuma,Urdu trjuma Surah Ibrahim,Urdu Translation Surah Ibrahim Ayah 42 52,Surah Ibrahim Urdu Trjuma 42 52,Ayah 42 to 52 Surah Ibrahim",2024-06-23T14:00:32Z,PT6M41S,4
sUe3TbuoTls,Surah Ibrahim with Urdu Translation - Ayah 35 To 41 Ruku No 6,"Tarjuma by :
Molana Muhammad Saleem Akhtar

FRIDAY CLASS PLAYLIST 
https://www.youtube.com/playlist?list=PLQowKeTNj5RHy5aDTVNMg2UP2Idoaz0Kj

Quran With Urdu Translation
PLAYLIST LIVE URDU TRJUMA QURAN 2023
https://www.youtube.com/playlist?list=PLQowKeTNj5RFktbc8r-Duku_qu5AzR1LG

Quran With Urdu Translation
 اردو ترجمہ قرآن

All platfoms we are live on
Zikra Social Media Links

YouTube
https://www.youtube.com/channel/UCLYuowOAkMxiPFNWEDzqldQ?view_as=subscriber

Facebook
https://www.facebook.com/Zikra-Dar-ul-nashr-ذکریٰ-دار-النشر-102479931673745/

Tags:
Zikra trjuma Quran
urdu trjuma quran by Zikra dar ul nashr
Ramzan Live Trjuma
Quran Urdu Hindi Translation
اردو ترجمہ قرآن
zikra dar ul nashr

#quranwithurdutranslation 
#friday  
#urdutarjuma

zikra friday class
trjuma by molana muhammad saleem akhtar
zikra trjuma quran
zikra darul nashr
zikra dar ul nashr
trjuma by zikra
Muhammad Saleem Akhtar
Molana Muhammad saleem akhtar
zikra","zikra dar ul nashr,zikra trjuma quran,urdu trjuma quran,friday class zikra,zikra friday class,Surah Ibrahim with Urdu Translation,Surah Ibrahim 35 to 41,Ruku 6 Surah Ibrahim,Trjuma Surah Ibrahim 35 to 41 with Urdu Translation,Trjuma 35 to 41 Surah Ibrahim,Surah Ibrahim Urdu trjuma,Urdu trjuma Surah Ibrahim,Urdu Translation Surah Ibrahim Ayah 35 41,Surah Ibrahim Urdu Trjuma 35 41,Ayah 35 to 41 Surah Ibrahim",2024-06-22T14:00:44Z,PT6M18S,8
xj4TBSmOji0,Surah Ibrahim with Urdu Translation - Ayah 28 To 34 Ruku No 5,"Tarjuma by :
Molana Muhammad Saleem Akhtar

FRIDAY CLASS PLAYLIST 
https://www.youtube.com/playlist?list=PLQowKeTNj5RHy5aDTVNMg2UP2Idoaz0Kj

Quran With Urdu Translation
PLAYLIST LIVE URDU TRJUMA QURAN 2023
https://www.youtube.com/playlist?list=PLQowKeTNj5RFktbc8r-Duku_qu5AzR1LG

Quran With Urdu Translation
 اردو ترجمہ قرآن

All platfoms we are live on
Zikra Social Media Links

YouTube
https://www.youtube.com/channel/UCLYuowOAkMxiPFNWEDzqldQ?view_as=subscriber

Facebook
https://www.facebook.com/Zikra-Dar-ul-nashr-ذکریٰ-دار-النشر-102479931673745/

Tags:
Zikra trjuma Quran
urdu trjuma quran by Zikra dar ul nashr
Ramzan Live Trjuma
Quran Urdu Hindi Translation
اردو ترجمہ قرآن
zikra dar ul nashr

#quranwithurdutranslation 
#friday  
#urdutarjuma

zikra friday class
trjuma by molana muhammad saleem akhtar
zikra trjuma quran
zikra darul nashr
zikra dar ul nashr
trjuma by zikra
Muhammad Saleem Akhtar
Molana Muhammad saleem akhtar
zikra","zikra dar ul nashr,zikra trjuma quran,urdu trjuma quran,friday class zikra,zikra friday class,Surah Ibrahim with Urdu Translation,Surah Ibrahim 28 to 34,Ruku 5 Surah Ibrahim,Trjuma Surah Ibrahim 28 to 34 with Urdu Translation,Trjuma 28 to 34 Surah Ibrahim,Surah Ibrahim Urdu trjuma,Urdu trjuma Surah Ibrahim,Urdu Translation Surah Ibrahim Ayah 28 34,Surah Ibrahim Urdu Trjuma 28 34,Ayah 28 to 34 Surah Ibrahim",2024-06-20T14:00:46Z,PT4M41S,7
QSbDliTS7sg,اللَّهُ أَكْبَرُ اللَّهُ أَكْبَرُ لَا إلَهَ إلَّا اللَّهُ وَاَللَّهُ أَكْبَرُ اللَّهُ أَكْبَرُ ..,,,2024-06-15T22:26:06Z,PT25S,8
4rHFLxhroIo,Surah Ibrahim with Urdu Translation - Ayah 22 To 27 Ruku No 4,"Tarjuma by :
Molana Muhammad Saleem Akhtar

FRIDAY CLASS PLAYLIST 
https://www.youtube.com/playlist?list=PLQowKeTNj5RHy5aDTVNMg2UP2Idoaz0Kj

Quran With Urdu Translation
PLAYLIST LIVE URDU TRJUMA QURAN 2023
https://www.youtube.com/playlist?list=PLQowKeTNj5RFktbc8r-Duku_qu5AzR1LG

Quran With Urdu Translation
 اردو ترجمہ قرآن

All platfoms we are live on
Zikra Social Media Links

YouTube
https://www.youtube.com/channel/UCLYuowOAkMxiPFNWEDzqldQ?view_as=subscriber

Facebook
https://www.facebook.com/Zikra-Dar-ul-nashr-ذکریٰ-دار-النشر-102479931673745/

Tags:
Zikra trjuma Quran
urdu trjuma quran by Zikra dar ul nashr
Ramzan Live Trjuma
Quran Urdu Hindi Translation
اردو ترجمہ قرآن
zikra dar ul nashr

#quranwithurdutranslation 
#friday  
#urdutarjuma

zikra friday class
trjuma by molana muhammad saleem akhtar
zikra trjuma quran
zikra darul nashr
zikra dar ul nashr
trjuma by zikra
Muhammad Saleem Akhtar
Molana Muhammad saleem akhtar
zikra","zikra dar ul nashr,zikra trjuma quran,urdu trjuma quran,friday class zikra,zikra friday class,Surah Ibrahim with Urdu Translation,Surah Ibrahim 22 to 27,Ruku 4 Surah Ibrahim,Trjuma Surah Ibrahim 22 to 27 with Urdu Translation,Trjuma 22 to 27 Surah Ibrahim,Surah Ibrahim Urdu trjuma,Urdu trjuma Surah Ibrahim,Urdu Translation Surah Ibrahim Ayah 22 27,Surah Ibrahim Urdu Trjuma 22 27,Ayah 22 to 27 Surah Ibrahim",2024-06-15T14:00:05Z,PT6M39S,6
GBeUoRqgGPc,Surah Ibrahim with Urdu Translation - Ayah 13 To 21 Ruku No 3,"Tarjuma by :
Molana Muhammad Saleem Akhtar

FRIDAY CLASS PLAYLIST 
https://www.youtube.com/playlist?list=PLQowKeTNj5RHy5aDTVNMg2UP2Idoaz0Kj

Quran With Urdu Translation
PLAYLIST LIVE URDU TRJUMA QURAN 2023
https://www.youtube.com/playlist?list=PLQowKeTNj5RFktbc8r-Duku_qu5AzR1LG

Quran With Urdu Translation
 اردو ترجمہ قرآن

All platfoms we are live on
Zikra Social Media Links

YouTube
https://www.youtube.com/channel/UCLYuowOAkMxiPFNWEDzqldQ?view_as=subscriber

Facebook
https://www.facebook.com/Zikra-Dar-ul-nashr-ذکریٰ-دار-النشر-102479931673745/

Tags:
Zikra trjuma Quran
urdu trjuma quran by Zikra dar ul nashr
Ramzan Live Trjuma
Quran Urdu Hindi Translation
اردو ترجمہ قرآن
zikra dar ul nashr

#quranwithurdutranslation 
#friday  
#urdutarjuma

zikra friday class
trjuma by molana muhammad saleem akhtar
zikra trjuma quran
zikra darul nashr
zikra dar ul nashr
trjuma by zikra
Muhammad Saleem Akhtar
Molana Muhammad saleem akhtar
zikra","zikra dar ul nashr,zikra trjuma quran,urdu trjuma quran,friday class zikra,zikra friday class,Surah Ibrahim with Urdu Translation,Surah Ibrahim 13 to 21,Ruku 3 Surah Ibrahim,Trjuma Surah Ibrahim 13 to 21 with Urdu Translation,Trjuma 13 to 21 Surah Ibrahim,Surah Ibrahim Urdu trjuma,Urdu trjuma Surah Ibrahim,Urdu Translation Surah Ibrahim Ayah 13 21,Surah Ibrahim Urdu Trjuma 13 21,Ayah 13 to 21 Surah Ibrahim",2024-06-13T12:00:10Z,PT13M49S,4
uSm7Wr27MQg,Surah Ibrahim with Urdu Translation - Ayah 7 To 12 Ruku No 2,"Tarjuma by :
Molana Muhammad Saleem Akhtar

FRIDAY CLASS PLAYLIST 
https://www.youtube.com/playlist?list=PLQowKeTNj5RHy5aDTVNMg2UP2Idoaz0Kj

Quran With Urdu Translation
PLAYLIST LIVE URDU TRJUMA QURAN 2023
https://www.youtube.com/playlist?list=PLQowKeTNj5RFktbc8r-Duku_qu5AzR1LG

Quran With Urdu Translation
 اردو ترجمہ قرآن

All platfoms we are live on
Zikra Social Media Links

YouTube
https://www.youtube.com/channel/UCLYuowOAkMxiPFNWEDzqldQ?view_as=subscriber

Facebook
https://www.facebook.com/Zikra-Dar-ul-nashr-ذکریٰ-دار-النشر-102479931673745/

Tags:
Zikra trjuma Quran
urdu trjuma quran by Zikra dar ul nashr
Ramzan Live Trjuma
Quran Urdu Hindi Translation
اردو ترجمہ قرآن
zikra dar ul nashr

#quranwithurdutranslation 
#friday  
#urdutarjuma

zikra friday class
trjuma by molana muhammad saleem akhtar
zikra trjuma quran
zikra darul nashr
zikra dar ul nashr
trjuma by zikra
Muhammad Saleem Akhtar
Molana Muhammad saleem akhtar
zikra","zikra dar ul nashr,zikra trjuma quran,urdu trjuma quran,friday class zikra,zikra friday class,Surah Ibrahim with Urdu Translation,Surah Ibrahim 7 to 12,Ruku 2 Surah Ibrahim,Trjuma Surah Ibrahim 7 to 12 with Urdu Translation,Trjuma 7 to 12 Surah Ibrahim,Surah Ibrahim Urdu trjuma,Urdu trjuma Surah Ibrahim,Urdu Translation Surah Ibrahim Ayah 7 12,Surah Ibrahim Urdu Trjuma 7 12,Ayah 7 to 12 Surah Ibrahim",2024-06-12T12:01:01Z,PT7M9S,13
x9usWWM6cPI,Surah Ibrahim with Urdu Translation - Ayah 1 To 6 Ruku No 1,"Tarjuma by :
Molana Muhammad Saleem Akhtar

FRIDAY CLASS PLAYLIST 
https://www.youtube.com/playlist?list=PLQowKeTNj5RHy5aDTVNMg2UP2Idoaz0Kj

Quran With Urdu Translation
PLAYLIST LIVE URDU TRJUMA QURAN 2023
https://www.youtube.com/playlist?list=PLQowKeTNj5RFktbc8r-Duku_qu5AzR1LG

Quran With Urdu Translation
 اردو ترجمہ قرآن

All platfoms we are live on
Zikra Social Media Links

YouTube
https://www.youtube.com/channel/UCLYuowOAkMxiPFNWEDzqldQ?view_as=subscriber

Facebook
https://www.facebook.com/Zikra-Dar-ul-nashr-ذکریٰ-دار-النشر-102479931673745/

Tags:
Zikra trjuma Quran
urdu trjuma quran by Zikra dar ul nashr
Ramzan Live Trjuma
Quran Urdu Hindi Translation
اردو ترجمہ قرآن
zikra dar ul nashr

#quranwithurdutranslation 
#friday  
#urdutarjuma

zikra friday class
trjuma by molana muhammad saleem akhtar
zikra trjuma quran
zikra darul nashr
zikra dar ul nashr
trjuma by zikra
Muhammad Saleem Akhtar
Molana Muhammad saleem akhtar
zikra","zikra dar ul nashr,zikra trjuma quran,urdu trjuma quran,friday class zikra,zikra friday class,Surah Ibrahim with Urdu Translation,Surah Ibrahim 1 to 6,Ruku 1 Surah Ibrahim,Trjuma Surah Ibrahim 1 to 6 with Urdu Translation,Trjuma 1 to 6 Surah Ibrahim,Surah Ibrahim Urdu trjuma,Urdu trjuma Surah Ibrahim,Urdu Translation Surah Ibrahim Ayah 1 6,Surah Ibrahim Urdu Trjuma 1 6,Ayah 1 to 6 Surah Ibrahim",2024-06-11T12:00:53Z,PT6M11S,18
Wi1o-FsZpvE,Surah Ar-Ra'd with Urdu Translation - Ayah 38 To 43 Ruku No 6,"Tarjuma by :
Molana Muhammad Saleem Akhtar

FRIDAY CLASS PLAYLIST 
https://www.youtube.com/playlist?list=PLQowKeTNj5RHy5aDTVNMg2UP2Idoaz0Kj

Quran With Urdu Translation
PLAYLIST LIVE URDU TRJUMA QURAN 2023
https://www.youtube.com/playlist?list=PLQowKeTNj5RFktbc8r-Duku_qu5AzR1LG

Quran With Urdu Translation
 اردو ترجمہ قرآن

All platfoms we are live on
Zikra Social Media Links

YouTube
https://www.youtube.com/channel/UCLYuowOAkMxiPFNWEDzqldQ?view_as=subscriber

Facebook
https://www.facebook.com/Zikra-Dar-ul-nashr-ذکریٰ-دار-النشر-102479931673745/

Tags:
Zikra trjuma Quran
urdu trjuma quran by Zikra dar ul nashr
Ramzan Live Trjuma
Quran Urdu Hindi Translation
اردو ترجمہ قرآن
zikra dar ul nashr

#quranwithurdutranslation 
#friday  
#urdutarjuma

zikra friday class
trjuma by molana muhammad saleem akhtar
zikra trjuma quran
zikra darul nashr
zikra dar ul nashr
trjuma by zikra
Muhammad Saleem Akhtar
Molana Muhammad saleem akhtar
zikra","zikra dar ul nashr,zikra trjuma quran,urdu trjuma quran,friday class zikra,zikra friday class,Surah Ar-Ra'd with Urdu Translation,Surah Ar-Ra'd 38 to 43,Ruku 6 Surah Ar-Ra'd,Trjuma Surah Ar-Ra'd 38 to 43 with Urdu Translation,Trjuma 38 to 43 Surah Ar-Ra'd,Surah Ar-Ra'd Urdu trjuma,Urdu trjuma Surah Ar-Ra'd,Urdu Translation Surah Ar-Ra'd Ayah 38 43,Surah Ar-Ra'd Urdu Trjuma 38 43,Ayah 38 to 43 Surah Ar-Ra'd",2024-06-10T12:00:26Z,PT6M12S,10
FTuBkwbivuI,Surah Ar-Ra'd with Urdu Translation - Ayah 27 To 31 Ruku No 4,"Tarjuma by :
Molana Muhammad Saleem Akhtar

FRIDAY CLASS PLAYLIST 
https://www.youtube.com/playlist?list=PLQowKeTNj5RHy5aDTVNMg2UP2Idoaz0Kj

Quran With Urdu Translation
PLAYLIST LIVE URDU TRJUMA QURAN 2023
https://www.youtube.com/playlist?list=PLQowKeTNj5RFktbc8r-Duku_qu5AzR1LG

Quran With Urdu Translation
 اردو ترجمہ قرآن

All platfoms we are live on
Zikra Social Media Links

YouTube
https://www.youtube.com/channel/UCLYuowOAkMxiPFNWEDzqldQ?view_as=subscriber

Facebook
https://www.facebook.com/Zikra-Dar-ul-nashr-ذکریٰ-دار-النشر-102479931673745/

Tags:
Zikra trjuma Quran
urdu trjuma quran by Zikra dar ul nashr
Ramzan Live Trjuma
Quran Urdu Hindi Translation
اردو ترجمہ قرآن
zikra dar ul nashr

#quranwithurdutranslation 
#friday  
#urdutarjuma

zikra friday class
trjuma by molana muhammad saleem akhtar
zikra trjuma quran
zikra darul nashr
zikra dar ul nashr
trjuma by zikra
Muhammad Saleem Akhtar
Molana Muhammad saleem akhtar
zikra","zikra dar ul nashr,zikra trjuma quran,urdu trjuma quran,friday class zikra,zikra friday class,Surah Ar-Ra'd with Urdu Translation,Surah Ar-Ra'd 27 to 31,Ruku 4 Surah Ar-Ra'd,Trjuma Surah Ar-Ra'd 27 to 31 with Urdu Translation,Trjuma 27 to 31 Surah Ar-Ra'd,Surah Ar-Ra'd Urdu trjuma,Urdu trjuma Surah Ar-Ra'd,Urdu Translation Surah Ar-Ra'd Ayah 27 31,Surah Ar-Ra'd Urdu Trjuma 27 31,Ayah 27 to 31 Surah Ar-Ra'd",2024-06-08T12:00:13Z,PT6M57S,5
zdeNHHHuIu0,Live 2024 - Parah 20 Ruba 1 Urdu Trjuma Quran | Zikra Dar Ul Nashr,"Urdu Trjuma #live #zikra #quranlive #quran #livetarjuma #youtubelive
#zikradarulnashr #urdutajuma #quraninurdu
Zikra Dar Ul Nashr",,2024-06-08T04:12:38Z,PT51M57S,15
MYixZTM6Q0Q,Surah Ar-Ra'd with Urdu Translation - Ayah 19 To 26 Ruku No 3,"Tarjuma by :
Molana Muhammad Saleem Akhtar

FRIDAY CLASS PLAYLIST 
https://www.youtube.com/playlist?list=PLQowKeTNj5RHy5aDTVNMg2UP2Idoaz0Kj

Quran With Urdu Translation
PLAYLIST LIVE URDU TRJUMA QURAN 2023
https://www.youtube.com/playlist?list=PLQowKeTNj5RFktbc8r-Duku_qu5AzR1LG

Quran With Urdu Translation
 اردو ترجمہ قرآن

All platfoms we are live on
Zikra Social Media Links

YouTube
https://www.youtube.com/channel/UCLYuowOAkMxiPFNWEDzqldQ?view_as=subscriber

Facebook
https://www.facebook.com/Zikra-Dar-ul-nashr-ذکریٰ-دار-النشر-102479931673745/

Tags:
Zikra trjuma Quran
urdu trjuma quran by Zikra dar ul nashr
Ramzan Live Trjuma
Quran Urdu Hindi Translation
اردو ترجمہ قرآن
zikra dar ul nashr

#quranwithurdutranslation 
#friday  
#urdutarjuma

zikra friday class
trjuma by molana muhammad saleem akhtar
zikra trjuma quran
zikra darul nashr
zikra dar ul nashr
trjuma by zikra
Muhammad Saleem Akhtar
Molana Muhammad saleem akhtar
zikra","zikra dar ul nashr,zikra trjuma quran,urdu trjuma quran,friday class zikra,zikra friday class,Surah Ar-Ra'd with Urdu Translation,Surah Ar-Ra'd 19 to 26,Ruku 3 Surah Ar-Ra'd,Trjuma Surah Ar-Ra'd 19 to 26 with Urdu Translation,Trjuma 19 to 26 Surah Ar-Ra'd,Surah Ar-Ra'd Urdu trjuma,Urdu trjuma Surah Ar-Ra'd,Urdu Translation Surah Ar-Ra'd Ayah 19 26,Surah Ar-Ra'd Urdu Trjuma 19 26,Ayah 19 to 26 Surah Ar-Ra'd",2024-06-06T12:00:21Z,PT9M19S,8
ckHcHnWo8UU,Surah Ar-Ra'd with Urdu Translation - Ayah 1 To 7 Ruku No 1,"Tarjuma by :
Molana Muhammad Saleem Akhtar

FRIDAY CLASS PLAYLIST 
https://www.youtube.com/playlist?list=PLQowKeTNj5RHy5aDTVNMg2UP2Idoaz0Kj

Quran With Urdu Translation
PLAYLIST LIVE URDU TRJUMA QURAN 2023
https://www.youtube.com/playlist?list=PLQowKeTNj5RFktbc8r-Duku_qu5AzR1LG

Quran With Urdu Translation
 اردو ترجمہ قرآن

All platfoms we are live on
Zikra Social Media Links

YouTube
https://www.youtube.com/channel/UCLYuowOAkMxiPFNWEDzqldQ?view_as=subscriber

Facebook
https://www.facebook.com/Zikra-Dar-ul-nashr-ذکریٰ-دار-النشر-102479931673745/

Tags:
Zikra trjuma Quran
urdu trjuma quran by Zikra dar ul nashr
Ramzan Live Trjuma
Quran Urdu Hindi Translation
اردو ترجمہ قرآن
zikra dar ul nashr

#quranwithurdutranslation 
#friday  
#urdutarjuma

zikra friday class
trjuma by molana muhammad saleem akhtar
zikra trjuma quran
zikra darul nashr
zikra dar ul nashr
trjuma by zikra
Muhammad Saleem Akhtar
Molana Muhammad saleem akhtar
zikra","zikra dar ul nashr,zikra trjuma quran,urdu trjuma quran,friday class zikra,zikra friday class,Surah Ar-Ra'd with Urdu Translation,Surah Ar-Ra'd 1 to 7,Ruku 1 Surah Ar-Ra'd,Trjuma Surah Ar-Ra'd 1 to 7 with Urdu Translation,Trjuma 1 to 7 Surah Ar-Ra'd,Surah Ar-Ra'd Urdu trjuma,Urdu trjuma Surah Ar-Ra'd,Urdu Translation Surah Ar-Ra'd Ayah 1 7,Surah Ar-Ra'd Urdu Trjuma 1 7,Ayah 1 to 7 Surah Ar-Ra'd",2024-06-04T12:00:37Z,PT9M12S,12
tCQgq8JuyGU,Surah Yusuf with Urdu Translation - Ayah 105 To 111 Ruku No 12,"Tarjuma by :
Molana Muhammad Saleem Akhtar

FRIDAY CLASS PLAYLIST 
https://www.youtube.com/playlist?list=PLQowKeTNj5RHy5aDTVNMg2UP2Idoaz0Kj

Quran With Urdu Translation
PLAYLIST LIVE URDU TRJUMA QURAN 2023
https://www.youtube.com/playlist?list=PLQowKeTNj5RFktbc8r-Duku_qu5AzR1LG

Quran With Urdu Translation
 اردو ترجمہ قرآن

All platfoms we are live on
Zikra Social Media Links

YouTube
https://www.youtube.com/channel/UCLYuowOAkMxiPFNWEDzqldQ?view_as=subscriber

Facebook
https://www.facebook.com/Zikra-Dar-ul-nashr-ذکریٰ-دار-النشر-102479931673745/

Tags:
Zikra trjuma Quran
urdu trjuma quran by Zikra dar ul nashr
Ramzan Live Trjuma
Quran Urdu Hindi Translation
اردو ترجمہ قرآن
zikra dar ul nashr

#quranwithurdutranslation 
#friday  
#urdutarjuma

zikra friday class
trjuma by molana muhammad saleem akhtar
zikra trjuma quran
zikra darul nashr
zikra dar ul nashr
trjuma by zikra
Muhammad Saleem Akhtar
Molana Muhammad saleem akhtar
zikra","zikra dar ul nashr,zikra trjuma quran,urdu trjuma quran,friday class zikra,zikra friday class,Surah Yusuf with Urdu Translation,Surah Yusuf 105 to 111,Ruku 12 Surah Yusuf,Trjuma Surah Yusuf 105 to 111 with Urdu Translation,Trjuma 105 to 111 Surah Yusuf,Surah Yusuf Urdu trjuma,Urdu trjuma Surah Yusuf,Urdu Translation Surah Yusuf Ayah 105 111,Surah Yusuf Urdu Trjuma 105 111,Ayah 105 to 111 Surah Yusuf",2024-06-03T12:00:51Z,PT9M,18
Mn9DVGy4jxU,Surah Yusuf with Urdu Translation - Ayah 69 To 79 Ruku No 9,"Tarjuma by :
Molana Muhammad Saleem Akhtar

FRIDAY CLASS PLAYLIST 
https://www.youtube.com/playlist?list=PLQowKeTNj5RHy5aDTVNMg2UP2Idoaz0Kj

Quran With Urdu Translation
PLAYLIST LIVE URDU TRJUMA QURAN 2023
https://www.youtube.com/playlist?list=PLQowKeTNj5RFktbc8r-Duku_qu5AzR1LG

Quran With Urdu Translation
 اردو ترجمہ قرآن

All platfoms we are live on
Zikra Social Media Links

YouTube
https://www.youtube.com/channel/UCLYuowOAkMxiPFNWEDzqldQ?view_as=subscriber

Facebook
https://www.facebook.com/Zikra-Dar-ul-nashr-ذکریٰ-دار-النشر-102479931673745/

Tags:
Zikra trjuma Quran
urdu trjuma quran by Zikra dar ul nashr
Ramzan Live Trjuma
Quran Urdu Hindi Translation
اردو ترجمہ قرآن
zikra dar ul nashr

#quranwithurdutranslation 
#friday  
#urdutarjuma

zikra friday class
trjuma by molana muhammad saleem akhtar
zikra trjuma quran
zikra darul nashr
zikra dar ul nashr
trjuma by zikra
Muhammad Saleem Akhtar
Molana Muhammad saleem akhtar
zikra","zikra dar ul nashr,zikra trjuma quran,urdu trjuma quran,friday class zikra,zikra friday class,Surah Yusuf with Urdu Translation,Surah Yusuf 69 to 79,Ruku 9 Surah Yusuf,Trjuma Surah Yusuf 69 to 79 with Urdu Translation,Trjuma 69 to 79 Surah Yusuf,Surah Yusuf Urdu trjuma,Urdu trjuma Surah Yusuf,Urdu Translation Surah Yusuf Ayah 69 79,Surah Yusuf Urdu Trjuma 69 79,Ayah 69 to 79 Surah Yusuf",2024-05-30T12:00:20Z,PT11M51S,10
I4psxB5uZ04,And Your Lord is Never Forgetful......🥺,,,2024-05-29T14:10:24Z,PT12S,441
Zn0lR3PPVuo,Surah Yusuf with Urdu Translation - Ayah 50 To 57 Ruku No 7,"Tarjuma by :
Molana Muhammad Saleem Akhtar

FRIDAY CLASS PLAYLIST 
https://www.youtube.com/playlist?list=PLQowKeTNj5RHy5aDTVNMg2UP2Idoaz0Kj

Quran With Urdu Translation
PLAYLIST LIVE URDU TRJUMA QURAN 2023
https://www.youtube.com/playlist?list=PLQowKeTNj5RFktbc8r-Duku_qu5AzR1LG

Quran With Urdu Translation
 اردو ترجمہ قرآن

All platfoms we are live on
Zikra Social Media Links

YouTube
https://www.youtube.com/channel/UCLYuowOAkMxiPFNWEDzqldQ?view_as=subscriber

Facebook
https://www.facebook.com/Zikra-Dar-ul-nashr-ذکریٰ-دار-النشر-102479931673745/

Tags:
Zikra trjuma Quran
urdu trjuma quran by Zikra dar ul nashr
Ramzan Live Trjuma
Quran Urdu Hindi Translation
اردو ترجمہ قرآن
zikra dar ul nashr

#quranwithurdutranslation 
#friday  
#urdutarjuma

zikra friday class
trjuma by molana muhammad saleem akhtar
zikra trjuma quran
zikra darul nashr
zikra dar ul nashr
trjuma by zikra
Muhammad Saleem Akhtar
Molana Muhammad saleem akhtar
zikra","zikra dar ul nashr,zikra trjuma quran,urdu trjuma quran,friday class zikra,zikra friday class,Surah Yusuf with Urdu Translation,Surah Yusuf 50 to 57,Ruku 7 Surah Yusuf,Trjuma Surah Yusuf 50 to 57 with Urdu Translation,Trjuma 50 to 57 Surah Yusuf,Surah Yusuf Urdu trjuma,Urdu trjuma Surah Yusuf,Urdu Translation Surah Yusuf Ayah 50 57,Surah Yusuf Urdu Trjuma 50 57,Ayah 50 to 57 Surah Yusuf",2024-05-28T12:00:37Z,PT6M40S,11
G5FxCckVnpE,Surah Yusuf with Urdu Translation - Ayah 36 To 42 Ruku No 5,"Tarjuma by :
Molana Muhammad Saleem Akhtar

FRIDAY CLASS PLAYLIST 
https://www.youtube.com/playlist?list=PLQowKeTNj5RHy5aDTVNMg2UP2Idoaz0Kj

Quran With Urdu Translation
PLAYLIST LIVE URDU TRJUMA QURAN 2023
https://www.youtube.com/playlist?list=PLQowKeTNj5RFktbc8r-Duku_qu5AzR1LG

Quran With Urdu Translation
 اردو ترجمہ قرآن

All platfoms we are live on
Zikra Social Media Links

YouTube
https://www.youtube.com/channel/UCLYuowOAkMxiPFNWEDzqldQ?view_as=subscriber

Facebook
https://www.facebook.com/Zikra-Dar-ul-nashr-ذکریٰ-دار-النشر-102479931673745/

Tags:
Zikra trjuma Quran
urdu trjuma quran by Zikra dar ul nashr
Ramzan Live Trjuma
Quran Urdu Hindi Translation
اردو ترجمہ قرآن
zikra dar ul nashr

#quranwithurdutranslation 
#friday  
#urdutarjuma

zikra friday class
trjuma by molana muhammad saleem akhtar
zikra trjuma quran
zikra darul nashr
zikra dar ul nashr
trjuma by zikra
Muhammad Saleem Akhtar
Molana Muhammad saleem akhtar
zikra","Surah Yusuf with Urdu Translation - Ayah 36 To 42 Ruku No 5,zikra dar ul nashr,zikra trjuma quran,urdu trjuma quran,friday class zikra,zikra friday class,Surah Yusuf with Urdu Translation,Surah Yusuf 36 to 42,Ruku 5 Surah Yusuf,Trjuma Surah Yusuf 36 to 42 with Urdu Translation,Trjuma 36 to 42 Surah Yusuf,Surah Yusuf Urdu trjuma,Urdu trjuma Surah Yusuf,Urdu Translation Surah Yusuf Ayah 36 42,Surah Yusuf Urdu Trjuma 36 42,Ayah 36 to 42 Surah Yusuf",2024-05-26T12:00:21Z,PT9M26S,12
X32X4k7hDuA,Surah Yusuf with Urdu Translation - Ayah 30 To 35 Ruku No 4,"Tarjuma by :
Molana Muhammad Saleem Akhtar

FRIDAY CLASS PLAYLIST 
https://www.youtube.com/playlist?list=PLQowKeTNj5RHy5aDTVNMg2UP2Idoaz0Kj

Quran With Urdu Translation
PLAYLIST LIVE URDU TRJUMA QURAN 2023
https://www.youtube.com/playlist?list=PLQowKeTNj5RFktbc8r-Duku_qu5AzR1LG

Quran With Urdu Translation
 اردو ترجمہ قرآن

All platfoms we are live on
Zikra Social Media Links

YouTube
https://www.youtube.com/channel/UCLYuowOAkMxiPFNWEDzqldQ?view_as=subscriber

Facebook
https://www.facebook.com/Zikra-Dar-ul-nashr-ذکریٰ-دار-النشر-102479931673745/

Tags:
Zikra trjuma Quran
urdu trjuma quran by Zikra dar ul nashr
Ramzan Live Trjuma
Quran Urdu Hindi Translation
اردو ترجمہ قرآن
zikra dar ul nashr

#quranwithurdutranslation 
#friday  
#urdutarjuma

zikra friday class
trjuma by molana muhammad saleem akhtar
zikra trjuma quran
zikra darul nashr
zikra dar ul nashr
trjuma by zikra
Muhammad Saleem Akhtar
Molana Muhammad saleem akhtar
zikra","zikra dar ul nashr,zikra trjuma quran,urdu trjuma quran,friday class zikra,zikra friday class,Surah Yusuf with Urdu Translation,Surah Yusuf 30 to 35,Ruku 4 Surah Yusuf,Trjuma Surah Yusuf 30 to 35 with Urdu Translation,Trjuma 30 to 35 Surah Yusuf,Surah Yusuf Urdu trjuma,Urdu trjuma Surah Yusuf,Urdu Translation Surah Yusuf Ayah 30 35,Surah Yusuf Urdu Trjuma 30 35,Ayah 30 to 35 Surah Yusuf",2024-05-25T12:00:25Z,PT6M33S,16
-FSahPVkV18,I'm With you💖....,,,2024-05-25T09:16:22Z,PT11S,121
k6GRW175i98,Live 2024 - Parah 19 Ruba 3 Urdu Trjuma Quran | Zikra Dar Ul Nashr,"Urdu Trjuma #live #zikra #quranlive #quran #livetarjuma #youtubelive
#zikradarulnashr #urdutajuma #quraninurdu
Zikra Dar Ul Nashr",,2024-05-25T04:19:34Z,PT1H7S,34
XeqDoZJYsOc,Surah Yusuf with Urdu Translation - Ayah 21 To 29 Ruku No 3,"Tarjuma by :
Molana Muhammad Saleem Akhtar

FRIDAY CLASS PLAYLIST 
https://www.youtube.com/playlist?list=PLQowKeTNj5RHy5aDTVNMg2UP2Idoaz0Kj

Quran With Urdu Translation
PLAYLIST LIVE URDU TRJUMA QURAN 2023
https://www.youtube.com/playlist?list=PLQowKeTNj5RFktbc8r-Duku_qu5AzR1LG

Quran With Urdu Translation
 اردو ترجمہ قرآن

All platfoms we are live on
Zikra Social Media Links

YouTube
https://www.youtube.com/channel/UCLYuowOAkMxiPFNWEDzqldQ?view_as=subscriber

Facebook
https://www.facebook.com/Zikra-Dar-ul-nashr-ذکریٰ-دار-النشر-102479931673745/

Tags:
Zikra trjuma Quran
urdu trjuma quran by Zikra dar ul nashr
Ramzan Live Trjuma
Quran Urdu Hindi Translation
اردو ترجمہ قرآن
zikra dar ul nashr

#quranwithurdutranslation 
#friday  
#urdutarjuma

zikra friday class
trjuma by molana muhammad saleem akhtar
zikra trjuma quran
zikra darul nashr
zikra dar ul nashr
trjuma by zikra
Muhammad Saleem Akhtar
Molana Muhammad saleem akhtar
zikra","zikra dar ul nashr,zikra trjuma quran,urdu trjuma quran,friday class zikra,zikra friday class,Surah Yusuf with Urdu Translation,Surah Yusuf 21 to 29,Ruku 3 Surah Yusuf,Trjuma Surah Yusuf 21 to 29 with Urdu Translation,Trjuma 21 to 29 Surah Yusuf,Surah Yusuf Urdu trjuma,Urdu trjuma Surah Yusuf,Urdu Translation Surah Yusuf Ayah 21 29,Surah Yusuf Urdu Trjuma 21 29,Ayah 21 to 29 Surah Yusuf",2024-05-23T12:00:35Z,PT11M38S,40
wE14lBqvCpE,Surah Yusuf with Urdu Translation - Ayah 7 To 20 Ruku No 2,"Tarjuma by :
Molana Muhammad Saleem Akhtar

FRIDAY CLASS PLAYLIST 
https://www.youtube.com/playlist?list=PLQowKeTNj5RHy5aDTVNMg2UP2Idoaz0Kj

Quran With Urdu Translation
PLAYLIST LIVE URDU TRJUMA QURAN 2023
https://www.youtube.com/playlist?list=PLQowKeTNj5RFktbc8r-Duku_qu5AzR1LG

Quran With Urdu Translation
 اردو ترجمہ قرآن

All platfoms we are live on
Zikra Social Media Links

YouTube
https://www.youtube.com/channel/UCLYuowOAkMxiPFNWEDzqldQ?view_as=subscriber

Facebook
https://www.facebook.com/Zikra-Dar-ul-nashr-ذکریٰ-دار-النشر-102479931673745/

Tags:
Zikra trjuma Quran
urdu trjuma quran by Zikra dar ul nashr
Ramzan Live Trjuma
Quran Urdu Hindi Translation
اردو ترجمہ قرآن
zikra dar ul nashr

#quranwithurdutranslation 
#friday  
#urdutarjuma

zikra friday class
trjuma by molana muhammad saleem akhtar
zikra trjuma quran
zikra darul nashr
zikra dar ul nashr
trjuma by zikra
Muhammad Saleem Akhtar
Molana Muhammad saleem akhtar
zikra","zikra dar ul nashr,zikra trjuma quran,urdu trjuma quran,friday class zikra,zikra friday class,Surah Yusuf with Urdu Translation,Surah Yusuf 7 to 20,Ruku 2 Surah Yusuf,Trjuma Surah Yusuf 7 to 20 with Urdu Translation,Trjuma 7 to 20 Surah Yusuf,Surah Yusuf Urdu trjuma,Urdu trjuma Surah Yusuf,Urdu Translation Surah Yusuf Ayah 7 20,Surah Yusuf Urdu Trjuma 7 20,Ayah 7 to 20 Surah Yusuf",2024-05-22T12:01:03Z,PT7M48S,26
5Q6tpfqCS-0,Surah Yusuf with Urdu Translation - Ayah 1 To 6 Ruku No 1,"Tarjuma by :
Molana Muhammad Saleem Akhtar

FRIDAY CLASS PLAYLIST 
https://www.youtube.com/playlist?list=PLQowKeTNj5RHy5aDTVNMg2UP2Idoaz0Kj

Quran With Urdu Translation
PLAYLIST LIVE URDU TRJUMA QURAN 2023
https://www.youtube.com/playlist?list=PLQowKeTNj5RFktbc8r-Duku_qu5AzR1LG

Quran With Urdu Translation
 اردو ترجمہ قرآن

All platfoms we are live on
Zikra Social Media Links

YouTube
https://www.youtube.com/channel/UCLYuowOAkMxiPFNWEDzqldQ?view_as=subscriber

Facebook
https://www.facebook.com/Zikra-Dar-ul-nashr-ذکریٰ-دار-النشر-102479931673745/

Tags:
Zikra trjuma Quran
urdu trjuma quran by Zikra dar ul nashr
Ramzan Live Trjuma
Quran Urdu Hindi Translation
اردو ترجمہ قرآن
zikra dar ul nashr

#quranwithurdutranslation 
#friday  
#urdutarjuma

zikra friday class
trjuma by molana muhammad saleem akhtar
zikra trjuma quran
zikra darul nashr
zikra dar ul nashr
trjuma by zikra
Muhammad Saleem Akhtar
Molana Muhammad saleem akhtar
zikra","zikra dar ul nashr,zikra trjuma quran,urdu trjuma quran,friday class zikra,zikra friday class,Surah Yusuf with Urdu Translation,Surah Yusuf 1 to 6,Ruku 1 Surah Yusuf,Trjuma Surah Yusuf 1 to 6 with Urdu Translation,Trjuma 1 to 6 Surah Yusuf,Surah Yusuf Urdu trjuma,Urdu trjuma Surah Yusuf,Urdu Translation Surah Yusuf Ayah 1 6,Surah Yusuf Urdu Trjuma 1 6,Ayah 1 to 6 Surah Yusuf",2024-05-21T12:00:08Z,PT3M44S,67
F4-vfGpanhQ,Surah Hud with Urdu Translation - Ayah 110 To 123 Ruku No 10,"Tarjuma by :
Molana Muhammad Saleem Akhtar

FRIDAY CLASS PLAYLIST 
https://www.youtube.com/playlist?list=PLQowKeTNj5RHy5aDTVNMg2UP2Idoaz0Kj

Quran With Urdu Translation
PLAYLIST LIVE URDU TRJUMA QURAN 2023
https://www.youtube.com/playlist?list=PLQowKeTNj5RFktbc8r-Duku_qu5AzR1LG

Quran With Urdu Translation
 اردو ترجمہ قرآن

All platfoms we are live on
Zikra Social Media Links

YouTube
https://www.youtube.com/channel/UCLYuowOAkMxiPFNWEDzqldQ?view_as=subscriber

Facebook
https://www.facebook.com/Zikra-Dar-ul-nashr-ذکریٰ-دار-النشر-102479931673745/

Tags:
Zikra trjuma Quran
urdu trjuma quran by Zikra dar ul nashr
Ramzan Live Trjuma
Quran Urdu Hindi Translation
اردو ترجمہ قرآن
zikra dar ul nashr

#quranwithurdutranslation 
#friday  
#urdutarjuma

zikra friday class
trjuma by molana muhammad saleem akhtar
zikra trjuma quran
zikra darul nashr
zikra dar ul nashr
trjuma by zikra
Muhammad Saleem Akhtar
Molana Muhammad saleem akhtar
zikra","zikra dar ul nashr,zikra trjuma quran,urdu trjuma quran,friday class zikra,zikra friday class,Surah Hud with Urdu Translation,Surah Hud 110 to 123,Ruku 10 Surah Hud,Trjuma Surah Hud 110 to 123 with Urdu Translation,Trjuma 110 to 123 Surah Hud,Surah Hud Urdu trjuma,Urdu trjuma Surah Hud,Urdu Translation Surah Hud Ayah 110 123,Surah Hud Urdu Trjuma 110 123,Ayah 110 to 123 Surah Hud",2024-05-20T00:00:06Z,PT8M15S,21
4MqeSgByoPs,Surah Hud with Urdu Translation - Ayah 96 To 109 Ruku No 9,"Tarjuma by :
Molana Muhammad Saleem Akhtar

FRIDAY CLASS PLAYLIST 
https://www.youtube.com/playlist?list=PLQowKeTNj5RHy5aDTVNMg2UP2Idoaz0Kj

Quran With Urdu Translation
PLAYLIST LIVE URDU TRJUMA QURAN 2023
https://www.youtube.com/playlist?list=PLQowKeTNj5RFktbc8r-Duku_qu5AzR1LG

Quran With Urdu Translation
 اردو ترجمہ قرآن

All platfoms we are live on
Zikra Social Media Links

YouTube
https://www.youtube.com/channel/UCLYuowOAkMxiPFNWEDzqldQ?view_as=subscriber

Facebook
https://www.facebook.com/Zikra-Dar-ul-nashr-ذکریٰ-دار-النشر-102479931673745/

Tags:
Zikra trjuma Quran
urdu trjuma quran by Zikra dar ul nashr
Ramzan Live Trjuma
Quran Urdu Hindi Translation
اردو ترجمہ قرآن
zikra dar ul nashr

#quranwithurdutranslation 
#friday  
#urdutarjuma

zikra friday class
trjuma by molana muhammad saleem akhtar
zikra trjuma quran
zikra darul nashr
zikra dar ul nashr
trjuma by zikra
Muhammad Saleem Akhtar
Molana Muhammad saleem akhtar
zikra","zikra dar ul nashr,zikra trjuma quran,urdu trjuma quran,friday class zikra,zikra friday class,Surah Hud with Urdu Translation,Surah Hud 96 to 109,Ruku 9 Surah Hud,Trjuma Surah Hud 96 to 109 with Urdu Translation,Trjuma 96 to 109 Surah Hud,Surah Hud Urdu trjuma,Urdu trjuma Surah Hud,Urdu Translation Surah Hud Ayah 96 109,Surah Hud Urdu Trjuma 96 109,Ayah 96 to 109 Surah Hud",2024-05-19T12:00:03Z,PT8M19S,11
Rp4_TvyJGVo,Seek Help🙏from Allah through patience & Prayer #quran,,,2024-05-18T17:05:37Z,PT16S,474
6ZrnfTWS8jw,Surah Hud with Urdu Translation - Ayah 84 To 95 Ruku No 8,"Tarjuma by :
Molana Muhammad Saleem Akhtar

FRIDAY CLASS PLAYLIST 
https://www.youtube.com/playlist?list=PLQowKeTNj5RHy5aDTVNMg2UP2Idoaz0Kj

Quran With Urdu Translation
PLAYLIST LIVE URDU TRJUMA QURAN 2023
https://www.youtube.com/playlist?list=PLQowKeTNj5RFktbc8r-Duku_qu5AzR1LG

Quran With Urdu Translation
 اردو ترجمہ قرآن

All platfoms we are live on
Zikra Social Media Links

YouTube
https://www.youtube.com/channel/UCLYuowOAkMxiPFNWEDzqldQ?view_as=subscriber

Facebook
https://www.facebook.com/Zikra-Dar-ul-nashr-ذکریٰ-دار-النشر-102479931673745/

Tags:
Zikra trjuma Quran
urdu trjuma quran by Zikra dar ul nashr
Ramzan Live Trjuma
Quran Urdu Hindi Translation
اردو ترجمہ قرآن
zikra dar ul nashr

#quranwithurdutranslation 
#friday  
#urdutarjuma

zikra friday class
trjuma by molana muhammad saleem akhtar
zikra trjuma quran
zikra darul nashr
zikra dar ul nashr
trjuma by zikra
Muhammad Saleem Akhtar
Molana Muhammad saleem akhtar
zikra","zikra dar ul nashr,zikra trjuma quran,urdu trjuma quran,friday class zikra,zikra friday class,Surah Hud with Urdu Translation,Surah Hud 84 to 95,Ruku 8 Surah Hud,Trjuma Surah Hud 84 to 95 with Urdu Translation,Trjuma 84 to 95 Surah Hud,Surah Hud Urdu trjuma,Urdu trjuma Surah Hud,Urdu Translation Surah Hud Ayah 84 95,Surah Hud Urdu Trjuma 84 95,Ayah 84 to 95 Surah Hud",2024-05-18T12:00:06Z,PT15M45S,11
28yOWrtVicY,Surah Hud with Urdu Translation - Ayah 50 To 60 Ruku No 5,"Tarjuma by :
Molana Muhammad Saleem Akhtar

FRIDAY CLASS PLAYLIST 
https://www.youtube.com/playlist?list=PLQowKeTNj5RHy5aDTVNMg2UP2Idoaz0Kj

Quran With Urdu Translation
PLAYLIST LIVE URDU TRJUMA QURAN 2023
https://www.youtube.com/playlist?list=PLQowKeTNj5RFktbc8r-Duku_qu5AzR1LG

Quran With Urdu Translation
 اردو ترجمہ قرآن

All platfoms we are live on
Zikra Social Media Links

YouTube
https://www.youtube.com/channel/UCLYuowOAkMxiPFNWEDzqldQ?view_as=subscriber

Facebook
https://www.facebook.com/Zikra-Dar-ul-nashr-ذکریٰ-دار-النشر-102479931673745/

Tags:
Zikra trjuma Quran
urdu trjuma quran by Zikra dar ul nashr
Ramzan Live Trjuma
Quran Urdu Hindi Translation
اردو ترجمہ قرآن
zikra dar ul nashr

#quranwithurdutranslation 
#friday  
#urdutarjuma

zikra friday class
trjuma by molana muhammad saleem akhtar
zikra trjuma quran
zikra darul nashr
zikra dar ul nashr
trjuma by zikra
Muhammad Saleem Akhtar
Molana Muhammad saleem akhtar
zikra","zikra dar ul nashr,zikra trjuma quran,urdu trjuma quran,friday class zikra,zikra friday class,Surah Hud with Urdu Translation,Surah Hud 50 to 60,Ruku 5 Surah Hud,Trjuma Surah Hud 50 to 60 with Urdu Translation,Trjuma 50 to 60 Surah Hud,Surah Hud Urdu trjuma,Urdu trjuma Surah Hud,Urdu Translation Surah Hud Ayah 50 60,Surah Hud Urdu Trjuma 50 60,Ayah 50 to 60 Surah Hud",2024-05-14T12:00:01Z,PT14M13S,20
5rqYUv6Me08,Surah Hud with Urdu Translation - Ayah 25 To 35 Ruku No 3,"Tarjuma by :
Molana Muhammad Saleem Akhtar

FRIDAY CLASS PLAYLIST 
https://www.youtube.com/playlist?list=PLQowKeTNj5RHy5aDTVNMg2UP2Idoaz0Kj

Quran With Urdu Translation
PLAYLIST LIVE URDU TRJUMA QURAN 2023
https://www.youtube.com/playlist?list=PLQowKeTNj5RFktbc8r-Duku_qu5AzR1LG

Quran With Urdu Translation
 اردو ترجمہ قرآن

All platfoms we are live on
Zikra Social Media Links

YouTube
https://www.youtube.com/channel/UCLYuowOAkMxiPFNWEDzqldQ?view_as=subscriber

Facebook
https://www.facebook.com/Zikra-Dar-ul-nashr-ذکریٰ-دار-النشر-102479931673745/

Tags:
Zikra trjuma Quran
urdu trjuma quran by Zikra dar ul nashr
Ramzan Live Trjuma
Quran Urdu Hindi Translation
اردو ترجمہ قرآن
zikra dar ul nashr

#quranwithurdutranslation 
#friday  
#urdutarjuma

zikra friday class
trjuma by molana muhammad saleem akhtar
zikra trjuma quran
zikra darul nashr
zikra dar ul nashr
trjuma by zikra
Muhammad Saleem Akhtar
Molana Muhammad saleem akhtar
zikra","zikra dar ul nashr,zikra trjuma quran,urdu trjuma quran,friday class zikra,zikra friday class,Surah Hud with Urdu Translation,Surah Hud 25 to 35,Ruku 3 Surah Hud,Trjuma Surah Hud 25 to 35 with Urdu Translation,Trjuma 25 to 35 Surah Hud,Surah Hud Urdu trjuma,Urdu trjuma Surah Hud,Urdu Translation Surah Hud Ayah 25 35,Surah Hud Urdu Trjuma 25 35,Ayah 25 to 35 Surah Hud",2024-05-12T12:00:08Z,PT9M48S,4
bNlS9wHOmwg,Surah Hud with Urdu Translation - Ayah 9 To 24 Ruku No 2,"Tarjuma by :
Molana Muhammad Saleem Akhtar

FRIDAY CLASS PLAYLIST 
https://www.youtube.com/playlist?list=PLQowKeTNj5RHy5aDTVNMg2UP2Idoaz0Kj

Quran With Urdu Translation
PLAYLIST LIVE URDU TRJUMA QURAN 2023
https://www.youtube.com/playlist?list=PLQowKeTNj5RFktbc8r-Duku_qu5AzR1LG

Quran With Urdu Translation
 اردو ترجمہ قرآن

All platfoms we are live on
Zikra Social Media Links

YouTube
https://www.youtube.com/channel/UCLYuowOAkMxiPFNWEDzqldQ?view_as=subscriber

Facebook
https://www.facebook.com/Zikra-Dar-ul-nashr-ذکریٰ-دار-النشر-102479931673745/

Tags:
Zikra trjuma Quran
urdu trjuma quran by Zikra dar ul nashr
Ramzan Live Trjuma
Quran Urdu Hindi Translation
اردو ترجمہ قرآن
zikra dar ul nashr

#quranwithurdutranslation 
#friday  
#urdutarjuma

zikra friday class
trjuma by molana muhammad saleem akhtar
zikra trjuma quran
zikra darul nashr
zikra dar ul nashr
trjuma by zikra
Muhammad Saleem Akhtar
Molana Muhammad saleem akhtar
zikra","zikra dar ul nashr,zikra trjuma quran,urdu trjuma quran,friday class zikra,zikra friday class,Surah Hud with Urdu Translation,Surah Hud 9 to 24,Ruku 2 Surah Hud,Trjuma Surah Hud 9 to 24 with Urdu Translation,Trjuma 9 to 24 Surah Hud,Surah Hud Urdu trjuma,Urdu trjuma Surah Hud,Urdu Translation Surah Hud Ayah 9 24,Surah Hud Urdu Trjuma 9 24,Ayah 9 to 24 Surah Hud",2024-05-11T12:00:36Z,PT14M2S,11
5UpujCDw6K8,Live 2024 - Parah 19 Ruba 1 Urdu Trjuma Quran | Zikra Dar Ul Nashr,"Urdu Trjuma #live #zikra #quranlive #quran #livetarjuma #youtubelive
#zikradarulnashr #urdutajuma #quraninurdu
Zikra Dar Ul Nashr",,2024-05-11T04:11:47Z,PT56M26S,8
HCcihhcNjjg,Relaxing Quran Recitation  #Quran #shorts #reels #relaxing,,,2024-05-08T23:00:08Z,PT31S,59
hp_o6YKPPA8,Surah Yunus with Urdu Translation - Ayah 104 To 109 Ruku No 11,"Tarjuma by :
Molana Muhammad Saleem Akhtar

FRIDAY CLASS PLAYLIST 
https://www.youtube.com/playlist?list=PLQowKeTNj5RHy5aDTVNMg2UP2Idoaz0Kj

Quran With Urdu Translation
PLAYLIST LIVE URDU TRJUMA QURAN 2023
https://www.youtube.com/playlist?list=PLQowKeTNj5RFktbc8r-Duku_qu5AzR1LG

Quran With Urdu Translation
 اردو ترجمہ قرآن

All platfoms we are live on
Zikra Social Media Links

YouTube
https://www.youtube.com/channel/UCLYuowOAkMxiPFNWEDzqldQ?view_as=subscriber

Facebook
https://www.facebook.com/Zikra-Dar-ul-nashr-ذکریٰ-دار-النشر-102479931673745/

Tags:
Zikra trjuma Quran
urdu trjuma quran by Zikra dar ul nashr
Ramzan Live Trjuma
Quran Urdu Hindi Translation
اردو ترجمہ قرآن
zikra dar ul nashr

#quranwithurdutranslation 
#friday  
#urdutarjuma

zikra friday class
trjuma by molana muhammad saleem akhtar
zikra trjuma quran
zikra darul nashr
zikra dar ul nashr
trjuma by zikra
Muhammad Saleem Akhtar
Molana Muhammad saleem akhtar
zikra","zikra dar ul nashr,zikra trjuma quran,urdu trjuma quran,friday class zikra,zikra friday class,Surah Yunus with Urdu Translation,Surah Yunus 104 to 109,Ruku 11 Surah Yunus,Trjuma Surah Yunus 104 to 109 with Urdu Translation,Trjuma 104 to 109 Surah Yunus,Surah Yunus Urdu trjuma,Urdu trjuma Surah Yunus,Urdu Translation Surah Yunus Ayah 104 109,Surah Yunus Urdu Trjuma 104 109,Ayah 104 to 109 Surah Yunus",2024-05-08T12:00:48Z,PT6M,62
e-Hri0YwMJQ,Surah Yunus with Urdu Translation - Ayah 93 To 103 Ruku No 10,"Tarjuma by :
Molana Muhammad Saleem Akhtar

FRIDAY CLASS PLAYLIST 
https://www.youtube.com/playlist?list=PLQowKeTNj5RHy5aDTVNMg2UP2Idoaz0Kj

Quran With Urdu Translation
PLAYLIST LIVE URDU TRJUMA QURAN 2023
https://www.youtube.com/playlist?list=PLQowKeTNj5RFktbc8r-Duku_qu5AzR1LG

Quran With Urdu Translation
 اردو ترجمہ قرآن

All platfoms we are live on
Zikra Social Media Links

YouTube
https://www.youtube.com/channel/UCLYuowOAkMxiPFNWEDzqldQ?view_as=subscriber

Facebook
https://www.facebook.com/Zikra-Dar-ul-nashr-ذکریٰ-دار-النشر-102479931673745/

Tags:
Zikra trjuma Quran
urdu trjuma quran by Zikra dar ul nashr
Ramzan Live Trjuma
Quran Urdu Hindi Translation
اردو ترجمہ قرآن
zikra dar ul nashr

#quranwithurdutranslation 
#friday  
#urdutarjuma

zikra friday class
trjuma by molana muhammad saleem akhtar
zikra trjuma quran
zikra darul nashr
zikra dar ul nashr
trjuma by zikra
Muhammad Saleem Akhtar
Molana Muhammad saleem akhtar
zikra","zikra dar ul nashr,zikra trjuma quran,urdu trjuma quran,friday class zikra,zikra friday class,Surah Yunus with Urdu Translation,Surah Yunus 93 to 103,Ruku 10 Surah Yunus,Trjuma Surah Yunus 93 to 103 with Urdu Translation,Trjuma 93 to 103 Surah Yunus,Surah Yunus Urdu trjuma,Urdu trjuma Surah Yunus,Urdu Translation Surah Yunus Ayah 93 103,Surah Yunus Urdu Trjuma 93 103,Ayah 93 to 103 Surah Yunus",2024-05-07T12:00:43Z,PT12M31S,35
4DUNBOcNRfY,Relaxing Quran Recitation  #Quran #shorts #reels #relaxing,,,2024-05-05T21:00:03Z,PT22S,14
CXWwlifQCHg,Live 2024 - Parah 18 Ruba 4 Urdu Trjuma Quran | Zikra Dar Ul Nashr,"Urdu Trjuma #live #zikra #quranlive #quran #livetarjuma #youtubelive
#zikradarulnashr #urdutajuma #quraninurdu
Zikra Dar Ul Nashr",,2024-05-04T04:06:41Z,PT1H26S,19
9f-yjy2iy30,Surah Yunus with Urdu Translation - Ayah 54 To 60 Ruku No 6,"Tarjuma by :
Molana Muhammad Saleem Akhtar

FRIDAY CLASS PLAYLIST 
https://www.youtube.com/playlist?list=PLQowKeTNj5RHy5aDTVNMg2UP2Idoaz0Kj

Quran With Urdu Translation
PLAYLIST LIVE URDU TRJUMA QURAN 2023
https://www.youtube.com/playlist?list=PLQowKeTNj5RFktbc8r-Duku_qu5AzR1LG

Quran With Urdu Translation
 اردو ترجمہ قرآن

All platfoms we are live on
Zikra Social Media Links

YouTube
https://www.youtube.com/channel/UCLYuowOAkMxiPFNWEDzqldQ?view_as=subscriber

Facebook
https://www.facebook.com/Zikra-Dar-ul-nashr-ذکریٰ-دار-النشر-102479931673745/

Tags:
Zikra trjuma Quran
urdu trjuma quran by Zikra dar ul nashr
Ramzan Live Trjuma
Quran Urdu Hindi Translation
اردو ترجمہ قرآن
zikra dar ul nashr

#quranwithurdutranslation 
#friday  
#urdutarjuma

zikra friday class
trjuma by molana muhammad saleem akhtar
zikra trjuma quran
zikra darul nashr
zikra dar ul nashr
trjuma by zikra
Muhammad Saleem Akhtar
Molana Muhammad saleem akhtar
zikra","zikra dar ul nashr,zikra trjuma quran,urdu trjuma quran,friday class zikra,zikra friday class,Surah Yunus with Urdu Translation,Surah Yunus 54 to 60,Ruku 6 Surah Yunus,Trjuma Surah Yunus 54 to 60 with Urdu Translation,Trjuma 54 to 60 Surah Yunus,Surah Yunus Urdu trjuma,Urdu trjuma Surah Yunus,Urdu Translation Surah Yunus Ayah 54 60,Surah Yunus Urdu Trjuma 54 60,Ayah 54 to 60 Surah Yunus",2024-05-02T12:00:08Z,PT5M49S,16
Zq0CJI2d5Ps,Surah Yunus with Urdu Translation - Ayah 41 To 53 Ruku No 5,"Tarjuma by :
Molana Muhammad Saleem Akhtar

FRIDAY CLASS PLAYLIST 
https://www.youtube.com/playlist?list=PLQowKeTNj5RHy5aDTVNMg2UP2Idoaz0Kj

Quran With Urdu Translation
PLAYLIST LIVE URDU TRJUMA QURAN 2023
https://www.youtube.com/playlist?list=PLQowKeTNj5RFktbc8r-Duku_qu5AzR1LG

Quran With Urdu Translation
 اردو ترجمہ قرآن

All platfoms we are live on
Zikra Social Media Links

YouTube
https://www.youtube.com/channel/UCLYuowOAkMxiPFNWEDzqldQ?view_as=subscriber

Facebook
https://www.facebook.com/Zikra-Dar-ul-nashr-ذکریٰ-دار-النشر-102479931673745/

Tags:
Zikra trjuma Quran
urdu trjuma quran by Zikra dar ul nashr
Ramzan Live Trjuma
Quran Urdu Hindi Translation
اردو ترجمہ قرآن
zikra dar ul nashr

#quranwithurdutranslation 
#friday  
#urdutarjuma

zikra friday class
trjuma by molana muhammad saleem akhtar
zikra trjuma quran
zikra darul nashr
zikra dar ul nashr
trjuma by zikra
Muhammad Saleem Akhtar
Molana Muhammad saleem akhtar
zikra","zikra dar ul nashr,zikra trjuma quran,urdu trjuma quran,friday class zikra,zikra friday class,Surah Yunus with Urdu Translation,Surah Yunus 41 to 53,Ruku 5 Surah Yunus,Trjuma Surah Yunus 41 to 53 with Urdu Translation,Trjuma 41 to 53 Surah Yunus,Surah Yunus Urdu trjuma,Urdu trjuma Surah Yunus,Urdu Translation Surah Yunus Ayah 41 53,Surah Yunus Urdu Trjuma 41 53,Ayah 41 to 53 Surah Yunus",2024-05-01T12:00:28Z,PT8M22S,24
jym8D_dOI2I,Surah Yunus with Urdu Translation - Ayah 31 To 40 Ruku No 4,"Tarjuma by :
Molana Muhammad Saleem Akhtar

FRIDAY CLASS PLAYLIST 
https://www.youtube.com/playlist?list=PLQowKeTNj5RHy5aDTVNMg2UP2Idoaz0Kj

Quran With Urdu Translation
PLAYLIST LIVE URDU TRJUMA QURAN 2023
https://www.youtube.com/playlist?list=PLQowKeTNj5RFktbc8r-Duku_qu5AzR1LG

Quran With Urdu Translation
 اردو ترجمہ قرآن

All platfoms we are live on
Zikra Social Media Links

YouTube
https://www.youtube.com/channel/UCLYuowOAkMxiPFNWEDzqldQ?view_as=subscriber

Facebook
https://www.facebook.com/Zikra-Dar-ul-nashr-ذکریٰ-دار-النشر-102479931673745/

Tags:
Zikra trjuma Quran
urdu trjuma quran by Zikra dar ul nashr
Ramzan Live Trjuma
Quran Urdu Hindi Translation
اردو ترجمہ قرآن
zikra dar ul nashr

#quranwithurdutranslation 
#friday  
#urdutarjuma

zikra friday class
trjuma by molana muhammad saleem akhtar
zikra trjuma quran
zikra darul nashr
zikra dar ul nashr
trjuma by zikra
Muhammad Saleem Akhtar
Molana Muhammad saleem akhtar
zikra","zikra dar ul nashr,zikra trjuma quran,urdu trjuma quran,friday class zikra,zikra friday class,Surah Yunus with Urdu Translation,Surah Yunus 31 to 40,Ruku 4 Surah Yunus,Trjuma Surah Yunus 31 to 40 with Urdu Translation,Trjuma 31 to 40 Surah Yunus,Surah Yunus Urdu trjuma,Urdu trjuma Surah Yunus,Urdu Translation Surah Yunus Ayah 31 40,Surah Yunus Urdu Trjuma 31 40,Ayah 31 to 40 Surah Yunus",2024-04-30T12:00:47Z,PT9M18S,32
9SoTGUEl3IQ,Parah 18 Ruba 3 Ruku 10 _12 Urdu Trjuma Quran | Zikra Dar Ul Nashr,"Urdu Trjuma #live #zikra #quranlive #quran #livetarjuma #youtubelive
#zikradarulnashr #urdutajuma #quraninurdu
Zikra Dar Ul Nashr",,2024-04-27T03:51:02Z,PT1H52S,30
PYWgvMTonYM,Beautiful Recitation Of Quran #quran  #shorts #youtubeshorts,,,2024-04-26T05:00:11Z,PT27S,21
ZqgeDMPOvy4,Eid Mubarak Alwada ramadan #short #eid mubarak,"#zikra #ramadan #quran #zikratrjumaquran #ramadan # BeautifulRecitationOfQuran



Quran
shorts
Beautiful Recitation Of Quran
zikra
zikratrjumaquran
zikra dar ul nashr
zikra quran
zikra ramadan
quranshorts
shorts Quran
quran recitation ramadan",,2024-04-10T05:00:26Z,PT15S,19
tmt_5gkVUuE,Ramadan dua #dua #shorts #ramadan,"#zikra #ramadan #quran #zikratrjumaquran #ramadan # BeautifulRecitationOfQuran



Quran
shorts
Beautiful Recitation Of Quran
zikra
zikratrjumaquran
zikra dar ul nashr
zikra quran
zikra ramadan
quranshorts
shorts Quran
quran recitation ramadan",,2024-04-09T11:00:47Z,PT31S,19
-54U_elFJqc,Live 2024 - Parah 18 Ruba 2 Urdu Trjuma Quran | Zikra Dar Ul Nashr,"Urdu Trjuma #live #zikra #quranlive #quran #livetarjuma #youtubelive
#zikradarulnashr #urdutajuma #quraninurdu
Zikra Dar Ul Nashr",,2024-04-09T01:09:37Z,PT43M46S,39
Hm4sGMVilb4,Qanoot e Witr #dua #shorts #ramadan,"Tarjuma by :
Molana Muhammad Saleem Akhtar

FRIDAY CLASS PLAYLIST 
https://www.youtube.com/playlist?list=PLQowKeTNj5RHy5aDTVNMg2UP2Idoaz0Kj

Quran With Urdu Translation
PLAYLIST LIVE URDU TRJUMA QURAN 2023
https://www.youtube.com/playlist?list=PLQowKeTNj5RFktbc8r-Duku_qu5AzR1LG

Quran With Urdu Translation
 اردو ترجمہ قرآن

All platfoms we are live on
Zikra Social Media Links

YouTube
https://www.youtube.com/channel/UCLYuowOAkMxiPFNWEDzqldQ?view_as=subscriber

Facebook
https://www.facebook.com/Zikra-Dar-ul-nashr-ذکریٰ-دار-النشر-102479931673745/

Tags:
Zikra trjuma Quran
urdu trjuma quran by Zikra dar ul nashr
Ramzan Live Trjuma
Quran Urdu Hindi Translation
اردو ترجمہ قرآن
zikra dar ul nashr

#quranwithurdutranslation 
#friday  
#urdutarjuma

zikra friday class
trjuma by molana muhammad saleem akhtar
zikra trjuma quran
zikra darul nashr
zikra dar ul nashr
trjuma by zikra
Muhammad Saleem Akhtar
Molana Muhammad saleem akhtar
zikra",,2024-04-08T15:00:14Z,PT45S,19
d5O430LS9x0,Live 2024 - Parah 18 Ruba 1 Urdu Trjuma Quran | Zikra Dar Ul Nashr,"Urdu Trjuma #live #zikra #quranlive #quran #livetarjuma #youtubelive
#zikradarulnashr #urdutajuma #quraninurdu
Zikra Dar Ul Nashr",,2024-04-08T01:19:29Z,PT38M37S,44
4bbICCgXVNw,Live 2024 - Parah 17 Ruba 4 Urdu Trjuma Quran | Zikra Dar Ul Nashr,"Urdu Trjuma #live #zikra #quranlive #quran #livetarjuma #youtubelive
#zikradarulnashr #urdutajuma #quraninurdu
Zikra Dar Ul Nashr",,2024-04-07T01:00:26Z,PT38M35S,36
aw_UqJ8ZOvw,Live 2024 - Parah 17 Ruba 3 Urdu Trjuma Quran | Zikra Dar Ul Nashr,"Urdu Trjuma #live #zikra #quranlive #quran #livetarjuma #youtubelive
#zikradarulnashr #urdutajuma #quraninurdu
Zikra Dar Ul Nashr",,2024-04-06T01:17:25Z,PT42M53S,26
haRkRsbtEe4,Live 2024 - Parah 17 Ruba 1 Urdu Trjuma Quran | Zikra Dar Ul Nashr,"Urdu Trjuma #live #zikra #quranlive #quran #livetarjuma #youtubelive
#zikradarulnashr #urdutajuma #quraninurdu
Zikra Dar Ul Nashr",,2024-04-04T01:07:21Z,PT30M47S,41
9ToamK5Qzr4,Live 2024 - Parah 16 Ruba 4 Urdu Trjuma Quran | Zikra Dar Ul Nashr,"Urdu Trjuma #live #zikra #quranlive #quran #livetarjuma #youtubelive
#zikradarulnashr #urdutajuma #quraninurdu
Zikra Dar Ul Nashr",,2024-04-03T01:13:20Z,PT47M52S,34
eMtCMpS476I,Live 2024 - Parah 16 Ruba 3 Urdu Trjuma Quran | Zikra Dar Ul Nashr,"Urdu Trjuma #live #zikra #quranlive #quran #livetarjuma #youtubelive
#zikradarulnashr #urdutajuma #quraninurdu
Zikra Dar Ul Nashr",,2024-04-02T01:14:15Z,PT45M52S,25
t6Z8lwRG6uY,Live 2024 - Parah 16 Ruba 1 Urdu Trjuma Quran | Zikra Dar Ul Nashr,"Urdu Trjuma #live #zikra #quranlive #quran #livetarjuma #youtubelive
#zikradarulnashr #urdutajuma #quraninurdu
Zikra Dar Ul Nashr",,2024-03-31T01:02:23Z,PT39M6S,26
HNIhySCGS0I,Live 2024 - Parah 15 Ruba 3 Urdu Trjuma Quran | Zikra Dar Ul Nashr,"Urdu Trjuma #live #zikra #quranlive #quran #livetarjuma #youtubelive
#zikradarulnashr #urdutajuma #quraninurdu
Zikra Dar Ul Nashr",,2024-03-29T01:14:10Z,PT54M56S,18
ZGXNwyMt-9E,Live 2024 - Parah 15 Ruba 1 Urdu Trjuma Quran | Zikra Dar Ul Nashr,"Urdu Trjuma #live #zikra #quranlive #quran #livetarjuma #youtubelive
#zikradarulnashr #urdutajuma #quraninurdu
Zikra Dar Ul Nashr",,2024-03-27T01:16:04Z,PT54M44S,21
vKzdwdR5jsE,Live 2024 - Parah 14 Ruba 1 Urdu Trjuma Quran | Zikra Dar Ul Nashr,"Urdu Trjuma #live #zikra #quranlive #quran #livetarjuma #youtubelive
#zikradarulnashr #urdutajuma #quraninurdu
Zikra Dar Ul Nashr",,2024-03-23T01:24:49Z,PT49M27S,49
rwlhKvg1BWQ,Live 2024 - Parah 13 Ruba 4 Live Stream Urdu Trjuma,"Urdu Trjuma #live #zikra #quranlive #quran #livetarjuma #youtubelive
#zikradarulnashr #urdutajuma #quraninurdu",,2024-03-22T00:50:26Z,PT39M6S,31
wrPTqrH_1A0,Live 2024 - Parah 12 Ruba 3 Live Stream Urdu Trjuma,"Urdu Trjuma #live #zikra #quranlive #quran #livetarjuma #youtubelive
#zikradarulnashr #urdutajuma #quraninurdu",,2024-03-17T00:58:56Z,PT44M51S,20
OaIUgR5TCOw,رمضان تلاوت قرآن #quran,"#shorts 
#talawat",,2024-03-16T01:00:18Z,PT22S,89
nyaFibKz8rk,Ramadan Beautiful Recitation Of Quran #shorts #ramadan,"#zikra #ramadan #quran #zikratrjumaquran #quranwithurdutranslation # BeautifulRecitationOfQuran



Quran
shorts
Beautiful Recitation Of Quran
zikra
zikratrjumaquran
zikra dar ul nashr
zikra quran
zikra ramadan
quranshorts
shorts Quran
quran recitation ramadan",,2024-03-15T01:00:31Z,PT32S,416
ySYOIEdQxD4,Ramadan Beautiful Recitation Of Quran #shorts #ramadan,"#zikra #ramadan #quran #zikratrjumaquran #quranwithurdutranslation # BeautifulRecitationOfQuran



Quran
shorts
Beautiful Recitation Of Quran
zikra
zikratrjumaquran
zikra dar ul nashr
zikra quran
zikra ramadan
quranshorts
shorts Quran
quran recitation ramadan",,2024-03-14T09:00:44Z,PT58S,170
tfRNoDxP0C4,Ramadan Beautiful Recitation Of Quran #shorts #ramadan,"#zikra #ramadan #quran #zikratrjumaquran #quranwithurdutranslation # BeautifulRecitationOfQuran



Quran
shorts
Beautiful Recitation Of Quran
zikra
zikratrjumaquran
zikra dar ul nashr
zikra quran
zikra ramadan
quranshorts
shorts Quran
quran recitation ramadan",,2024-03-14T07:00:20Z,PT18S,1379
6kocK3J9Ohg,Ramadan Beautiful Recitation Of Quran #shorts #ramadan,"#zikra #ramadan #quran #zikratrjumaquran #quranwithurdutranslation # BeautifulRecitationOfQuran



Quran
shorts
Beautiful Recitation Of Quran
zikra
zikratrjumaquran
zikra dar ul nashr
zikra quran
zikra ramadan
quranshorts
shorts Quran
quran recitation ramadan",,2024-03-13T15:00:05Z,PT54S,1515
oX6l-4nXgiQ,Ramadan Beautiful Recitation Of Quran #shorts #ramadan,"#zikra #ramadan #quran #zikratrjumaquran #quranwithurdutranslation # BeautifulRecitationOfQuran



Quran
shorts
Beautiful Recitation Of Quran
zikra
zikratrjumaquran
zikra dar ul nashr
zikra quran
zikra ramadan
quranshorts
shorts Quran
quran recitation ramadan",,2024-03-13T13:00:47Z,PT57S,274
IX8H59APANI,Ramadan Beautiful Recitation Of Quran #shorts #ramadan,"#zikra #ramadan #quran #zikratrjumaquran #quranwithurdutranslation # BeautifulRecitationOfQuran



Quran
shorts
Beautiful Recitation Of Quran
zikra
zikratrjumaquran
zikra dar ul nashr
zikra quran
zikra ramadan
quranshorts
shorts Quran
quran recitation ramadan",,2024-03-13T11:00:15Z,PT52S,137
z8T4Fk8cy7w,Ramadan Beautiful Recitation Of Quran #shorts #ramadan,"#zikra #ramadan #quran #zikratrjumaquran #quranwithurdutranslation # BeautifulRecitationOfQuran



Quran
shorts
Beautiful Recitation Of Quran
zikra
zikratrjumaquran
zikra dar ul nashr
zikra quran
zikra ramadan
quranshorts
shorts Quran
quran recitation ramadan",,2024-03-13T05:00:34Z,PT49S,2183
N2P6FtFF-PU,Ramadan Beautiful Recitation Of Quran #shorts #ramadan,"#zikra #ramadan 

#ramadan #quran #zikra #zikratrjumaquran #zikradarul nashr
Ramadan
 Quran
 shorts
 Beautiful Recitation Of Quran
 zikra
 zikratrjumaquran
 zikra dar ul nashr
 zikra quran
 zikra ramadan
 quranshorts
shorts Quran
quran recitatio ramadan",,2024-03-13T03:00:11Z,PT31S,358
aU5bc0196Hk,Live 2024 - Parah 11 Ruba 3 Live Stream Urdu Trjuma,"Parah 11 Ruba 3 Live Stream Urdu Trjuma #live #zikra #quranlive #quran #livetarjuma #youtubelive
#zikradarulnashr #urdutajuma #quraninurdu",,2024-03-13T00:56:09Z,PT32M26S,43
MyTohIacJ64,Ramadan Beautiful Recitation Of Quran #shorts #ramadan,"#zikra #ramadan 

#ramadan #quran #zikra #zikratrjumaquran #zikradarul nashr
Ramadan
 Quran
 shorts
 Beautiful Recitation Of Quran
 zikra
 zikratrjumaquran
 zikra dar ul nashr
 zikra quran
 zikra ramadan
 quranshorts
shorts Quran
quran recitatio ramadan",,2024-03-12T05:00:19Z,PT36S,481
WsPmbrmyKB4,Ramadan Mubarak 🌙❤️ #ramadan  #shorts,,,2024-03-12T01:52:18Z,PT23S,559
fh6_Bxj7kQc,Ramadan Beautiful Recitation Of Quran #shorts #ramadan,"#zikra #ramadan 

#ramadan #quran #zikra #zikratrjumaquran #zikradarul nashr
Ramadan
 Quran
 shorts
 Beautiful Recitation Of Quran
 zikra
 zikratrjumaquran
 zikra dar ul nashr
 zikra quran
 zikra ramadan
 quranshorts
shorts Quran
quran recitatio ramadan",,2024-03-11T15:00:35Z,PT30S,128
0kVBQmodhEE,Ramadan Beautiful Recitation Of Quran #shorts #ramadan,"#zikra #ramadan 

#ramadan #quran #zikra #zikratrjumaquran #zikradarul nashr
Ramadan
 Quran
 shorts
 Beautiful Recitation Of Quran
 zikra
 zikratrjumaquran
 zikra dar ul nashr
 zikra quran
 zikra ramadan
 quranshorts
shorts Quran
quran recitatio ramadan",,2024-03-11T09:00:01Z,PT17S,312
EqcNUpmmLMo,Ramadan Beautiful Recitation Of Quran #shorts #ramadan,"#zikra #ramadan 

#ramadan #quran #zikra #zikratrjumaquran #zikradarul nashr
Ramadan
 Quran
 shorts
 Beautiful Recitation Of Quran
 zikra
 zikratrjumaquran
 zikra dar ul nashr
 zikra quran
 zikra ramadan
 quranshorts
shorts Quran
quran recitatio ramadan",,2024-03-11T07:00:10Z,PT20S,479
hME7dI_WlO8,palestine israel  #short #ramadan,"#zikra #ramadan 

#ramadan #quran #zikra #zikratrjumaquran #zikradarul nashr
Ramadan
 Quran
 shorts
 Beautiful Recitation Of Quran
 zikra
 zikratrjumaquran
 zikra dar ul nashr
 zikra quran
 zikra ramadan
 quranshorts
shorts Quran
quran recitatio ramadan",,2024-03-10T17:00:26Z,PT38S,1143
0tGfXV1sjI0,Ramadan Beautiful Recitation Of Quran #shorts #Ramadan,#ramadan #quran #zikra #zikratrjumaquran zikra dar ul nashr,"Beautiful Recitation Of Quran,Quran,Ramadan,quran recitatio ramadan,quranshorts,shorts,shorts Quran,zikra,zikra dar ul nashr,zikra quran,zikra ramadan,zikratrjumaquran",2024-03-10T12:00:01Z,PT40S,15
fJXS-DOPpYU,Ramadan Beautiful Recitation Of Quran #shorts #ramadan,"#zikra #ramadan 

#ramadan #quran #zikra #zikratrjumaquran #zikradarul nashr
Ramadan
 Quran
 shorts
 Beautiful Recitation Of Quran
 zikra
 zikratrjumaquran
 zikra dar ul nashr
 zikra quran
 zikra ramadan
 quranshorts
shorts Quran
quran recitatio ramadan",,2024-03-10T07:00:15Z,PT55S,5647
9aNdsAK1Clw,Ramadan Beautiful Recitation Of Quran #shorts #ramadan,"#zikra #ramadan 

#ramadan #quran #zikra #zikratrjumaquran #zikradarul nashr
Ramadan
 Quran
 shorts
 Beautiful Recitation Of Quran
 zikra
 zikratrjumaquran
 zikra dar ul nashr
 zikra quran
 zikra ramadan
 quranshorts
shorts Quran
quran recitatio ramadan",,2024-03-10T01:00:04Z,PT53S,412
PmB5R-2rKoI,Ramadan Beautiful Recitation Of Quran #shorts #ramadan,"#zikra #ramadan 

#ramadan #quran #zikra #zikratrjumaquran #zikradarul nashr
Ramadan
 Quran
 shorts
 Beautiful Recitation Of Quran
 zikra
 zikratrjumaquran
 zikra dar ul nashr
 zikra quran
 zikra ramadan
 quranshorts
shorts Quran
quran recitatio ramadan",,2024-03-09T23:00:13Z,PT23S,13
EL3A7cxBO0I,Ramadan Beautiful Recitation Of Quran #shorts #ramadan,"#zikra #ramadan 

#ramadan #quran #zikra #zikratrjumaquran #zikradarul nashr
Ramadan
 Quran
 shorts
 Beautiful Recitation Of Quran
 zikra
 zikratrjumaquran
 zikra dar ul nashr
 zikra quran
 zikra ramadan
 quranshorts
shorts Quran
quran recitatio ramadan",,2024-03-09T19:00:04Z,PT11S,15
01TxYSAL4VA,Parah 11 Ruba 2 Live Stream Urdu Trjuma,"Parah 11 Ruba 2 Live Stream Urdu Trjuma #live #zikra #quranlive #quran #livetarjuma #youtubelive
#zikradarulnashr #urdutajuma #quraninurdu",,2024-03-09T03:09:39Z,PT49M5S,30
Ywf9gLv_hNU,Surah At-Tauba with Urdu Translation - Ayah 119 To 122 Ruku No 15,"Tarjuma by :
Molana Muhammad Saleem Akhtar

FRIDAY CLASS PLAYLIST 
https://www.youtube.com/playlist?list=PLQowKeTNj5RHy5aDTVNMg2UP2Idoaz0Kj

Quran With Urdu Translation
PLAYLIST LIVE URDU TRJUMA QURAN 2023
https://www.youtube.com/playlist?list=PLQowKeTNj5RFktbc8r-Duku_qu5AzR1LG

Quran With Urdu Translation
 اردو ترجمہ قرآن

All platfoms we are live on
Zikra Social Media Links

YouTube
https://www.youtube.com/channel/UCLYuowOAkMxiPFNWEDzqldQ?view_as=subscriber

Facebook
https://www.facebook.com/Zikra-Dar-ul-nashr-ذکریٰ-دار-النشر-102479931673745/

Tags:
Zikra trjuma Quran
urdu trjuma quran by Zikra dar ul nashr
Ramzan Live Trjuma
Quran Urdu Hindi Translation
اردو ترجمہ قرآن
zikra dar ul nashr

#quranwithurdutranslation 
#friday  
#urdutarjuma

zikra friday class
trjuma by molana muhammad saleem akhtar
zikra trjuma quran
zikra darul nashr
zikra dar ul nashr
trjuma by zikra
Muhammad Saleem Akhtar
Molana Muhammad saleem akhtar
zikra","zikra dar ul nashr,zikra trjuma quran,urdu trjuma quran,friday class zikra,zikra friday class,Surah At-Tauba with Urdu Translation,Surah At-Tauba 119 to 122,Ruku 15 Surah At-Tauba,Trjuma Surah At-Tauba 119 to 122 with Urdu Translation,Trjuma 119 to 122 Surah At-Tauba,Surah At-Tauba Urdu trjuma,Urdu trjuma Surah At-Tauba,Urdu Translation Surah At-Tauba Ayah 119 122,Surah At-Tauba Urdu Trjuma 119 122,Ayah 119 to 122 Surah At-Tauba",2024-03-05T12:00:24Z,PT7M45S,46
CY7_7_dMx3Q,Surah At-Tauba with Urdu Translation - Ayah 111 To 118 Ruku No 14,"Tarjuma by :
Molana Muhammad Saleem Akhtar

FRIDAY CLASS PLAYLIST 
https://www.youtube.com/playlist?list=PLQowKeTNj5RHy5aDTVNMg2UP2Idoaz0Kj

Quran With Urdu Translation
PLAYLIST LIVE URDU TRJUMA QURAN 2023
https://www.youtube.com/playlist?list=PLQowKeTNj5RFktbc8r-Duku_qu5AzR1LG

Quran With Urdu Translation
 اردو ترجمہ قرآن

All platfoms we are live on
Zikra Social Media Links

YouTube
https://www.youtube.com/channel/UCLYuowOAkMxiPFNWEDzqldQ?view_as=subscriber

Facebook
https://www.facebook.com/Zikra-Dar-ul-nashr-ذکریٰ-دار-النشر-102479931673745/

Tags:
Zikra trjuma Quran
urdu trjuma quran by Zikra dar ul nashr
Ramzan Live Trjuma
Quran Urdu Hindi Translation
اردو ترجمہ قرآن
zikra dar ul nashr

#quranwithurdutranslation 
#friday  
#urdutarjuma

zikra friday class
trjuma by molana muhammad saleem akhtar
zikra trjuma quran
zikra darul nashr
zikra dar ul nashr
trjuma by zikra
Muhammad Saleem Akhtar
Molana Muhammad saleem akhtar
zikra","zikra dar ul nashr,zikra trjuma quran,urdu trjuma quran,friday class zikra,zikra friday class,Surah At-Tauba with Urdu Translation,Surah At-Tauba 111 to 118,Ruku 14 Surah At-Tauba,Trjuma Surah At-Tauba 111 to 118 with Urdu Translation,Trjuma 111 to 118 Surah At-Tauba,Surah At-Tauba Urdu trjuma,Urdu trjuma Surah At-Tauba,Urdu Translation Surah At-Tauba Ayah 111 118,Surah At-Tauba Urdu Trjuma 111 118,Ayah 111 to 118 Surah At-Tauba",2024-03-04T12:00:16Z,PT17M1S,17
km_0dYss31s,Parah 11 Ruba 1 Live Stream Urdu Trjuma,"Parah 11 Ruba 1 Live Stream Urdu Trjuma #live #zikra #quranlive #quran #livetarjuma #youtubelive
#zikradarulnashr #urdutajuma #quraninurdu",,2024-03-02T03:20:20Z,PT1H19M34S,43
50DAzUgXrIE,Surah At-Tauba with Urdu Translation - Ayah 81 To 89 Ruku No 11& 12 Half Ayah 90 To 93,"Tarjuma by :
Molana Muhammad Saleem Akhtar

FRIDAY CLASS PLAYLIST 
https://www.youtube.com/playlist?list=PLQowKeTNj5RHy5aDTVNMg2UP2Idoaz0Kj

Quran With Urdu Translation
PLAYLIST LIVE URDU TRJUMA QURAN 2023
https://www.youtube.com/playlist?list=PLQowKeTNj5RFktbc8r-Duku_qu5AzR1LG

Quran With Urdu Translation
 اردو ترجمہ قرآن

All platfoms we are live on
Zikra Social Media Links

YouTube
https://www.youtube.com/channel/UCLYuowOAkMxiPFNWEDzqldQ?view_as=subscriber

Facebook
https://www.facebook.com/Zikra-Dar-ul-nashr-ذکریٰ-دار-النشر-102479931673745/

Tags:
Zikra trjuma Quran
urdu trjuma quran by Zikra dar ul nashr
Ramzan Live Trjuma
Quran Urdu Hindi Translation
اردو ترجمہ قرآن
zikra dar ul nashr

#quranwithurdutranslation 
#friday  
#urdutarjuma

zikra friday class
trjuma by molana muhammad saleem akhtar
zikra trjuma quran
zikra darul nashr
zikra dar ul nashr
trjuma by zikra
Muhammad Saleem Akhtar
Molana Muhammad saleem akhtar
zikra","zikra dar ul nashr,zikra trjuma quran,urdu trjuma quran,friday class zikra,zikra friday class,Surah At-Tauba with Urdu Translation,Surah At-Tauba 81 to 89,Ruku 11 Surah At-Tauba,Trjuma Surah At-Tauba 81 to 89 with Urdu Translation,Trjuma 81 to 89 Surah At-Tauba,Surah At-Tauba Urdu trjuma,Urdu trjuma Surah At-Tauba,Urdu Translation Surah At-Tauba Ayah 81 89,Surah At-Tauba Urdu Trjuma 81 89,Ayah 81 to 89 Surah At-Tauba",2024-02-28T12:00:07Z,PT17M19S,12
QHf5FXP5EeM,Surah At-Tauba with Urdu Translation - Ayah 73 To 80 Ruku No 10,"Tarjuma by :
Molana Muhammad Saleem Akhtar

FRIDAY CLASS PLAYLIST 
https://www.youtube.com/playlist?list=PLQowKeTNj5RHy5aDTVNMg2UP2Idoaz0Kj

Quran With Urdu Translation
PLAYLIST LIVE URDU TRJUMA QURAN 2023
https://www.youtube.com/playlist?list=PLQowKeTNj5RFktbc8r-Duku_qu5AzR1LG

Quran With Urdu Translation
 اردو ترجمہ قرآن

All platfoms we are live on
Zikra Social Media Links

YouTube
https://www.youtube.com/channel/UCLYuowOAkMxiPFNWEDzqldQ?view_as=subscriber

Facebook
https://www.facebook.com/Zikra-Dar-ul-nashr-ذکریٰ-دار-النشر-102479931673745/

Tags:
Zikra trjuma Quran
urdu trjuma quran by Zikra dar ul nashr
Ramzan Live Trjuma
Quran Urdu Hindi Translation
اردو ترجمہ قرآن
zikra dar ul nashr

#quranwithurdutranslation 
#friday  
#urdutarjuma

zikra friday class
trjuma by molana muhammad saleem akhtar
zikra trjuma quran
zikra darul nashr
zikra dar ul nashr
trjuma by zikra
Muhammad Saleem Akhtar
Molana Muhammad saleem akhtar
zikra","zikra dar ul nashr,zikra trjuma quran,urdu trjuma quran,friday class zikra,zikra friday class,Surah At-Tauba with Urdu Translation,Surah At-Tauba 73 to 80,Ruku 10 Surah At-Tauba,Trjuma Surah At-Tauba 73 to 80 with Urdu Translation,Trjuma 73 to 80 Surah At-Tauba,Surah At-Tauba Urdu trjuma,Urdu trjuma Surah At-Tauba,Urdu Translation Surah At-Tauba Ayah 73 80,Surah At-Tauba Urdu Trjuma 73 80,Ayah 73 to 80 Surah At-Tauba",2024-02-27T12:00:31Z,PT14M3S,10
6Tu0atBoBCc,Surah At-Tauba with Urdu Translation - Ayah 67 To 72 Ruku No 9,"Tarjuma by :
Molana Muhammad Saleem Akhtar

FRIDAY CLASS PLAYLIST 
https://www.youtube.com/playlist?list=PLQowKeTNj5RHy5aDTVNMg2UP2Idoaz0Kj

Quran With Urdu Translation
PLAYLIST LIVE URDU TRJUMA QURAN 2023
https://www.youtube.com/playlist?list=PLQowKeTNj5RFktbc8r-Duku_qu5AzR1LG

Quran With Urdu Translation
 اردو ترجمہ قرآن

All platfoms we are live on
Zikra Social Media Links

YouTube
https://www.youtube.com/channel/UCLYuowOAkMxiPFNWEDzqldQ?view_as=subscriber

Facebook
https://www.facebook.com/Zikra-Dar-ul-nashr-ذکریٰ-دار-النشر-102479931673745/

Tags:
Zikra trjuma Quran
urdu trjuma quran by Zikra dar ul nashr
Ramzan Live Trjuma
Quran Urdu Hindi Translation
اردو ترجمہ قرآن
zikra dar ul nashr

#quranwithurdutranslation 
#friday  
#urdutarjuma

zikra friday class
trjuma by molana muhammad saleem akhtar
zikra trjuma quran
zikra darul nashr
zikra dar ul nashr
trjuma by zikra
Muhammad Saleem Akhtar
Molana Muhammad saleem akhtar
zikra","zikra dar ul nashr,zikra trjuma quran,urdu trjuma quran,friday class zikra,zikra friday class,Surah At-Tauba with Urdu Translation,Surah At-Tauba 67 to 72,Ruku 9 Surah At-Tauba,Trjuma Surah At-Tauba 67 to 72 with Urdu Translation,Trjuma 67 to 72 Surah At-Tauba,Surah At-Tauba Urdu trjuma,Urdu trjuma Surah At-Tauba,Urdu Translation Surah At-Tauba Ayah 67 72,Surah At-Tauba Urdu Trjuma 67 72,Ayah 67 to 72 Surah At-Tauba",2024-02-26T12:00:09Z,PT12M40S,35
w3vsU2BhrW8,Surah At-Tauba with Urdu Translation - Ayah 30 To 37 Ruku No 5,"Tarjuma by :
Molana Muhammad Saleem Akhtar

FRIDAY CLASS PLAYLIST 
https://www.youtube.com/playlist?list=PLQowKeTNj5RHy5aDTVNMg2UP2Idoaz0Kj

Quran With Urdu Translation
PLAYLIST LIVE URDU TRJUMA QURAN 2023
https://www.youtube.com/playlist?list=PLQowKeTNj5RFktbc8r-Duku_qu5AzR1LG

Quran With Urdu Translation
 اردو ترجمہ قرآن

All platfoms we are live on
Zikra Social Media Links

YouTube
https://www.youtube.com/channel/UCLYuowOAkMxiPFNWEDzqldQ?view_as=subscriber

Facebook
https://www.facebook.com/Zikra-Dar-ul-nashr-ذکریٰ-دار-النشر-102479931673745/

Tags:
Zikra trjuma Quran
urdu trjuma quran by Zikra dar ul nashr
Ramzan Live Trjuma
Quran Urdu Hindi Translation
اردو ترجمہ قرآن
zikra dar ul nashr

#quranwithurdutranslation 
#friday  
#urdutarjuma

zikra friday class
trjuma by molana muhammad saleem akhtar
zikra trjuma quran
zikra darul nashr
zikra dar ul nashr
trjuma by zikra
Muhammad Saleem Akhtar
Molana Muhammad saleem akhtar
zikra","zikra dar ul nashr,zikra trjuma quran,urdu trjuma quran,friday class zikra,zikra friday class,Surah At-Tauba with Urdu Translation,Surah At-Tauba 30 to 37,Ruku 5 Surah At-Tauba,Trjuma Surah At-Tauba 30 to 37 with Urdu Translation,Trjuma 30 to 37 Surah At-Tauba,Surah At-Tauba Urdu trjuma,Urdu trjuma Surah At-Tauba,Urdu Translation Surah At-Tauba Ayah 30 37,Surah At-Tauba Urdu Trjuma 30 37,Ayah 30 to 37 Surah At-Tauba",2024-02-21T12:00:57Z,PT12M29S,24
_HS0iDDqDTc,Surah At-Tauba with Urdu Translation - Ayah 25 To 29 Ruku No 4,"Tarjuma by :
Molana Muhammad Saleem Akhtar

FRIDAY CLASS PLAYLIST 
https://www.youtube.com/playlist?list=PLQowKeTNj5RHy5aDTVNMg2UP2Idoaz0Kj

Quran With Urdu Translation
PLAYLIST LIVE URDU TRJUMA QURAN 2023
https://www.youtube.com/playlist?list=PLQowKeTNj5RFktbc8r-Duku_qu5AzR1LG

Quran With Urdu Translation
 اردو ترجمہ قرآن

All platfoms we are live on
Zikra Social Media Links

YouTube
https://www.youtube.com/channel/UCLYuowOAkMxiPFNWEDzqldQ?view_as=subscriber

Facebook
https://www.facebook.com/Zikra-Dar-ul-nashr-ذکریٰ-دار-النشر-102479931673745/

Tags:
Zikra trjuma Quran
urdu trjuma quran by Zikra dar ul nashr
Ramzan Live Trjuma
Quran Urdu Hindi Translation
اردو ترجمہ قرآن
zikra dar ul nashr

#quranwithurdutranslation 
#friday  
#urdutarjuma

zikra friday class
trjuma by molana muhammad saleem akhtar
zikra trjuma quran
zikra darul nashr
zikra dar ul nashr
trjuma by zikra
Muhammad Saleem Akhtar
Molana Muhammad saleem akhtar
zikra","zikra dar ul nashr,zikra trjuma quran,urdu trjuma quran,friday class zikra,zikra friday class,Surah At-Tauba with Urdu Translation,Surah At-Tauba 25 to 29,Ruku 4 Surah At-Tauba,Trjuma Surah At-Tauba 25 to 29 with Urdu Translation,Trjuma 25 to 29 Surah At-Tauba,Surah At-Tauba Urdu trjuma,Urdu trjuma Surah At-Tauba,Urdu Translation Surah At-Tauba Ayah 25 29,Surah At-Tauba Urdu Trjuma 25 29,Ayah 25 to 29 Surah At-Tauba",2024-02-20T12:00:28Z,PT9M32S,45
Mzo5N3gAtao,Surah Ankaboot Ayah 40,,,2024-02-20T02:00:10Z,PT38S,18
QoIKq6VcTx8,Soothing Recitation 🎉 #quran,,,2024-02-18T12:47:07Z,PT37S,633
DAFu82ExS94,Surah Ankabut | Ayah 36 & 37 with urdu translation,,,2024-02-18T02:00:03Z,PT31S,22
VPdWrdJiHMA,Surah At-Tauba with Urdu Translation - Ayah 1 To 6 Ruku No 1,"Tarjuma by :
Molana Muhammad Saleem Akhtar

FRIDAY CLASS PLAYLIST 
https://www.youtube.com/playlist?list=PLQowKeTNj5RHy5aDTVNMg2UP2Idoaz0Kj

Quran With Urdu Translation
PLAYLIST LIVE URDU TRJUMA QURAN 2023
https://www.youtube.com/playlist?list=PLQowKeTNj5RFktbc8r-Duku_qu5AzR1LG

Quran With Urdu Translation
 اردو ترجمہ قرآن

All platfoms we are live on
Zikra Social Media Links

YouTube
https://www.youtube.com/channel/UCLYuowOAkMxiPFNWEDzqldQ?view_as=subscriber

Facebook
https://www.facebook.com/Zikra-Dar-ul-nashr-ذکریٰ-دار-النشر-102479931673745/

Tags:
Zikra trjuma Quran
urdu trjuma quran by Zikra dar ul nashr
Ramzan Live Trjuma
Quran Urdu Hindi Translation
اردو ترجمہ قرآن
zikra dar ul nashr

#quranwithurdutranslation 
#friday  
#urdutarjuma

zikra friday class
trjuma by molana muhammad saleem akhtar
zikra trjuma quran
zikra darul nashr
zikra dar ul nashr
trjuma by zikra
Muhammad Saleem Akhtar
Molana Muhammad saleem akhtar
zikra","zikra dar ul nashr,zikra trjuma quran,urdu trjuma quran,friday class zikra,zikra friday class,Surah At-Tauba with Urdu Translation,Surah At-Tauba 1 to 6,Ruku 1 Surah At-Tauba,Trjuma Surah At-Tauba 1 to 6 with Urdu Translation,Trjuma 1 to 6 Surah At-Tauba,Surah At-Tauba Urdu trjuma,Urdu trjuma Surah At-Tauba,Urdu Translation Surah At-Tauba Ayah 1 6,Surah At-Tauba Urdu Trjuma 1 6,Ayah 1 to 6 Surah At-Tauba",2024-02-17T12:00:25Z,PT26M32S,147
m8VEeBXO6Rk,Parah 10 Ruba 3 Live Stream Urdu Trjuma,"Parah 10 Ruba 3 Live Stream Urdu Trjuma #live #zikra #quranlive #quran #livetarjuma #youtubelive
#zikradarulnashr #urdutajuma #quraninurdu",,2024-02-17T02:35:47Z,PT33M45S,27
IEpk8qOwQjo,Surah Ankabut | Ayat 31 & 32 With Urdu Translaion,,,2024-02-16T02:00:11Z,PT46S,31
5CgIrFLTfn0,Surah Yunus | Ayah 109 With Urdu Translation,,,2024-02-13T02:00:03Z,PT20S,15
b61uKCSz5dU,Surah Al-Anfal with Urdu Translation - Ayah 49 To 58 Ruku No 7,"Tarjuma by :
Molana Muhammad Saleem Akhtar

FRIDAY CLASS PLAYLIST 
https://www.youtube.com/playlist?list=PLQowKeTNj5RHy5aDTVNMg2UP2Idoaz0Kj

Quran With Urdu Translation
PLAYLIST LIVE URDU TRJUMA QURAN 2023
https://www.youtube.com/playlist?list=PLQowKeTNj5RFktbc8r-Duku_qu5AzR1LG

Quran With Urdu Translation
 اردو ترجمہ قرآن

All platfoms we are live on
Zikra Social Media Links

YouTube
https://www.youtube.com/channel/UCLYuowOAkMxiPFNWEDzqldQ?view_as=subscriber

Facebook
https://www.facebook.com/Zikra-Dar-ul-nashr-ذکریٰ-دار-النشر-102479931673745/

Tags:
Zikra trjuma Quran
urdu trjuma quran by Zikra dar ul nashr
Ramzan Live Trjuma
Quran Urdu Hindi Translation
اردو ترجمہ قرآن
zikra dar ul nashr

#quranwithurdutranslation 
#friday  
#urdutarjuma

zikra friday class
trjuma by molana muhammad saleem akhtar
zikra trjuma quran
zikra darul nashr
zikra dar ul nashr
trjuma by zikra
Muhammad Saleem Akhtar
Molana Muhammad saleem akhtar
zikra","zikra dar ul nashr,zikra trjuma quran,urdu trjuma quran,friday class zikra,zikra friday class,Surah Al-Anfal with Urdu Translation,Surah Al-Anfal 49 to 58,Ruku 7 Surah Al-Anfal,Trjuma Surah Al-Anfal 49 to 58 with Urdu Translation,Trjuma 49 to 58 Surah Al-Anfal,Surah Al-Anfal Urdu trjuma,Urdu trjuma Surah Al-Anfal,Urdu Translation Surah Al-Anfal Ayah 49 58,Surah Al-Anfal Urdu Trjuma 49 58,Ayah 49 to 58 Surah Al-Anfal",2024-02-12T12:00:34Z,PT10M1S,24
Zh3T6hybHAs,Surah Younas | Ayah 107 With Urdu Translation,,,2024-02-12T02:00:11Z,PT35S,15
gQI6YR0KZqs,Surah Al-Anfal with Urdu Translation - Ayah 45 To 48 Ruku No 6,"Tarjuma by :
Molana Muhammad Saleem Akhtar

FRIDAY CLASS PLAYLIST 
https://www.youtube.com/playlist?list=PLQowKeTNj5RHy5aDTVNMg2UP2Idoaz0Kj

Quran With Urdu Translation
PLAYLIST LIVE URDU TRJUMA QURAN 2023
https://www.youtube.com/playlist?list=PLQowKeTNj5RFktbc8r-Duku_qu5AzR1LG

Quran With Urdu Translation
 اردو ترجمہ قرآن

All platfoms we are live on
Zikra Social Media Links

YouTube
https://www.youtube.com/channel/UCLYuowOAkMxiPFNWEDzqldQ?view_as=subscriber

Facebook
https://www.facebook.com/Zikra-Dar-ul-nashr-ذکریٰ-دار-النشر-102479931673745/

Tags:
Zikra trjuma Quran
urdu trjuma quran by Zikra dar ul nashr
Ramzan Live Trjuma
Quran Urdu Hindi Translation
اردو ترجمہ قرآن
zikra dar ul nashr

#quranwithurdutranslation 
#friday  
#urdutarjuma

zikra friday class
trjuma by molana muhammad saleem akhtar
zikra trjuma quran
zikra darul nashr
zikra dar ul nashr
trjuma by zikra
Muhammad Saleem Akhtar
Molana Muhammad saleem akhtar
zikra","zikra dar ul nashr,zikra trjuma quran,urdu trjuma quran,friday class zikra,zikra friday class,Surah Al-Anfal with Urdu Translation,Surah Al-Anfal 45 to 48,Ruku 6 Surah Al-Anfal,Trjuma Surah Al-Anfal 45 to 48 with Urdu Translation,Trjuma 45 to 48 Surah Al-Anfal,Surah Al-Anfal Urdu trjuma,Urdu trjuma Surah Al-Anfal,Urdu Translation Surah Al-Anfal Ayah 45 48,Surah Al-Anfal Urdu Trjuma 45 48,Ayah 45 to 48 Surah Al-Anfal",2024-02-11T12:00:35Z,PT5M41S,35
ZjAm7yPNwCc,Surah Al-Anfal with Urdu Translation - Ayah 20 To 28 Ruku No 3,"Tarjuma by :
Molana Muhammad Saleem Akhtar

FRIDAY CLASS PLAYLIST 
https://www.youtube.com/playlist?list=PLQowKeTNj5RHy5aDTVNMg2UP2Idoaz0Kj

Quran With Urdu Translation
PLAYLIST LIVE URDU TRJUMA QURAN 2023
https://www.youtube.com/playlist?list=PLQowKeTNj5RFktbc8r-Duku_qu5AzR1LG

Quran With Urdu Translation
 اردو ترجمہ قرآن

All platfoms we are live on
Zikra Social Media Links

YouTube
https://www.youtube.com/channel/UCLYuowOAkMxiPFNWEDzqldQ?view_as=subscriber

Facebook
https://www.facebook.com/Zikra-Dar-ul-nashr-ذکریٰ-دار-النشر-102479931673745/

Tags:
Zikra trjuma Quran
urdu trjuma quran by Zikra dar ul nashr
Ramzan Live Trjuma
Quran Urdu Hindi Translation
اردو ترجمہ قرآن
zikra dar ul nashr

#quranwithurdutranslation 
#friday  
#urdutarjuma

zikra friday class
trjuma by molana muhammad saleem akhtar
zikra trjuma quran
zikra darul nashr
zikra dar ul nashr
trjuma by zikra
Muhammad Saleem Akhtar
Molana Muhammad saleem akhtar
zikra","zikra dar ul nashr,zikra trjuma quran,urdu trjuma quran,friday class zikra,zikra friday class,Surah Al-Anfal with Urdu Translation,Surah Al-Anfal 20 to 28,Ruku 3 Surah Al-Anfal,Trjuma Surah Al-Anfal 20 to 28 with Urdu Translation,Trjuma 20 to 28 Surah Al-Anfal,Surah Al-Anfal Urdu trjuma,Urdu trjuma Surah Al-Anfal,Urdu Translation Surah Al-Anfal Ayah 20 28,Surah Al-Anfal Urdu Trjuma 20 28,Ayah 20 to 28 Surah Al-Anfal",2024-02-07T12:00:35Z,PT6M51S,37
PFwr3FyB6GY,Surah Al-Anfal with Urdu Translation - Ayah 11 To 19 Ruku No 2,"Tarjuma by :
Molana Muhammad Saleem Akhtar

FRIDAY CLASS PLAYLIST 
https://www.youtube.com/playlist?list=PLQowKeTNj5RHy5aDTVNMg2UP2Idoaz0Kj

Quran With Urdu Translation
PLAYLIST LIVE URDU TRJUMA QURAN 2023
https://www.youtube.com/playlist?list=PLQowKeTNj5RFktbc8r-Duku_qu5AzR1LG

Quran With Urdu Translation
 اردو ترجمہ قرآن

All platfoms we are live on
Zikra Social Media Links

YouTube
https://www.youtube.com/channel/UCLYuowOAkMxiPFNWEDzqldQ?view_as=subscriber

Facebook
https://www.facebook.com/Zikra-Dar-ul-nashr-ذکریٰ-دار-النشر-102479931673745/

Tags:
Zikra trjuma Quran
urdu trjuma quran by Zikra dar ul nashr
Ramzan Live Trjuma
Quran Urdu Hindi Translation
اردو ترجمہ قرآن
zikra dar ul nashr

#quranwithurdutranslation 
#friday  
#urdutarjuma

zikra friday class
trjuma by molana muhammad saleem akhtar
zikra trjuma quran
zikra darul nashr
zikra dar ul nashr
trjuma by zikra
Muhammad Saleem Akhtar
Molana Muhammad saleem akhtar
zikra","zikra dar ul nashr,zikra trjuma quran,urdu trjuma quran,friday class zikra,zikra friday class,Surah Al-Anfal with Urdu Translation,Surah Al-Anfal 11 to 19,Ruku 2 Surah Al-Anfal,Trjuma Surah Al-Anfal 11 to 19 with Urdu Translation,Trjuma 11 to 19 Surah Al-Anfal,Surah Al-Anfal Urdu trjuma,Urdu trjuma Surah Al-Anfal,Urdu Translation Surah Al-Anfal Ayah 11 19,Surah Al-Anfal Urdu Trjuma 11 19,Ayah 11 to 19 Surah Al-Anfal",2024-02-06T12:00:31Z,PT11M5S,55
to8U6jexAgU,Surah Al-A'raf with Urdu Translation - Ayah 189 - 206 Ruku No 24,"Tarjuma by :
Molana Muhammad Saleem Akhtar

FRIDAY CLASS PLAYLIST 
https://www.youtube.com/playlist?list=PLQowKeTNj5RHy5aDTVNMg2UP2Idoaz0Kj

Quran With Urdu Translation
PLAYLIST LIVE URDU TRJUMA QURAN 2023
https://www.youtube.com/playlist?list=PLQowKeTNj5RFktbc8r-Duku_qu5AzR1LG

Quran With Urdu Translation
 اردو ترجمہ قرآن

All platfoms we are live on
Zikra Social Media Links

YouTube
https://www.youtube.com/channel/UCLYuowOAkMxiPFNWEDzqldQ?view_as=subscriber

Facebook
https://www.facebook.com/Zikra-Dar-ul-nashr-ذکریٰ-دار-النشر-102479931673745/

Tags:
Zikra trjuma Quran
urdu trjuma quran by Zikra dar ul nashr
Ramzan Live Trjuma
Quran Urdu Hindi Translation
اردو ترجمہ قرآن
zikra dar ul nashr

#quranwithurdutranslation 
#friday  
#urdutarjuma

zikra friday class
trjuma by molana muhammad saleem akhtar
zikra trjuma quran
zikra darul nashr
zikra dar ul nashr
trjuma by zikra
Muhammad Saleem Akhtar
Molana Muhammad saleem akhtar
zikra",,2024-02-04T12:00:54Z,PT13M58S,41
-CVZA6-muJo,Surah Al-'Ankabut 29 | Ayah 42 & 43 with Urdu Translation,"Tarjuma by :
Molana Muhammad Saleem Akhtar

FRIDAY CLASS PLAYLIST 
https://www.youtube.com/playlist?list=PLQowKeTNj5RHy5aDTVNMg2UP2Idoaz0Kj

Quran With Urdu Translation
PLAYLIST LIVE URDU TRJUMA QURAN 2023
https://www.youtube.com/playlist?list=PLQowKeTNj5RFktbc8r-Duku_qu5AzR1LG

Quran With Urdu Translation
 اردو ترجمہ قرآن

All platfoms we are live on
Zikra Social Media Links

YouTube
https://www.youtube.com/channel/UCLYuowOAkMxiPFNWEDzqldQ?view_as=subscriber

Facebook
https://www.facebook.com/Zikra-Dar-ul-nashr-ذکریٰ-دار-النشر-102479931673745/

Tags:
Zikra trjuma Quran
urdu trjuma quran by Zikra dar ul nashr
Ramzan Live Trjuma
Quran Urdu Hindi Translation
اردو ترجمہ قرآن
zikra dar ul nashr

#quranwithurdutranslation 
#friday  
#urdutarjuma

zikra friday class
trjuma by molana muhammad saleem akhtar
zikra trjuma quran
zikra darul nashr
zikra dar ul nashr
trjuma by zikra
Muhammad Saleem Akhtar
Molana Muhammad saleem akhtar
zikra",,2024-02-03T12:53:46Z,PT26S,76
MVOImKZkezo,Parah 10 Ruba 1 Live Stream Urdu Trjuma,"Parah 10 Ruba 1 Live Stream Urdu Trjuma #live #zikra #quranlive #quran #livetarjuma #youtubelive
#zikradarulnashr #urdutajuma #quraninurdu",,2024-02-03T02:43:00Z,PT55M42S,31
fxE_qZlNHDk,Surah Al-A'raf with Urdu Translation - Ayah 172 - 181 Ruku No 22,"Tarjuma by :
Molana Muhammad Saleem Akhtar

FRIDAY CLASS PLAYLIST 
https://www.youtube.com/playlist?list=PLQowKeTNj5RHy5aDTVNMg2UP2Idoaz0Kj

Quran With Urdu Translation
PLAYLIST LIVE URDU TRJUMA QURAN 2023
https://www.youtube.com/playlist?list=PLQowKeTNj5RFktbc8r-Duku_qu5AzR1LG

Quran With Urdu Translation
 اردو ترجمہ قرآن

All platfoms we are live on
Zikra Social Media Links

YouTube
https://www.youtube.com/channel/UCLYuowOAkMxiPFNWEDzqldQ?view_as=subscriber

Facebook
https://www.facebook.com/Zikra-Dar-ul-nashr-ذکریٰ-دار-النشر-102479931673745/

Tags:
Zikra trjuma Quran
urdu trjuma quran by Zikra dar ul nashr
Ramzan Live Trjuma
Quran Urdu Hindi Translation
اردو ترجمہ قرآن
zikra dar ul nashr

#quranwithurdutranslation 
#friday  
#urdutarjuma

zikra friday class
trjuma by molana muhammad saleem akhtar
zikra trjuma quran
zikra darul nashr
zikra dar ul nashr
trjuma by zikra
Muhammad Saleem Akhtar
Molana Muhammad saleem akhtar
zikra",,2024-02-01T12:00:39Z,PT13M44S,24
bYLw9atnIdY,Surah Al-'Ankabut 29 | Ayah 41 with Urdu Translation,,,2024-02-01T09:36:47Z,PT24S,125
YQyvMD8_MVw,Surah Al-A'raf with Urdu Translation - Ayah 158 - 162 Ruku No 20,"Tarjuma by :
Molana Muhammad Saleem Akhtar

FRIDAY CLASS PLAYLIST 
https://www.youtube.com/playlist?list=PLQowKeTNj5RHy5aDTVNMg2UP2Idoaz0Kj

Quran With Urdu Translation
PLAYLIST LIVE URDU TRJUMA QURAN 2023
https://www.youtube.com/playlist?list=PLQowKeTNj5RFktbc8r-Duku_qu5AzR1LG

Quran With Urdu Translation
 اردو ترجمہ قرآن

All platfoms we are live on
Zikra Social Media Links

YouTube
https://www.youtube.com/channel/UCLYuowOAkMxiPFNWEDzqldQ?view_as=subscriber

Facebook
https://www.facebook.com/Zikra-Dar-ul-nashr-ذکریٰ-دار-النشر-102479931673745/

Tags:
Zikra trjuma Quran
urdu trjuma quran by Zikra dar ul nashr
Ramzan Live Trjuma
Quran Urdu Hindi Translation
اردو ترجمہ قرآن
zikra dar ul nashr

#quranwithurdutranslation 
#friday  
#urdutarjuma

zikra friday class
trjuma by molana muhammad saleem akhtar
zikra trjuma quran
zikra darul nashr
zikra dar ul nashr
trjuma by zikra
Muhammad Saleem Akhtar
Molana Muhammad saleem akhtar
zikra",,2024-01-30T12:00:27Z,PT11M16S,24
9thidAN4i6E,Surah Al-A'raf with Urdu Translation - Ayah 148 to 151 Ruku No 18,"Tarjuma by :
Molana Muhammad Saleem Akhtar

FRIDAY CLASS PLAYLIST 
https://www.youtube.com/playlist?list=PLQowKeTNj5RHy5aDTVNMg2UP2Idoaz0Kj

Quran With Urdu Translation
PLAYLIST LIVE URDU TRJUMA QURAN 2023
https://www.youtube.com/playlist?list=PLQowKeTNj5RFktbc8r-Duku_qu5AzR1LG

Quran With Urdu Translation
 اردو ترجمہ قرآن

All platfoms we are live on
Zikra Social Media Links

YouTube
https://www.youtube.com/channel/UCLYuowOAkMxiPFNWEDzqldQ?view_as=subscriber

Facebook
https://www.facebook.com/Zikra-Dar-ul-nashr-ذکریٰ-دار-النشر-102479931673745/

Tags:
Zikra trjuma Quran
urdu trjuma quran by Zikra dar ul nashr
Ramzan Live Trjuma
Quran Urdu Hindi Translation
اردو ترجمہ قرآن
zikra dar ul nashr

#quranwithurdutranslation 
#friday  
#urdutarjuma

zikra friday class
trjuma by molana muhammad saleem akhtar
zikra trjuma quran
zikra darul nashr
zikra dar ul nashr
trjuma by zikra
Muhammad Saleem Akhtar
Molana Muhammad saleem akhtar
zikra",,2024-01-28T12:00:07Z,PT9M57S,51
gHWGdr9kEAA,Surah Al-A'raf with Urdu Translation - Ayah 142 to 147 Ruku No 17,"Tarjuma by :
Molana Muhammad Saleem Akhtar

FRIDAY CLASS PLAYLIST 
https://www.youtube.com/playlist?list=PLQowKeTNj5RHy5aDTVNMg2UP2Idoaz0Kj

Quran With Urdu Translation
PLAYLIST LIVE URDU TRJUMA QURAN 2023
https://www.youtube.com/playlist?list=PLQowKeTNj5RFktbc8r-Duku_qu5AzR1LG

Quran With Urdu Translation
 اردو ترجمہ قرآن

All platfoms we are live on
Zikra Social Media Links

YouTube
https://www.youtube.com/channel/UCLYuowOAkMxiPFNWEDzqldQ?view_as=subscriber

Facebook
https://www.facebook.com/Zikra-Dar-ul-nashr-ذکریٰ-دار-النشر-102479931673745/

Tags:
Zikra trjuma Quran
urdu trjuma quran by Zikra dar ul nashr
Ramzan Live Trjuma
Quran Urdu Hindi Translation
اردو ترجمہ قرآن
zikra dar ul nashr

#quranwithurdutranslation 
#friday  
#urdutarjuma

zikra friday class
trjuma by molana muhammad saleem akhtar
zikra trjuma quran
zikra darul nashr
zikra dar ul nashr
trjuma by zikra
Muhammad Saleem Akhtar
Molana Muhammad saleem akhtar
zikra",,2024-01-27T12:00:39Z,PT17M4S,39
kvyOX8ULmYE,Surah Al-A'raf with Urdu Translation - Ayah 130 to 141 Ruku No 16,"Tarjuma by :
Molana Muhammad Saleem Akhtar

FRIDAY CLASS PLAYLIST 
https://www.youtube.com/playlist?list=PLQowKeTNj5RHy5aDTVNMg2UP2Idoaz0Kj

Quran With Urdu Translation
PLAYLIST LIVE URDU TRJUMA QURAN 2023
https://www.youtube.com/playlist?list=PLQowKeTNj5RFktbc8r-Duku_qu5AzR1LG

Quran With Urdu Translation
 اردو ترجمہ قرآن

All platfoms we are live on
Zikra Social Media Links

YouTube
https://www.youtube.com/channel/UCLYuowOAkMxiPFNWEDzqldQ?view_as=subscriber

Facebook
https://www.facebook.com/Zikra-Dar-ul-nashr-ذکریٰ-دار-النشر-102479931673745/

Tags:
Zikra trjuma Quran
urdu trjuma quran by Zikra dar ul nashr
Ramzan Live Trjuma
Quran Urdu Hindi Translation
اردو ترجمہ قرآن
zikra dar ul nashr

#quranwithurdutranslation 
#friday  
#urdutarjuma

zikra friday class
trjuma by molana muhammad saleem akhtar
zikra trjuma quran
zikra darul nashr
zikra dar ul nashr
trjuma by zikra
Muhammad Saleem Akhtar
Molana Muhammad saleem akhtar
zikra",,2024-01-25T12:00:43Z,PT9M50S,82
MPoprA51I2Q,Surah Al-A'raf with Urdu Translation - Ayah 127 to 129 Ruku No 15,"Tarjuma by :
Molana Muhammad Saleem Akhtar

FRIDAY CLASS PLAYLIST 
https://www.youtube.com/playlist?list=PLQowKeTNj5RHy5aDTVNMg2UP2Idoaz0Kj

Quran With Urdu Translation
PLAYLIST LIVE URDU TRJUMA QURAN 2023
https://www.youtube.com/playlist?list=PLQowKeTNj5RFktbc8r-Duku_qu5AzR1LG

Quran With Urdu Translation
 اردو ترجمہ قرآن

All platfoms we are live on
Zikra Social Media Links

YouTube
https://www.youtube.com/channel/UCLYuowOAkMxiPFNWEDzqldQ?view_as=subscriber

Facebook
https://www.facebook.com/Zikra-Dar-ul-nashr-ذکریٰ-دار-النشر-102479931673745/

Tags:
Zikra trjuma Quran
urdu trjuma quran by Zikra dar ul nashr
Ramzan Live Trjuma
Quran Urdu Hindi Translation
اردو ترجمہ قرآن
zikra dar ul nashr

#quranwithurdutranslation 
#friday  
#urdutarjuma

zikra friday class
trjuma by molana muhammad saleem akhtar
zikra trjuma quran
zikra darul nashr
zikra dar ul nashr
trjuma by zikra
Muhammad Saleem Akhtar
Molana Muhammad saleem akhtar
zikra",,2024-01-24T12:00:24Z,PT3M36S,26
eGBb4OUW0zQ,Surah Al-A'raf with Urdu Translation - Ayah 100 To 108 Ruku No 13,"Tarjuma by :
Molana Muhammad Saleem Akhtar

FRIDAY CLASS PLAYLIST 
https://www.youtube.com/playlist?list=PLQowKeTNj5RHy5aDTVNMg2UP2Idoaz0Kj

Quran With Urdu Translation
PLAYLIST LIVE URDU TRJUMA QURAN 2023
https://www.youtube.com/playlist?list=PLQowKeTNj5RFktbc8r-Duku_qu5AzR1LG

Quran With Urdu Translation
 اردو ترجمہ قرآن

All platfoms we are live on
Zikra Social Media Links

YouTube
https://www.youtube.com/channel/UCLYuowOAkMxiPFNWEDzqldQ?view_as=subscriber

Facebook
https://www.facebook.com/Zikra-Dar-ul-nashr-ذکریٰ-دار-النشر-102479931673745/

Tags:
Zikra trjuma Quran
urdu trjuma quran by Zikra dar ul nashr
Ramzan Live Trjuma
Quran Urdu Hindi Translation
اردو ترجمہ قرآن
zikra dar ul nashr

#quranwithurdutranslation 
#friday  
#urdutarjuma

zikra friday class
trjuma by molana muhammad saleem akhtar
zikra trjuma quran
zikra darul nashr
zikra dar ul nashr
trjuma by zikra
Muhammad Saleem Akhtar
Molana Muhammad saleem akhtar
zikra",,2024-01-22T12:00:24Z,PT5M14S,27
zcHl8AxfihQ,Ankaboot Ayat no. 33 #shorts #zikra #quran #quranwithurdutranslation,,,2024-01-22T02:00:23Z,PT32S,36
LgYMGzjT96w,Ankabot Ayat : 31 & 32 #quran #shorts #zikra,,,2024-01-21T04:17:05Z,PT46S,315
nLICQFRJ6to,Parah 9 Ruba 3 Live Stream Urdu Trjuma,"Parah 9 Ruba 3 Live Stream Urdu Trjuma #live #zikra #quranlive #quran #livetarjuma #youtubelive
#zikradarulnashr #urdutajuma #quraninurdu",,2024-01-20T02:34:30Z,PT57M24S,50
X7uim0G-ivg,Surah Al-A'raf with Urdu Translation - Ayah 50 To 47 Ruku No 5 part 2,"Tarjuma by :
Molana Muhammad Saleem Akhtar

FRIDAY CLASS PLAYLIST 
https://www.youtube.com/playlist?list=PLQowKeTNj5RHy5aDTVNMg2UP2Idoaz0Kj

Quran With Urdu Translation
PLAYLIST LIVE URDU TRJUMA QURAN 2023
https://www.youtube.com/playlist?list=PLQowKeTNj5RFktbc8r-Duku_qu5AzR1LG

Quran With Urdu Translation
 اردو ترجمہ قرآن

All platfoms we are live on
Zikra Social Media Links

YouTube
https://www.youtube.com/channel/UCLYuowOAkMxiPFNWEDzqldQ?view_as=subscriber

Facebook
https://www.facebook.com/Zikra-Dar-ul-nashr-ذکریٰ-دار-النشر-102479931673745/

Tags:
Zikra trjuma Quran
urdu trjuma quran by Zikra dar ul nashr
Ramzan Live Trjuma
Quran Urdu Hindi Translation
اردو ترجمہ قرآن
zikra dar ul nashr

#quranwithurdutranslation 
#friday  
#urdutarjuma

zikra friday class
trjuma by molana muhammad saleem akhtar
zikra trjuma quran
zikra darul nashr
zikra dar ul nashr
trjuma by zikra
Muhammad Saleem Akhtar
Molana Muhammad saleem akhtar
zikra","zikra dar ul nashr,zikra trjuma quran,urdu trjuma quran,friday class zikra,zikra friday class,Surah Al-A'raf with Urdu Translation,Surah Al-A'raf 50 to 47,Ruku 5 Surah Al-A'raf,Trjuma Surah Al-A'raf 50 to 47 with Urdu Translation,Trjuma 50 to 47 Surah Al-A'raf,Surah Al-A'raf Urdu trjuma,Urdu trjuma Surah Al-A'raf,Urdu Translation Surah Al-A'raf Ayah 50 47,Surah Al-A'raf Urdu Trjuma 50 47,Ayah 50 to 47 Surah Al-A'raf",2024-01-10T12:00:35Z,PT10M56S,32
GoycDyLyvn0,Surah Al-A'raf with Urdu Translation - Ayah 50 To 47 Ruku No 5,"Tarjuma by :
Molana Muhammad Saleem Akhtar

FRIDAY CLASS PLAYLIST 
https://www.youtube.com/playlist?list=PLQowKeTNj5RHy5aDTVNMg2UP2Idoaz0Kj

Quran With Urdu Translation
PLAYLIST LIVE URDU TRJUMA QURAN 2023
https://www.youtube.com/playlist?list=PLQowKeTNj5RFktbc8r-Duku_qu5AzR1LG

Quran With Urdu Translation
 اردو ترجمہ قرآن

All platfoms we are live on
Zikra Social Media Links

YouTube
https://www.youtube.com/channel/UCLYuowOAkMxiPFNWEDzqldQ?view_as=subscriber

Facebook
https://www.facebook.com/Zikra-Dar-ul-nashr-ذکریٰ-دار-النشر-102479931673745/

Tags:
Zikra trjuma Quran
urdu trjuma quran by Zikra dar ul nashr
Ramzan Live Trjuma
Quran Urdu Hindi Translation
اردو ترجمہ قرآن
zikra dar ul nashr

#quranwithurdutranslation 
#friday  
#urdutarjuma

zikra friday class
trjuma by molana muhammad saleem akhtar
zikra trjuma quran
zikra darul nashr
zikra dar ul nashr
trjuma by zikra
Muhammad Saleem Akhtar
Molana Muhammad saleem akhtar
zikra","zikra dar ul nashr,zikra trjuma quran,urdu trjuma quran,friday class zikra,zikra friday class,Surah Al-A'raf with Urdu Translation,Surah Al-A'raf 50 to 47,Ruku 5 Surah Al-A'raf,Trjuma Surah Al-A'raf 50 to 47 with Urdu Translation,Trjuma 50 to 47 Surah Al-A'raf,Surah Al-A'raf Urdu trjuma,Urdu trjuma Surah Al-A'raf,Urdu Translation Surah Al-A'raf Ayah 50 47,Surah Al-A'raf Urdu Trjuma 50 47,Ayah 50 to 47 Surah Al-A'raf",2024-01-09T12:00:19Z,PT5M30S,37
BrwM9cQRSbg,Surah Al-A'raf with Urdu Translation - Ayah 32 To 49 Ruku No 4,"Tarjuma by :
Molana Muhammad Saleem Akhtar

FRIDAY CLASS PLAYLIST 
https://www.youtube.com/playlist?list=PLQowKeTNj5RHy5aDTVNMg2UP2Idoaz0Kj

Quran With Urdu Translation
PLAYLIST LIVE URDU TRJUMA QURAN 2023
https://www.youtube.com/playlist?list=PLQowKeTNj5RFktbc8r-Duku_qu5AzR1LG

Quran With Urdu Translation
 اردو ترجمہ قرآن

All platfoms we are live on
Zikra Social Media Links

YouTube
https://www.youtube.com/channel/UCLYuowOAkMxiPFNWEDzqldQ?view_as=subscriber

Facebook
https://www.facebook.com/Zikra-Dar-ul-nashr-ذکریٰ-دار-النشر-102479931673745/

Tags:
Zikra trjuma Quran
urdu trjuma quran by Zikra dar ul nashr
Ramzan Live Trjuma
Quran Urdu Hindi Translation
اردو ترجمہ قرآن
zikra dar ul nashr

#quranwithurdutranslation 
#friday  
#urdutarjuma

zikra friday class
trjuma by molana muhammad saleem akhtar
zikra trjuma quran
zikra darul nashr
zikra dar ul nashr
trjuma by zikra
Muhammad Saleem Akhtar
Molana Muhammad saleem akhtar
zikra","zikra dar ul nashr,zikra trjuma quran,urdu trjuma quran,friday class zikra,zikra friday class,Surah Al-A'raf with Urdu Translation,Surah Al-A'raf 32 to 49,Ruku 4 Surah Al-A'raf,Trjuma Surah Al-A'raf 32 to 49 with Urdu Translation,Trjuma 32 to 49 Surah Al-A'raf,Surah Al-A'raf Urdu trjuma,Urdu trjuma Surah Al-A'raf,Urdu Translation Surah Al-A'raf Ayah 32 49,Surah Al-A'raf Urdu Trjuma 32 49,Ayah 32 to 49 Surah Al-A'raf",2024-01-08T12:00:17Z,PT11M53S,29
YXJZQyV5YTk,Surah Al-A'raf with Urdu Translation - Ayah 11 To 25 Ruku No 2,"Tarjuma by :
Molana Muhammad Saleem Akhtar

FRIDAY CLASS PLAYLIST 
https://www.youtube.com/playlist?list=PLQowKeTNj5RHy5aDTVNMg2UP2Idoaz0Kj

Quran With Urdu Translation
PLAYLIST LIVE URDU TRJUMA QURAN 2023
https://www.youtube.com/playlist?list=PLQowKeTNj5RFktbc8r-Duku_qu5AzR1LG

Quran With Urdu Translation
 اردو ترجمہ قرآن

All platfoms we are live on
Zikra Social Media Links

YouTube
https://www.youtube.com/channel/UCLYuowOAkMxiPFNWEDzqldQ?view_as=subscriber

Facebook
https://www.facebook.com/Zikra-Dar-ul-nashr-ذکریٰ-دار-النشر-102479931673745/

Tags:
Zikra trjuma Quran
urdu trjuma quran by Zikra dar ul nashr
Ramzan Live Trjuma
Quran Urdu Hindi Translation
اردو ترجمہ قرآن
zikra dar ul nashr

#quranwithurdutranslation 
#friday  
#urdutarjuma

zikra friday class
trjuma by molana muhammad saleem akhtar
zikra trjuma quran
zikra darul nashr
zikra dar ul nashr
trjuma by zikra
Muhammad Saleem Akhtar
Molana Muhammad saleem akhtar
zikra","zikra dar ul nashr,zikra trjuma quran,urdu trjuma quran,friday class zikra,zikra friday class,Surah Al-A'raf with Urdu Translation,Surah Al-A'raf 11 to 25,Ruku 2 Surah Al-A'raf,Trjuma Surah Al-A'raf 11 to 25 with Urdu Translation,Trjuma 11 to 25 Surah Al-A'raf,Surah Al-A'raf Urdu trjuma,Urdu trjuma Surah Al-A'raf,Urdu Translation Surah Al-A'raf Ayah 11 25,Surah Al-A'raf Urdu Trjuma 11 25,Ayah 11 to 25 Surah Al-A'raf",2024-01-06T12:00:24Z,PT20M49S,27
IrkDpH71Gzw,Surah Al-A'raf with Urdu Translation - Ayah 1 To 10 Ruku No 1,"Tarjuma by :
Molana Muhammad Saleem Akhtar

FRIDAY CLASS PLAYLIST 
https://www.youtube.com/playlist?list=PLQowKeTNj5RHy5aDTVNMg2UP2Idoaz0Kj

Quran With Urdu Translation
PLAYLIST LIVE URDU TRJUMA QURAN 2023
https://www.youtube.com/playlist?list=PLQowKeTNj5RFktbc8r-Duku_qu5AzR1LG

Quran With Urdu Translation
 اردو ترجمہ قرآن

All platfoms we are live on
Zikra Social Media Links

YouTube
https://www.youtube.com/channel/UCLYuowOAkMxiPFNWEDzqldQ?view_as=subscriber

Facebook
https://www.facebook.com/Zikra-Dar-ul-nashr-ذکریٰ-دار-النشر-102479931673745/

Tags:
Zikra trjuma Quran
urdu trjuma quran by Zikra dar ul nashr
Ramzan Live Trjuma
Quran Urdu Hindi Translation
اردو ترجمہ قرآن
zikra dar ul nashr

#quranwithurdutranslation 
#friday  
#urdutarjuma

zikra friday class
trjuma by molana muhammad saleem akhtar
zikra trjuma quran
zikra darul nashr
zikra dar ul nashr
trjuma by zikra
Muhammad Saleem Akhtar
Molana Muhammad saleem akhtar
zikra","zikra dar ul nashr,zikra trjuma quran,urdu trjuma quran,friday class zikra,zikra friday class,Surah Al-A'raf with Urdu Translation,Surah Al-A'raf 1 to 10,Ruku 1 Surah Al-A'raf,Trjuma Surah Al-A'raf 1 to 10 with Urdu Translation,Trjuma 1 to 10 Surah Al-A'raf,Surah Al-A'raf Urdu trjuma,Urdu trjuma Surah Al-A'raf,Urdu Translation Surah Al-A'raf Ayah 1 10,Surah Al-A'raf Urdu Trjuma 1 10,Ayah 1 to 10 Surah Al-A'raf",2024-01-04T12:00:21Z,PT13M14S,39
A9DzuADQ7Gk,Surah Al-An'am with Urdu Translation - Ayah 151 To 154 Ruku No 19,"Tarjuma by :
Molana Muhammad Saleem Akhtar

FRIDAY CLASS PLAYLIST 
https://www.youtube.com/playlist?list=PLQowKeTNj5RHy5aDTVNMg2UP2Idoaz0Kj

Quran With Urdu Translation
PLAYLIST LIVE URDU TRJUMA QURAN 2023
https://www.youtube.com/playlist?list=PLQowKeTNj5RFktbc8r-Duku_qu5AzR1LG

Quran With Urdu Translation
 اردو ترجمہ قرآن

All platfoms we are live on
Zikra Social Media Links

YouTube
https://www.youtube.com/channel/UCLYuowOAkMxiPFNWEDzqldQ?view_as=subscriber

Facebook
https://www.facebook.com/Zikra-Dar-ul-nashr-ذکریٰ-دار-النشر-102479931673745/

Tags:
Zikra trjuma Quran
urdu trjuma quran by Zikra dar ul nashr
Ramzan Live Trjuma
Quran Urdu Hindi Translation
اردو ترجمہ قرآن
zikra dar ul nashr

#quranwithurdutranslation 
#friday  
#urdutarjuma

zikra friday class
trjuma by molana muhammad saleem akhtar
zikra trjuma quran
zikra darul nashr
zikra dar ul nashr
trjuma by zikra
Muhammad Saleem Akhtar
Molana Muhammad saleem akhtar
zikra","zikra dar ul nashr,zikra trjuma quran,urdu trjuma quran,friday class zikra,zikra friday class,Surah Al-An'am with Urdu Translation,Surah Al-An'am 151 to 154,Ruku 19 Surah Al-An'am,Trjuma Surah Al-An'am 151 to 154 with Urdu Translation,Trjuma 151 to 154 Surah Al-An'am,Surah Al-An'am Urdu trjuma,Urdu trjuma Surah Al-An'am,Urdu Translation Surah Al-An'am Ayah 151 154,Surah Al-An'am Urdu Trjuma 151 154,Ayah 151 to 154 Surah Al-An'am",2024-01-02T12:00:09Z,PT8M4S,43
Jz8Jo2jmQG8,Surah Al-An'am with Urdu Translation - Ayah 145 To 150 Ruku No 18,"Tarjuma by :
Molana Muhammad Saleem Akhtar

FRIDAY CLASS PLAYLIST 
https://www.youtube.com/playlist?list=PLQowKeTNj5RHy5aDTVNMg2UP2Idoaz0Kj

Quran With Urdu Translation
PLAYLIST LIVE URDU TRJUMA QURAN 2023
https://www.youtube.com/playlist?list=PLQowKeTNj5RFktbc8r-Duku_qu5AzR1LG

Quran With Urdu Translation
 اردو ترجمہ قرآن

All platfoms we are live on
Zikra Social Media Links

YouTube
https://www.youtube.com/channel/UCLYuowOAkMxiPFNWEDzqldQ?view_as=subscriber

Facebook
https://www.facebook.com/Zikra-Dar-ul-nashr-ذکریٰ-دار-النشر-102479931673745/

Tags:
Zikra trjuma Quran
urdu trjuma quran by Zikra dar ul nashr
Ramzan Live Trjuma
Quran Urdu Hindi Translation
اردو ترجمہ قرآن
zikra dar ul nashr

#quranwithurdutranslation 
#friday  
#urdutarjuma

zikra friday class
trjuma by molana muhammad saleem akhtar
zikra trjuma quran
zikra darul nashr
zikra dar ul nashr
trjuma by zikra
Muhammad Saleem Akhtar
Molana Muhammad saleem akhtar
zikra","zikra dar ul nashr,zikra trjuma quran,urdu trjuma quran,friday class zikra,zikra friday class,Surah Al-An'am with Urdu Translation,Surah Al-An'am 145 to 150,Ruku 18 Surah Al-An'am,Trjuma Surah Al-An'am 145 to 150 with Urdu Translation,Trjuma 145 to 150 Surah Al-An'am,Surah Al-An'am Urdu trjuma,Urdu trjuma Surah Al-An'am,Urdu Translation Surah Al-An'am Ayah 145 150,Surah Al-An'am Urdu Trjuma 145 150,Ayah 145 to 150 Surah Al-An'am",2024-01-01T12:00:11Z,PT14M26S,53
dahSuu3MFOo,Surah Al-An'am with Urdu Translation - Ayah 141 To 144 Ruku No 17,"Tarjuma by :
Molana Muhammad Saleem Akhtar

FRIDAY CLASS PLAYLIST 
https://www.youtube.com/playlist?list=PLQowKeTNj5RHy5aDTVNMg2UP2Idoaz0Kj

Quran With Urdu Translation
PLAYLIST LIVE URDU TRJUMA QURAN 2023
https://www.youtube.com/playlist?list=PLQowKeTNj5RFktbc8r-Duku_qu5AzR1LG

Quran With Urdu Translation
 اردو ترجمہ قرآن

All platfoms we are live on
Zikra Social Media Links

YouTube
https://www.youtube.com/channel/UCLYuowOAkMxiPFNWEDzqldQ?view_as=subscriber

Facebook
https://www.facebook.com/Zikra-Dar-ul-nashr-ذکریٰ-دار-النشر-102479931673745/

Tags:
Zikra trjuma Quran
urdu trjuma quran by Zikra dar ul nashr
Ramzan Live Trjuma
Quran Urdu Hindi Translation
اردو ترجمہ قرآن
zikra dar ul nashr

#quranwithurdutranslation 
#friday  
#urdutarjuma

zikra friday class
trjuma by molana muhammad saleem akhtar
zikra trjuma quran
zikra darul nashr
zikra dar ul nashr
trjuma by zikra
Muhammad Saleem Akhtar
Molana Muhammad saleem akhtar
zikra","zikra dar ul nashr,zikra trjuma quran,urdu trjuma quran,friday class zikra,zikra friday class,Surah Al-An'am with Urdu Translation,Surah Al-An'am 141 to 144,Ruku 17 Surah Al-An'am,Trjuma Surah Al-An'am 141 to 144 with Urdu Translation,Trjuma 141 to 144 Surah Al-An'am,Surah Al-An'am Urdu trjuma,Urdu trjuma Surah Al-An'am,Urdu Translation Surah Al-An'am Ayah 141 144,Surah Al-An'am Urdu Trjuma 141 144,Ayah 141 to 144 Surah Al-An'am",2023-12-31T12:00:34Z,PT12M7S,38
F1SXKH2TQUs,Surah Al-An'am with Urdu Translation - Ayah 130 To 140 Ruku No 16,"Tarjuma by :
Molana Muhammad Saleem Akhtar

FRIDAY CLASS PLAYLIST 
https://www.youtube.com/playlist?list=PLQowKeTNj5RHy5aDTVNMg2UP2Idoaz0Kj

Quran With Urdu Translation
PLAYLIST LIVE URDU TRJUMA QURAN 2023
https://www.youtube.com/playlist?list=PLQowKeTNj5RFktbc8r-Duku_qu5AzR1LG

Quran With Urdu Translation
 اردو ترجمہ قرآن

All platfoms we are live on
Zikra Social Media Links

YouTube
https://www.youtube.com/channel/UCLYuowOAkMxiPFNWEDzqldQ?view_as=subscriber

Facebook
https://www.facebook.com/Zikra-Dar-ul-nashr-ذکریٰ-دار-النشر-102479931673745/

Tags:
Zikra trjuma Quran
urdu trjuma quran by Zikra dar ul nashr
Ramzan Live Trjuma
Quran Urdu Hindi Translation
اردو ترجمہ قرآن
zikra dar ul nashr

#quranwithurdutranslation 
#friday  
#urdutarjuma

zikra friday class
trjuma by molana muhammad saleem akhtar
zikra trjuma quran
zikra darul nashr
zikra dar ul nashr
trjuma by zikra
Muhammad Saleem Akhtar
Molana Muhammad saleem akhtar
zikra","zikra dar ul nashr,zikra trjuma quran,urdu trjuma quran,friday class zikra,zikra friday class,Surah Al-An'am with Urdu Translation,Surah Al-An'am 130 to 140,Ruku 16 Surah Al-An'am,Trjuma Surah Al-An'am 130 to 140 with Urdu Translation,Trjuma 130 to 140 Surah Al-An'am,Surah Al-An'am Urdu trjuma,Urdu trjuma Surah Al-An'am,Urdu Translation Surah Al-An'am Ayah 130 140,Surah Al-An'am Urdu Trjuma 130 140,Ayah 130 to 140 Surah Al-An'am",2023-12-30T12:30:11Z,PT8M33S,43
_caMdZpKopY,Parah 8 Ruba 4 Live Stream Urdu Trjuma,Parah 8 Ruba 4 Live Stream Urdu Trjuma,,2023-12-30T02:01:57Z,PT25M30S,22
xnJASucCcjc,Yunus : 107 #shorts #quran,"Tarjuma by :
Molana Muhammad Saleem Akhtar
One Ayat with Urdu English Translation 

one ayat with easy urdu and english translation 

https://linktr.ee/zikra7

Tags:
Zikra trjuma Quran
urdu trjuma quran by Zikra dar ul nashr
Quran Urdu Hindi Translation
اردو ترجمہ قرآن
zikra dar ul nashr

#shorts 
#quran 
#quranwithurdutranslation
#urdutarjuma
#zikra 
#quranshorts 
#urduquran 
#quranshorts 
#oneayat
#quranverses 
#tarjuma 
#tilawat 
#tilawatquran","shorts,zikra,quran,quran shorts,tarjuma,urdu quran,quran urdu translation,one ayat with tarjuma",2023-12-28T02:00:19Z,PT35S,62
JLMmi8WoJaM,Surah Al-An'am with Urdu Translation - Ayah 101 To 110 Ruku No 13,"Tarjuma by :
Molana Muhammad Saleem Akhtar

FRIDAY CLASS PLAYLIST 
https://www.youtube.com/playlist?list=PLQowKeTNj5RHy5aDTVNMg2UP2Idoaz0Kj

Quran With Urdu Translation
PLAYLIST LIVE URDU TRJUMA QURAN 2023
https://www.youtube.com/playlist?list=PLQowKeTNj5RFktbc8r-Duku_qu5AzR1LG

Quran With Urdu Translation
 اردو ترجمہ قرآن

All platfoms we are live on
Zikra Social Media Links

YouTube
https://www.youtube.com/channel/UCLYuowOAkMxiPFNWEDzqldQ?view_as=subscriber

Facebook
https://www.facebook.com/Zikra-Dar-ul-nashr-ذکریٰ-دار-النشر-102479931673745/

Tags:
Zikra trjuma Quran
urdu trjuma quran by Zikra dar ul nashr
Ramzan Live Trjuma
Quran Urdu Hindi Translation
اردو ترجمہ قرآن
zikra dar ul nashr

#quranwithurdutranslation 
#friday  
#urdutarjuma

zikra friday class
trjuma by molana muhammad saleem akhtar
zikra trjuma quran
zikra darul nashr
zikra dar ul nashr
trjuma by zikra
Muhammad Saleem Akhtar
Molana Muhammad saleem akhtar
zikra","zikra dar ul nashr,zikra trjuma quran,urdu trjuma quran,friday class zikra,zikra friday class,Surah Al-An'am with Urdu Translation,Surah Al-An'am 101 to 110,Ruku 13 Surah Al-An'am,Trjuma Surah Al-An'am 101 to 110 with Urdu Translation,Trjuma 101 to 110 Surah Al-An'am,Surah Al-An'am Urdu trjuma,Urdu trjuma Surah Al-An'am,Urdu Translation Surah Al-An'am Ayah 101 110,Surah Al-An'am Urdu Trjuma 101 110,Ayah 101 to 110 Surah Al-An'am",2023-12-26T13:00:13Z,PT9M54S,37
euzGUvdExZQ,Surah Yunus Ayat 105 #shorts #quran,"Tarjuma by :
Molana Muhammad Saleem Akhtar
One Ayat with Urdu English Translation 

one ayat with easy urdu and english translation 

https://linktr.ee/zikra7

Tags:
Zikra trjuma Quran
urdu trjuma quran by Zikra dar ul nashr
Quran Urdu Hindi Translation
اردو ترجمہ قرآن
zikra dar ul nashr

#shorts 
#quran 
#quranwithurdutranslation
#urdutarjuma
#zikra 
#quranshorts 
#urduquran 
#quranshorts 
#oneayat
#quranverses 
#tarjuma 
#tilawat 
#tilawatquran","shorts,zikra,quran,quran shorts,tarjuma,urdu quran,quran urdu translation,one ayat with tarjuma",2023-12-26T02:00:13Z,PT13S,100
cSfPe5RTl2o,Surah Al-An'am with Urdu Translation - Ayah 95 To 100 Ruku No 12,"Tarjuma by :
Molana Muhammad Saleem Akhtar

FRIDAY CLASS PLAYLIST 
https://www.youtube.com/playlist?list=PLQowKeTNj5RHy5aDTVNMg2UP2Idoaz0Kj

Quran With Urdu Translation
PLAYLIST LIVE URDU TRJUMA QURAN 2023
https://www.youtube.com/playlist?list=PLQowKeTNj5RFktbc8r-Duku_qu5AzR1LG

Quran With Urdu Translation
 اردو ترجمہ قرآن

All platfoms we are live on
Zikra Social Media Links

YouTube
https://www.youtube.com/channel/UCLYuowOAkMxiPFNWEDzqldQ?view_as=subscriber

Facebook
https://www.facebook.com/Zikra-Dar-ul-nashr-ذکریٰ-دار-النشر-102479931673745/

Tags:
Zikra trjuma Quran
urdu trjuma quran by Zikra dar ul nashr
Ramzan Live Trjuma
Quran Urdu Hindi Translation
اردو ترجمہ قرآن
zikra dar ul nashr

#quranwithurdutranslation 
#friday  
#urdutarjuma

zikra friday class
trjuma by molana muhammad saleem akhtar
zikra trjuma quran
zikra darul nashr
zikra dar ul nashr
trjuma by zikra
Muhammad Saleem Akhtar
Molana Muhammad saleem akhtar
zikra","zikra dar ul nashr,zikra trjuma quran,urdu trjuma quran,friday class zikra,zikra friday class,Surah Al-An'am with Urdu Translation,Surah Al-An'am 95 to 100,Ruku 12 Surah Al-An'am,Trjuma Surah Al-An'am 95 to 100 with Urdu Translation,Trjuma 95 to 100 Surah Al-An'am,Surah Al-An'am Urdu trjuma,Urdu trjuma Surah Al-An'am,Urdu Translation Surah Al-An'am Ayah 95 100,Surah Al-An'am Urdu Trjuma 95 100,Ayah 95 to 100 Surah Al-An'am",2023-12-25T13:00:24Z,PT8M51S,42
pcG1T9yV-2g,Surah Yunus - Ayat 104 #shorts #quran,"Tarjuma by :
Molana Muhammad Saleem Akhtar
One Ayat with Urdu English Translation 

one ayat with easy urdu and english translation 

https://linktr.ee/zikra7

Tags:
Zikra trjuma Quran
urdu trjuma quran by Zikra dar ul nashr
Quran Urdu Hindi Translation
اردو ترجمہ قرآن
zikra dar ul nashr

#shorts 
#quran 
#quranwithurdutranslation
#urdutarjuma
#zikra 
#quranshorts 
#urduquran 
#quranshorts 
#oneayat
#quranverses 
#tarjuma 
#tilawat 
#tilawatquran","shorts,zikra,quran,quran shorts,tarjuma,urdu quran,quran urdu translation,one ayat with tarjuma",2023-12-25T02:00:16Z,PT34S,201
4wEmH3X99oQ,Surah Al-An'am with Urdu Translation - Ayah 83 To 90 Ruku No 10,"Tarjuma by :
Molana Muhammad Saleem Akhtar

FRIDAY CLASS PLAYLIST 
https://www.youtube.com/playlist?list=PLQowKeTNj5RHy5aDTVNMg2UP2Idoaz0Kj

Quran With Urdu Translation
PLAYLIST LIVE URDU TRJUMA QURAN 2023
https://www.youtube.com/playlist?list=PLQowKeTNj5RFktbc8r-Duku_qu5AzR1LG

Quran With Urdu Translation
 اردو ترجمہ قرآن

All platfoms we are live on
Zikra Social Media Links

YouTube
https://www.youtube.com/channel/UCLYuowOAkMxiPFNWEDzqldQ?view_as=subscriber

Facebook
https://www.facebook.com/Zikra-Dar-ul-nashr-ذکریٰ-دار-النشر-102479931673745/

Tags:
Zikra trjuma Quran
urdu trjuma quran by Zikra dar ul nashr
Ramzan Live Trjuma
Quran Urdu Hindi Translation
اردو ترجمہ قرآن
zikra dar ul nashr

#quranwithurdutranslation 
#friday  
#urdutarjuma

zikra friday class
trjuma by molana muhammad saleem akhtar
zikra trjuma quran
zikra darul nashr
zikra dar ul nashr
trjuma by zikra
Muhammad Saleem Akhtar
Molana Muhammad saleem akhtar
zikra","zikra dar ul nashr,zikra trjuma quran,urdu trjuma quran,friday class zikra,zikra friday class,Surah Al-An'am with Urdu Translation,Surah Al-An'am 83 to 90,Ruku 10 Surah Al-An'am,Trjuma Surah Al-An'am 83 to 90 with Urdu Translation,Trjuma 83 to 90 Surah Al-An'am,Surah Al-An'am Urdu trjuma,Urdu trjuma Surah Al-An'am,Urdu Translation Surah Al-An'am Ayah 83 90,Surah Al-An'am Urdu Trjuma 83 90,Ayah 83 to 90 Surah Al-An'am",2023-12-23T13:00:03Z,PT10M12S,40
BpHfLMSkpjE,Parah 8 Ruba 3 Live Stream Urdu Trjuma,Parah 8 Ruba 3 Live Stream Urdu Trjuma,,2023-12-23T02:16:26Z,PT1H2M6S,56
Hfxh-CAtWZI,Surah Al-An'am with Urdu Translation - Ayah 71 To 82 Ruku No 9 Part 2,"Tarjuma by :
Molana Muhammad Saleem Akhtar

FRIDAY CLASS PLAYLIST 
https://www.youtube.com/playlist?list=PLQowKeTNj5RHy5aDTVNMg2UP2Idoaz0Kj

Quran With Urdu Translation
PLAYLIST LIVE URDU TRJUMA QURAN 2023
https://www.youtube.com/playlist?list=PLQowKeTNj5RFktbc8r-Duku_qu5AzR1LG

Quran With Urdu Translation
 اردو ترجمہ قرآن

All platfoms we are live on
Zikra Social Media Links

YouTube
https://www.youtube.com/channel/UCLYuowOAkMxiPFNWEDzqldQ?view_as=subscriber

Facebook
https://www.facebook.com/Zikra-Dar-ul-nashr-ذکریٰ-دار-النشر-102479931673745/

Tags:
Zikra trjuma Quran
urdu trjuma quran by Zikra dar ul nashr
Ramzan Live Trjuma
Quran Urdu Hindi Translation
اردو ترجمہ قرآن
zikra dar ul nashr

#quranwithurdutranslation 
#friday  
#urdutarjuma

zikra friday class
trjuma by molana muhammad saleem akhtar
zikra trjuma quran
zikra darul nashr
zikra dar ul nashr
trjuma by zikra
Muhammad Saleem Akhtar
Molana Muhammad saleem akhtar
zikra","zikra dar ul nashr,zikra trjuma quran,urdu trjuma quran,friday class zikra,zikra friday class,Surah Al-An'am with Urdu Translation,Surah Al-An'am 71 to 82,Ruku 9 Surah Al-An'am,Trjuma Surah Al-An'am 71 to 82 with Urdu Translation,Trjuma 71 to 82 Surah Al-An'am,Surah Al-An'am Urdu trjuma,Urdu trjuma Surah Al-An'am,Urdu Translation Surah Al-An'am Ayah 71 82,Surah Al-An'am Urdu Trjuma 71 82,Ayah 71 to 82 Surah Al-An'am",2023-12-21T13:00:18Z,PT18M22S,35
PDpOvkys1Cs,Surah Al-An'am with Urdu Translation - Ayah 61 To 70 Ruku No 8,"Tarjuma by :
Molana Muhammad Saleem Akhtar

FRIDAY CLASS PLAYLIST 
https://www.youtube.com/playlist?list=PLQowKeTNj5RHy5aDTVNMg2UP2Idoaz0Kj

Quran With Urdu Translation
PLAYLIST LIVE URDU TRJUMA QURAN 2023
https://www.youtube.com/playlist?list=PLQowKeTNj5RFktbc8r-Duku_qu5AzR1LG

Quran With Urdu Translation
 اردو ترجمہ قرآن

All platfoms we are live on
Zikra Social Media Links

YouTube
https://www.youtube.com/channel/UCLYuowOAkMxiPFNWEDzqldQ?view_as=subscriber

Facebook
https://www.facebook.com/Zikra-Dar-ul-nashr-ذکریٰ-دار-النشر-102479931673745/

Tags:
Zikra trjuma Quran
urdu trjuma quran by Zikra dar ul nashr
Ramzan Live Trjuma
Quran Urdu Hindi Translation
اردو ترجمہ قرآن
zikra dar ul nashr

#quranwithurdutranslation 
#friday  
#urdutarjuma

zikra friday class
trjuma by molana muhammad saleem akhtar
zikra trjuma quran
zikra darul nashr
zikra dar ul nashr
trjuma by zikra
Muhammad Saleem Akhtar
Molana Muhammad saleem akhtar
zikra","zikra dar ul nashr,zikra trjuma quran,urdu trjuma quran,friday class zikra,zikra friday class,Surah Al-An'am with Urdu Translation,Surah Al-An'am 61 to 70,Ruku 8 Surah Al-An'am,Trjuma Surah Al-An'am 61 to 70 with Urdu Translation,Trjuma 61 to 70 Surah Al-An'am,Surah Al-An'am Urdu trjuma,Urdu trjuma Surah Al-An'am,Urdu Translation Surah Al-An'am Ayah 61 70,Surah Al-An'am Urdu Trjuma 61 70,Ayah 61 to 70 Surah Al-An'am",2023-12-19T13:00:26Z,PT8M33S,31
oP3V65vPNYc,Surah Al-An'am with Urdu Translation - Ayah 56 To 60 Ruku No 7,"Tarjuma by :
Molana Muhammad Saleem Akhtar

FRIDAY CLASS PLAYLIST 
https://www.youtube.com/playlist?list=PLQowKeTNj5RHy5aDTVNMg2UP2Idoaz0Kj

Quran With Urdu Translation
PLAYLIST LIVE URDU TRJUMA QURAN 2023
https://www.youtube.com/playlist?list=PLQowKeTNj5RFktbc8r-Duku_qu5AzR1LG

Quran With Urdu Translation
 اردو ترجمہ قرآن

All platfoms we are live on
Zikra Social Media Links

YouTube
https://www.youtube.com/channel/UCLYuowOAkMxiPFNWEDzqldQ?view_as=subscriber

Facebook
https://www.facebook.com/Zikra-Dar-ul-nashr-ذکریٰ-دار-النشر-102479931673745/

Tags:
Zikra trjuma Quran
urdu trjuma quran by Zikra dar ul nashr
Ramzan Live Trjuma
Quran Urdu Hindi Translation
اردو ترجمہ قرآن
zikra dar ul nashr

#quranwithurdutranslation 
#friday  
#urdutarjuma

zikra friday class
trjuma by molana muhammad saleem akhtar
zikra trjuma quran
zikra darul nashr
zikra dar ul nashr
trjuma by zikra
Muhammad Saleem Akhtar
Molana Muhammad saleem akhtar
zikra","zikra dar ul nashr,zikra trjuma quran,urdu trjuma quran,friday class zikra,zikra friday class,Surah Al-An'am with Urdu Translation,Surah Al-An'am 56 to 60,Ruku 7 Surah Al-An'am,Trjuma Surah Al-An'am 56 to 60 with Urdu Translation,Trjuma 56 to 60 Surah Al-An'am,Surah Al-An'am Urdu trjuma,Urdu trjuma Surah Al-An'am,Urdu Translation Surah Al-An'am Ayah 56 60,Surah Al-An'am Urdu Trjuma 56 60,Ayah 56 to 60 Surah Al-An'am",2023-12-18T13:00:41Z,PT5M43S,33
CwJpyFoz-JE,Surah Al-An'am with Urdu Translation - Ayah 51 To 55 Ruku No 6,"Tarjuma by :
Molana Muhammad Saleem Akhtar

FRIDAY CLASS PLAYLIST 
https://www.youtube.com/playlist?list=PLQowKeTNj5RHy5aDTVNMg2UP2Idoaz0Kj

Quran With Urdu Translation
PLAYLIST LIVE URDU TRJUMA QURAN 2023
https://www.youtube.com/playlist?list=PLQowKeTNj5RFktbc8r-Duku_qu5AzR1LG

Quran With Urdu Translation
 اردو ترجمہ قرآن

All platfoms we are live on
Zikra Social Media Links

YouTube
https://www.youtube.com/channel/UCLYuowOAkMxiPFNWEDzqldQ?view_as=subscriber

Facebook
https://www.facebook.com/Zikra-Dar-ul-nashr-ذکریٰ-دار-النشر-102479931673745/

Tags:
Zikra trjuma Quran
urdu trjuma quran by Zikra dar ul nashr
Ramzan Live Trjuma
Quran Urdu Hindi Translation
اردو ترجمہ قرآن
zikra dar ul nashr

#quranwithurdutranslation 
#friday  
#urdutarjuma

zikra friday class
trjuma by molana muhammad saleem akhtar
zikra trjuma quran
zikra darul nashr
zikra dar ul nashr
trjuma by zikra
Muhammad Saleem Akhtar
Molana Muhammad saleem akhtar
zikra","zikra dar ul nashr,zikra trjuma quran,urdu trjuma quran,friday class zikra,zikra friday class,Surah Al-An'am with Urdu Translation,Surah Al-An'am 51 to 55,Ruku 6 Surah Al-An'am,Trjuma Surah Al-An'am 51 to 55 with Urdu Translation,Trjuma 51 to 55 Surah Al-An'am,Surah Al-An'am Urdu trjuma,Urdu trjuma Surah Al-An'am,Urdu Translation Surah Al-An'am Ayah 51 55,Surah Al-An'am Urdu Trjuma 51 55,Ayah 51 to 55 Surah Al-An'am",2023-12-17T13:00:08Z,PT5M40S,39
Ikl3jKnKu2k,Surah Al-An'am with Urdu Translation - Ayah 42 To 50 Ruku No 5,"Tarjuma by :
Molana Muhammad Saleem Akhtar

FRIDAY CLASS PLAYLIST 
https://www.youtube.com/playlist?list=PLQowKeTNj5RHy5aDTVNMg2UP2Idoaz0Kj

Quran With Urdu Translation
PLAYLIST LIVE URDU TRJUMA QURAN 2023
https://www.youtube.com/playlist?list=PLQowKeTNj5RFktbc8r-Duku_qu5AzR1LG

Quran With Urdu Translation
 اردو ترجمہ قرآن

All platfoms we are live on
Zikra Social Media Links

YouTube
https://www.youtube.com/channel/UCLYuowOAkMxiPFNWEDzqldQ?view_as=subscriber

Facebook
https://www.facebook.com/Zikra-Dar-ul-nashr-ذکریٰ-دار-النشر-102479931673745/

Tags:
Zikra trjuma Quran
urdu trjuma quran by Zikra dar ul nashr
Ramzan Live Trjuma
Quran Urdu Hindi Translation
اردو ترجمہ قرآن
zikra dar ul nashr

#quranwithurdutranslation 
#friday  
#urdutarjuma

zikra friday class
trjuma by molana muhammad saleem akhtar
zikra trjuma quran
zikra darul nashr
zikra dar ul nashr
trjuma by zikra
Muhammad Saleem Akhtar
Molana Muhammad saleem akhtar
zikra","zikra dar ul nashr,zikra trjuma quran,urdu trjuma quran,friday class zikra,zikra friday class,Surah Al-An'am with Urdu Translation,Surah Al-An'am 42 to 50,Ruku 5 Surah Al-An'am,Trjuma Surah Al-An'am 42 to 50 with Urdu Translation,Trjuma 42 to 50 Surah Al-An'am,Surah Al-An'am Urdu trjuma,Urdu trjuma Surah Al-An'am,Urdu Translation Surah Al-An'am Ayah 42 50,Surah Al-An'am Urdu Trjuma 42 50,Ayah 42 to 50 Surah Al-An'am",2023-12-16T13:00:12Z,PT4M39S,52
h3hfRaJuJR0,Surah Al-An'am with Urdu Translation - Ayah 31 To 41 Ruku No 4,"Tarjuma by :
Molana Muhammad Saleem Akhtar

FRIDAY CLASS PLAYLIST 
https://www.youtube.com/playlist?list=PLQowKeTNj5RHy5aDTVNMg2UP2Idoaz0Kj

Quran With Urdu Translation
PLAYLIST LIVE URDU TRJUMA QURAN 2023
https://www.youtube.com/playlist?list=PLQowKeTNj5RFktbc8r-Duku_qu5AzR1LG

Quran With Urdu Translation
 اردو ترجمہ قرآن

All platfoms we are live on
Zikra Social Media Links

YouTube
https://www.youtube.com/channel/UCLYuowOAkMxiPFNWEDzqldQ?view_as=subscriber

Facebook
https://www.facebook.com/Zikra-Dar-ul-nashr-ذکریٰ-دار-النشر-102479931673745/

Tags:
Zikra trjuma Quran
urdu trjuma quran by Zikra dar ul nashr
Ramzan Live Trjuma
Quran Urdu Hindi Translation
اردو ترجمہ قرآن
zikra dar ul nashr

#quranwithurdutranslation 
#friday  
#urdutarjuma

zikra friday class
trjuma by molana muhammad saleem akhtar
zikra trjuma quran
zikra darul nashr
zikra dar ul nashr
trjuma by zikra
Muhammad Saleem Akhtar
Molana Muhammad saleem akhtar
zikra","zikra dar ul nashr,zikra trjuma quran,urdu trjuma quran,friday class zikra,zikra friday class,Surah Al-An'am with Urdu Translation,Surah Al-An'am 31 to 41,Ruku 4 Surah Al-An'am,Trjuma Surah Al-An'am 31 to 41 with Urdu Translation,Trjuma 31 to 41 Surah Al-An'am,Surah Al-An'am Urdu trjuma,Urdu trjuma Surah Al-An'am,Urdu Translation Surah Al-An'am Ayah 31 41,Surah Al-An'am Urdu Trjuma 31 41,Ayah 31 to 41 Surah Al-An'am",2023-12-14T13:00:37Z,PT11M50S,51
1VlLdp1Xy1s,Surah Al-An'am with Urdu Translation - Ayah 21 To 30 Ruku No 3,"Tarjuma by :
Molana Muhammad Saleem Akhtar

FRIDAY CLASS PLAYLIST 
https://www.youtube.com/playlist?list=PLQowKeTNj5RHy5aDTVNMg2UP2Idoaz0Kj

Quran With Urdu Translation
PLAYLIST LIVE URDU TRJUMA QURAN 2023
https://www.youtube.com/playlist?list=PLQowKeTNj5RFktbc8r-Duku_qu5AzR1LG

Quran With Urdu Translation
 اردو ترجمہ قرآن

All platfoms we are live on
Zikra Social Media Links

YouTube
https://www.youtube.com/channel/UCLYuowOAkMxiPFNWEDzqldQ?view_as=subscriber

Facebook
https://www.facebook.com/Zikra-Dar-ul-nashr-ذکریٰ-دار-النشر-102479931673745/

Tags:
Zikra trjuma Quran
urdu trjuma quran by Zikra dar ul nashr
Ramzan Live Trjuma
Quran Urdu Hindi Translation
اردو ترجمہ قرآن
zikra dar ul nashr

#quranwithurdutranslation 
#friday  
#urdutarjuma

zikra friday class
trjuma by molana muhammad saleem akhtar
zikra trjuma quran
zikra darul nashr
zikra dar ul nashr
trjuma by zikra
Muhammad Saleem Akhtar
Molana Muhammad saleem akhtar
zikra","zikra dar ul nashr,zikra trjuma quran,urdu trjuma quran,friday class zikra,zikra friday class,Surah Al-An'am with Urdu Translation,Surah Al-An'am 21 to 30,Ruku 3 Surah Al-An'am,Trjuma Surah Al-An'am 21 to 30 with Urdu Translation,Trjuma 21 to 30 Surah Al-An'am,Surah Al-An'am Urdu trjuma,Urdu trjuma Surah Al-An'am,Urdu Translation Surah Al-An'am Ayah 21 30,Surah Al-An'am Urdu Trjuma 21 30,Ayah 21 to 30 Surah Al-An'am",2023-12-13T13:00:02Z,PT8M25S,34
Ndn5BRALnh8,Surah Al-An'am with Urdu Translation - Ayah 1 To 10 Ruku No 1,"Tarjuma by :
Molana Muhammad Saleem Akhtar

FRIDAY CLASS PLAYLIST 
https://www.youtube.com/playlist?list=PLQowKeTNj5RHy5aDTVNMg2UP2Idoaz0Kj

Quran With Urdu Translation
PLAYLIST LIVE URDU TRJUMA QURAN 2023
https://www.youtube.com/playlist?list=PLQowKeTNj5RFktbc8r-Duku_qu5AzR1LG

Quran With Urdu Translation
 اردو ترجمہ قرآن

All platfoms we are live on
Zikra Social Media Links

YouTube
https://www.youtube.com/channel/UCLYuowOAkMxiPFNWEDzqldQ?view_as=subscriber

Facebook
https://www.facebook.com/Zikra-Dar-ul-nashr-ذکریٰ-دار-النشر-102479931673745/

Tags:
Zikra trjuma Quran
urdu trjuma quran by Zikra dar ul nashr
Ramzan Live Trjuma
Quran Urdu Hindi Translation
اردو ترجمہ قرآن
zikra dar ul nashr

#quranwithurdutranslation 
#friday  
#urdutarjuma

zikra friday class
trjuma by molana muhammad saleem akhtar
zikra trjuma quran
zikra darul nashr
zikra dar ul nashr
trjuma by zikra
Muhammad Saleem Akhtar
Molana Muhammad saleem akhtar
zikra",,2023-12-11T13:00:26Z,PT13M4S,47
LJxIqH1XK_U,Surah Al-Maidah with Urdu Translation - Ayah 116 To 120 Ruku No 16,"Tarjuma by :
Molana Muhammad Saleem Akhtar

FRIDAY CLASS PLAYLIST 
https://www.youtube.com/playlist?list=PLQowKeTNj5RHy5aDTVNMg2UP2Idoaz0Kj

Quran With Urdu Translation
PLAYLIST LIVE URDU TRJUMA QURAN 2023
https://www.youtube.com/playlist?list=PLQowKeTNj5RFktbc8r-Duku_qu5AzR1LG

Quran With Urdu Translation
 اردو ترجمہ قرآن

All platfoms we are live on
Zikra Social Media Links

YouTube
https://www.youtube.com/channel/UCLYuowOAkMxiPFNWEDzqldQ?view_as=subscriber

Facebook
https://www.facebook.com/Zikra-Dar-ul-nashr-ذکریٰ-دار-النشر-102479931673745/

Tags:
Zikra trjuma Quran
urdu trjuma quran by Zikra dar ul nashr
Ramzan Live Trjuma
Quran Urdu Hindi Translation
اردو ترجمہ قرآن
zikra dar ul nashr

#quranwithurdutranslation 
#friday  
#urdutarjuma

zikra friday class
trjuma by molana muhammad saleem akhtar
zikra trjuma quran
zikra darul nashr
zikra dar ul nashr
trjuma by zikra
Muhammad Saleem Akhtar
Molana Muhammad saleem akhtar
zikra","zikra dar ul nashr,zikra trjuma quran,urdu trjuma quran,friday class zikra,zikra friday class,Surah Al-Maidah with Urdu Translation,Surah Al-Maidah 116 to 120,Ruku 16 Surah Al-Maidah,Trjuma Surah Al-Maidah 116 to 120 with Urdu Translation,Trjuma 116 to 120 Surah Al-Maidah,Surah Al-Maidah Urdu trjuma,Urdu trjuma Surah Al-Maidah,Urdu Translation Surah Al-Maidah Ayah 116 120,Surah Al-Maidah Urdu Trjuma 116 120,Ayah 116 to 120 Surah Al-Maidah",2023-12-10T13:00:20Z,PT5M43S,43
L0_chCQ4Mn4,Parah 8 Ruba 1 Live Stream Urdu Trjuma,Parah 8 Ruba 1 Live Stream Urdu Trjuma,,2023-12-09T01:27:35Z,PT30M39S,19
sHfBhX4R3Yw,Al-Isra Ayat: 105 -106  #shorts #quran,"Tarjuma by :
Molana Muhammad Saleem Akhtar
One Ayat with Urdu English Translation 

one ayat with easy urdu and english translation 

https://linktr.ee/zikra7

Tags:
Zikra trjuma Quran
urdu trjuma quran by Zikra dar ul nashr
Quran Urdu Hindi Translation
اردو ترجمہ قرآن
zikra dar ul nashr

#shorts 
#quran 
#quranwithurdutranslation
#urdutarjuma
#zikra 
#quranshorts 
#urduquran 
#quranshorts 
#oneayat
#quranverses 
#tarjuma 
#tilawat 
#tilawatquran","shorts,zikra,quran,quran shorts,tarjuma,urdu quran,quran urdu translation,one ayat with tarjuma",2023-12-02T09:57:24Z,PT35S,534
nIvNAkWrSE4,At Tawbah - Ayat 24 #shorts #quran,"Tarjuma by :
Molana Muhammad Saleem Akhtar
One Ayat with Urdu English Translation 

one ayat with easy urdu and english translation 

https://linktr.ee/zikra7

Tags:
Zikra trjuma Quran
urdu trjuma quran by Zikra dar ul nashr
Quran Urdu Hindi Translation
اردو ترجمہ قرآن
zikra dar ul nashr

#shorts 
#quran 
#quranwithurdutranslation
#urdutarjuma
#zikra 
#quranshorts 
#urduquran 
#quranshorts 
#oneayat
#quranverses 
#tarjuma 
#tilawat 
#tilawatquran","shorts,zikra,quran,quran shorts,tarjuma,urdu quran,quran urdu translation,one ayat with tarjuma",2023-11-25T12:30:32Z,PT49S,41
BDxX-vo1KTk,Surah Al-Maidah with Urdu Translation - Ayah 94 To 100 Ruku No 13,"Tarjuma by :
Molana Muhammad Saleem Akhtar

FRIDAY CLASS PLAYLIST 
https://www.youtube.com/playlist?list=PLQowKeTNj5RHy5aDTVNMg2UP2Idoaz0Kj

Quran With Urdu Translation
PLAYLIST LIVE URDU TRJUMA QURAN 2023
https://www.youtube.com/playlist?list=PLQowKeTNj5RFktbc8r-Duku_qu5AzR1LG

Quran With Urdu Translation
 اردو ترجمہ قرآن

All platfoms we are live on
Zikra Social Media Links

YouTube
https://www.youtube.com/channel/UCLYuowOAkMxiPFNWEDzqldQ?view_as=subscriber

Facebook
https://www.facebook.com/Zikra-Dar-ul-nashr-ذکریٰ-دار-النشر-102479931673745/

Tags:
Zikra trjuma Quran
urdu trjuma quran by Zikra dar ul nashr
Ramzan Live Trjuma
Quran Urdu Hindi Translation
اردو ترجمہ قرآن
zikra dar ul nashr

#quranwithurdutranslation 
#friday  
#urdutarjuma

zikra friday class
trjuma by molana muhammad saleem akhtar
zikra trjuma quran
zikra darul nashr
zikra dar ul nashr
trjuma by zikra
Muhammad Saleem Akhtar
Molana Muhammad saleem akhtar
zikra","zikra dar ul nashr,zikra trjuma quran,urdu trjuma quran,friday class zikra,zikra friday class,Surah Al-Maidah with Urdu Translation,Surah Al-Maidah 94 to 100,Ruku 13 Surah Al-Maidah,Trjuma Surah Al-Maidah 94 to 100 with Urdu Translation,Trjuma 94 to 100 Surah Al-Maidah,Surah Al-Maidah Urdu trjuma,Urdu trjuma Surah Al-Maidah,Urdu Translation Surah Al-Maidah Ayah 94 100,Surah Al-Maidah Urdu Trjuma 94 100,Ayah 94 to 100 Surah Al-Maidah",2023-11-24T19:00:09Z,PT12M36S,18
Tt4yuRC_QQQ,Surah Al-Maidah with Urdu Translation - Ayah 57 To 66 Ruku No 9,"Tarjuma by :
Molana Muhammad Saleem Akhtar

FRIDAY CLASS PLAYLIST 
https://www.youtube.com/playlist?list=PLQowKeTNj5RHy5aDTVNMg2UP2Idoaz0Kj

Quran With Urdu Translation
PLAYLIST LIVE URDU TRJUMA QURAN 2023
https://www.youtube.com/playlist?list=PLQowKeTNj5RFktbc8r-Duku_qu5AzR1LG

Quran With Urdu Translation
 اردو ترجمہ قرآن

All platfoms we are live on
Zikra Social Media Links

YouTube
https://www.youtube.com/channel/UCLYuowOAkMxiPFNWEDzqldQ?view_as=subscriber

Facebook
https://www.facebook.com/Zikra-Dar-ul-nashr-ذکریٰ-دار-النشر-102479931673745/

Tags:
Zikra trjuma Quran
urdu trjuma quran by Zikra dar ul nashr
Ramzan Live Trjuma
Quran Urdu Hindi Translation
اردو ترجمہ قرآن
zikra dar ul nashr

#quranwithurdutranslation 
#friday  
#urdutarjuma

zikra friday class
trjuma by molana muhammad saleem akhtar
zikra trjuma quran
zikra darul nashr
zikra dar ul nashr
trjuma by zikra
Muhammad Saleem Akhtar
Molana Muhammad saleem akhtar
zikra","zikra dar ul nashr,zikra trjuma quran,urdu trjuma quran,friday class zikra,zikra friday class,Surah Al-Maidah with Urdu Translation,Surah Al-Maidah 57 to 66,Ruku 9 Surah Al-Maidah,Trjuma Surah Al-Maidah 57 to 66 with Urdu Translation,Trjuma 57 to 66 Surah Al-Maidah,Surah Al-Maidah Urdu trjuma,Urdu trjuma Surah Al-Maidah,Urdu Translation Surah Al-Maidah Ayah 57 66,Surah Al-Maidah Urdu Trjuma 57 66,Ayah 57 to 66 Surah Al-Maidah",2023-11-20T12:00:31Z,PT15M26S,28
sqwC8u-Opb0,Parah 7 Ruba 2 Urdu Trjuama Quran,"Tarjuma by :
Molana Muhammad Saleem Akhtar

FRIDAY CLASS PLAYLIST 
https://www.youtube.com/playlist?list=PLQowKeTNj5RHy5aDTVNMg2UP2Idoaz0Kj

Quran With Urdu Translation
PLAYLIST LIVE URDU TRJUMA QURAN 2023
https://www.youtube.com/playlist?list=PLQowKeTNj5RFktbc8r-Duku_qu5AzR1LG

Quran With Urdu Translation
 اردو ترجمہ قرآن

All platfoms we are live on
Zikra Social Media Links

YouTube
https://www.youtube.com/channel/UCLYuowOAkMxiPFNWEDzqldQ?view_as=subscriber

Facebook
https://www.facebook.com/Zikra-Dar-ul-nashr-ذکریٰ-دار-النشر-102479931673745/

Tags:
Zikra trjuma Quran
urdu trjuma quran by Zikra dar ul nashr
Ramzan Live Trjuma
Quran Urdu Hindi Translation
اردو ترجمہ قرآن
zikra dar ul nashr

#quranwithurdutranslation 
#friday  
#urdutarjuma

zikra friday class
trjuma by molana muhammad saleem akhtar
zikra trjuma quran
zikra darul nashr
zikra dar ul nashr
trjuma by zikra
Muhammad Saleem Akhtar
Molana Muhammad saleem akhtar
zikra",,2023-11-18T02:18:50Z,PT59M51S,17
jeIyg8xh9OA,Surah At Tawbah : Ayat 18 #shorts #quran,"Tarjuma by :
Molana Muhammad Saleem Akhtar
One Ayat with Urdu English Translation 

https://linktr.ee/zikra7

Tags:
Zikra trjuma Quran
urdu trjuma quran by Zikra dar ul nashr
Quran Urdu Hindi Translation
اردو ترجمہ قرآن
zikra dar ul nashr

#shorts 
#quran 
#quranwithurdutranslation
#urdutarjuma
#zikra 
#quranshorts","shorts,zikra,quran,quran shorts",2023-11-17T02:04:49Z,PT26S,31
e_rp1VXdyhI,Surah At Tawbah : Ayat 115 #shorts #quran,"Tarjuma by :
Molana Muhammad Saleem Akhtar
One Ayat with Urdu English Translation 

https://linktr.ee/zikra7

Tags:
Zikra trjuma Quran
urdu trjuma quran by Zikra dar ul nashr
Quran Urdu Hindi Translation
اردو ترجمہ قرآن
zikra dar ul nashr

#shorts 
#quran 
#quranwithurdutranslation
#urdutarjuma
#zikra 
#quranshorts",,2023-11-09T10:25:52Z,PT26S,29
HW2n4dxSxos,Surah At Tawbah : Ayat 29 #shorts #quran,"Tarjuma by :
Molana Muhammad Saleem Akhtar
One Ayat with Urdu English Translation 

https://linktr.ee/zikra7

Tags:
Zikra trjuma Quran
urdu trjuma quran by Zikra dar ul nashr
Quran Urdu Hindi Translation
اردو ترجمہ قرآن
zikra dar ul nashr

#shorts 
#quran 
#quranwithurdutranslation
#urdutarjuma
#zikra 
#quranshorts",,2023-11-04T04:55:24Z,PT38S,53
K0ZmMMOfdi4,Parah 6 Ruba 4 Urdu Trjuama Quran,"Tarjuma by :
Molana Muhammad Saleem Akhtar

FRIDAY CLASS PLAYLIST 
https://www.youtube.com/playlist?list=PLQowKeTNj5RHy5aDTVNMg2UP2Idoaz0Kj

Quran With Urdu Translation
PLAYLIST LIVE URDU TRJUMA QURAN 2023
https://www.youtube.com/playlist?list=PLQowKeTNj5RFktbc8r-Duku_qu5AzR1LG

Quran With Urdu Translation
 اردو ترجمہ قرآن

All platfoms we are live on
Zikra Social Media Links

YouTube
https://www.youtube.com/channel/UCLYuowOAkMxiPFNWEDzqldQ?view_as=subscriber

Facebook
https://www.facebook.com/Zikra-Dar-ul-nashr-ذکریٰ-دار-النشر-102479931673745/

Tags:
Zikra trjuma Quran
urdu trjuma quran by Zikra dar ul nashr
Ramzan Live Trjuma
Quran Urdu Hindi Translation
اردو ترجمہ قرآن
zikra dar ul nashr

#quranwithurdutranslation 
#friday  
#urdutarjuma

zikra friday class
trjuma by molana muhammad saleem akhtar
zikra trjuma quran
zikra darul nashr
zikra dar ul nashr
trjuma by zikra
Muhammad Saleem Akhtar
Molana Muhammad saleem akhtar
zikra",,2023-11-04T01:53:54Z,PT48M41S,34
9tl31brgh1I,Surah At Tawbah : Ayat 28 #shorts #quran,"Tarjuma by :
Molana Muhammad Saleem Akhtar
One Ayat with Urdu English Translation 

https://linktr.ee/zikra7

Tags:
Zikra trjuma Quran
urdu trjuma quran by Zikra dar ul nashr
Quran Urdu Hindi Translation
اردو ترجمہ قرآن
zikra dar ul nashr

#shorts 
#quran 
#quranwithurdutranslation
#urdutarjuma
#zikra 
#quranshorts",,2023-11-03T02:14:06Z,PT35S,34
mAjW1Tn8uT4,Surah Yunus Ayat 17 #shorts #zikra,"Tarjuma by :
Molana Muhammad Saleem Akhtar

FRIDAY CLASS PLAYLIST 
https://www.youtube.com/playlist?list=PLQowKeTNj5RHy5aDTVNMg2UP2Idoaz0Kj

Quran With Urdu Translation
PLAYLIST LIVE URDU TRJUMA QURAN 2023
https://www.youtube.com/playlist?list=PLQowKeTNj5RFktbc8r-Duku_qu5AzR1LG

Quran With Urdu Translation
 اردو ترجمہ قرآن

All platfoms we are live on
Zikra Social Media Links

YouTube
https://www.youtube.com/channel/UCLYuowOAkMxiPFNWEDzqldQ?view_as=subscriber

Facebook
https://www.facebook.com/Zikra-Dar-ul-nashr-ذکریٰ-دار-النشر-102479931673745/

Tags:
Zikra trjuma Quran
urdu trjuma quran by Zikra dar ul nashr
Ramzan Live Trjuma
Quran Urdu Hindi Translation
اردو ترجمہ قرآن
zikra dar ul nashr

#quranwithurdutranslation 
#friday  
#urdutarjuma

zikra friday class
trjuma by molana muhammad saleem akhtar
zikra trjuma quran
zikra darul nashr
zikra dar ul nashr
trjuma by zikra
Muhammad Saleem Akhtar
Molana Muhammad saleem akhtar
zikra",,2023-10-22T09:36:46Z,PT21S,245
LhmBUlRc_pI,Surah Yunus: Ayat 15 #quran #shorts #qaurantranslation #zikra,"Tarjuma by :
Molana Muhammad Saleem Akhtar

Daily Short
surrah Yunus
parah 18
ayat 1 - 5

FRIDAY CLASS PLAYLIST 
https://www.youtube.com/playlist?list=PLQowKeTNj5RHy5aDTVNMg2UP2Idoaz0Kj

Quran With Urdu Translation
PLAYLIST LIVE URDU TRJUMA QURAN 2023
https://www.youtube.com/playlist?list=PLQowKeTNj5RFktbc8r-Duku_qu5AzR1LG

Quran With Urdu Translation
 اردو ترجمہ قرآن

All platfoms we are live on
Zikra Social Media Links

YouTube
https://www.youtube.com/channel/UCLYuowOAkMxiPFNWEDzqldQ?view_as=subscriber

Facebook
https://www.facebook.com/Zikra-Dar-ul-nashr-ذکریٰ-دار-النشر-102479931673745/

Tags:
Zikra trjuma Quran
urdu trjuma quran by Zikra dar ul nashr
Ramzan Live Trjuma
Quran Urdu Hindi Translation
اردو ترجمہ قرآن
zikra dar ul nashr

#quranwithurdutranslation 
#shorts 
#qurantranslation 
#urdutarjuma

zikra friday class
trjuma by molana muhammad saleem akhtar
zikra trjuma quran
zikra darul nashr
zikra dar ul nashr
trjuma by zikra
Muhammad Saleem Akhtar
Molana Muhammad saleem akhtar
zikra",,2023-10-21T06:20:43Z,PT50S,33
uObfZtH7arI,Surah Yunus Ayat 13&14 #shorts #quran #zikra,"Tarjuma by :
Molana Muhammad Saleem Akhtar


FRIDAY CLASS PLAYLIST 
https://www.youtube.com/playlist?list=PLQowKeTNj5RHy5aDTVNMg2UP2Idoaz0Kj

Quran With Urdu Translation
PLAYLIST LIVE URDU TRJUMA QURAN 2023
https://www.youtube.com/playlist?list=PLQowKeTNj5RFktbc8r-Duku_qu5AzR1LG

Quran With Urdu Translation
 اردو ترجمہ قرآن

All platfoms we are live on
Zikra Social Media Links

YouTube
https://www.youtube.com/channel/UCLYuowOAkMxiPFNWEDzqldQ?view_as=subscriber

Facebook
https://www.facebook.com/Zikra-Dar-ul-nashr-ذکریٰ-دار-النشر-102479931673745/

Tags:
Zikra trjuma Quran
urdu trjuma quran by Zikra dar ul nashr
Ramzan Live Trjuma
Quran Urdu Hindi Translation
اردو ترجمہ قرآن
zikra dar ul nashr

#quranwithurdutranslation 
#friday  
#urdutarjuma
#quranwithtranslation 
#quran 
#zikra
zikra friday class
trjuma by molana muhammad saleem akhtar
zikra trjuma quran
zikra darul nashr
zikra dar ul nashr
trjuma by zikra
Muhammad Saleem Akhtar
Molana Muhammad saleem akhtar
zikra",,2023-10-20T01:27:49Z,PT48S,35
-1_aBPnTCJU,surah Yunus : Ayat 12 #shorts #zikra #quran,"Tarjuma by :
Molana Muhammad Saleem Akhtar

FRIDAY CLASS PLAYLIST 
https://www.youtube.com/playlist?list=PLQowKeTNj5RHy5aDTVNMg2UP2Idoaz0Kj

Quran With Urdu Translation
PLAYLIST LIVE URDU TRJUMA QURAN 2023
https://www.youtube.com/playlist?list=PLQowKeTNj5RFktbc8r-Duku_qu5AzR1LG

Quran With Urdu Translation
 اردو ترجمہ قرآن

All platforms we are live on
Zikra Social Media Links

YouTube
https://www.youtube.com/channel/UCLYuowOAkMxiPFNWEDzqldQ?view_as=subscriber

Facebook
https://www.facebook.com/Zikra-Dar-ul-nashr-ذکریٰ-دار-النشر-102479931673745/

Tags:
Zikra trjuma Quran
urdu trjuma quran by Zikra dar ul nashr
Ramzan Live Trjuma
Quran Urdu Hindi Translation
اردو ترجمہ قرآن
zikra dar ul nashr

#quranwithurdutranslation 
#friday  
#urdutarjuma

zikra friday class
trjuma by molana muhammad saleem akhtar
zikra trjuma quran
zikra darul nashr
zikra dar ul nashr
trjuma by zikra
Muhammad Saleem Akhtar
Molana Muhammad saleem akhtar
zikra",,2023-10-17T07:15:41Z,PT45S,63
ncaZ6RXzFtU,وَلَا تَحۡسَبَنَّ اللّٰهَ غَافِلًا عَمَّا يَعۡمَلُ الظّٰلِمُوۡنَ  Surah Ibrahim:Ayat 42-43 #quran,,,2023-10-15T11:38:31Z,PT48S,58
CY4oONbZPpY,Dream of Prophet Yusuf PBUH | Surah YUSUF Ayat 4-5 #quran #shorts,,,2023-10-14T09:19:34Z,PT48S,28
p86UIfqLyM8,AL - ISRA: Ayat no 1 with urdu translation #shorts #quran #palestine,"The Blessed land of Palestine 
Tarjuma by :
Molana Muhammad Saleem Akhtar

daily one quran short

Tags:
Zikra trjuma Quran
urdu trjuma quran by Zikra dar ul nashr
Ramzan Live Trjuma
Quran Urdu Hindi Translation
اردو ترجمہ قرآن
zikra dar ul nashr
zikra friday class
trjuma by molana muhammad saleem akhtar
zikra trjuma quran
zikra darul nashr
zikra dar ul nashr
trjuma by zikra
Muhammad Saleem Akhtar
Molana Muhammad saleem akhtar
zikra

#quranwithurdutranslation 
#friday  
#urdutarjuma
#palestine 
#alaqsa 
#israel","short,palestine,israel,al aqsa",2023-10-11T08:57:56Z,PT38S,184
lXGEFn1qQ-E,Al - Mu'minun : Ayat 21-22 #quran #shorts #qaurantranslation,"Tarjuma by :
Molana Muhammad Saleem Akhtar

Daily Short
surrah Al - Mu'minun
parah 18
ayat 21 - 22

FRIDAY CLASS PLAYLIST 
https://www.youtube.com/playlist?list=PLQowKeTNj5RHy5aDTVNMg2UP2Idoaz0Kj

Quran With Urdu Translation
PLAYLIST LIVE URDU TRJUMA QURAN 2023
https://www.youtube.com/playlist?list=PLQowKeTNj5RFktbc8r-Duku_qu5AzR1LG

Quran With Urdu Translation
 اردو ترجمہ قرآن

All platfoms we are live on
Zikra Social Media Links

YouTube
https://www.youtube.com/channel/UCLYuowOAkMxiPFNWEDzqldQ?view_as=subscriber

Facebook
https://www.facebook.com/Zikra-Dar-ul-nashr-ذکریٰ-دار-النشر-102479931673745/

Tags:
Zikra trjuma Quran
urdu trjuma quran by Zikra dar ul nashr
Ramzan Live Trjuma
Quran Urdu Hindi Translation
اردو ترجمہ قرآن
zikra dar ul nashr

#quranwithurdutranslation 
#friday  
#urdutarjuma
#quranwithurdutranslation 
#shorts 
#qurantranslation 
#urdutarjuma


zikra friday class
trjuma by molana muhammad saleem akhtar
zikra trjuma quran
zikra darul nashr
zikra dar ul nashr
trjuma by zikra
Muhammad Saleem Akhtar
Molana Muhammad saleem akhtar
zikra",,2023-10-10T01:00:25Z,PT31S,72
5z86FcevZdA,Al - Mu'minun : Ayat 12-14 #quran #shorts #qaurantranslation,"Tarjuma by :
Molana Muhammad Saleem Akhtar

Daily Short
surrah Al - Mu'minun
parah 18
ayat 12 - 14


FRIDAY CLASS PLAYLIST 
https://www.youtube.com/playlist?list=PLQowKeTNj5RHy5aDTVNMg2UP2Idoaz0Kj

Quran With Urdu Translation
PLAYLIST LIVE URDU TRJUMA QURAN 2023
https://www.youtube.com/playlist?list=PLQowKeTNj5RFktbc8r-Duku_qu5AzR1LG

Quran With Urdu Translation
 اردو ترجمہ قرآن

All platfoms we are live on
Zikra Social Media Links

YouTube
https://www.youtube.com/channel/UCLYuowOAkMxiPFNWEDzqldQ?view_as=subscriber

Facebook
https://www.facebook.com/Zikra-Dar-ul-nashr-ذکریٰ-دار-النشر-102479931673745/

Tags:
Zikra trjuma Quran
urdu trjuma quran by Zikra dar ul nashr
Ramzan Live Trjuma
Quran Urdu Hindi Translation
اردو ترجمہ قرآن
zikra dar ul nashr

#quranwithurdutranslation 
#friday  
#urdutarjuma
#quranwithurdutranslation 
#shorts 
#qurantranslation 
#urdutarjuma

zikra friday class
trjuma by molana muhammad saleem akhtar
zikra trjuma quran
zikra darul nashr
zikra dar ul nashr
trjuma by zikra
Muhammad Saleem Akhtar
Molana Muhammad saleem akhtar
zikra",,2023-10-09T01:00:02Z,PT53S,168
zgQbntwnr4U,Surah An-Nisaa with Urdu Translation - Ayah 135 To 141 Ruku No 20,"Tarjuma by :
Molana Muhammad Saleem Akhtar

FRIDAY CLASS PLAYLIST 
https://www.youtube.com/playlist?list=PLQowKeTNj5RHy5aDTVNMg2UP2Idoaz0Kj

Quran With Urdu Translation
PLAYLIST LIVE URDU TRJUMA QURAN 2023
https://www.youtube.com/playlist?list=PLQowKeTNj5RFktbc8r-Duku_qu5AzR1LG

Quran With Urdu Translation
 اردو ترجمہ قرآن

All platfoms we are live on
Zikra Social Media Links

YouTube
https://www.youtube.com/channel/UCLYuowOAkMxiPFNWEDzqldQ?view_as=subscriber

Facebook
https://www.facebook.com/Zikra-Dar-ul-nashr-ذکریٰ-دار-النشر-102479931673745/

Tags:
Zikra trjuma Quran
urdu trjuma quran by Zikra dar ul nashr
Ramzan Live Trjuma
Quran Urdu Hindi Translation
اردو ترجمہ قرآن
zikra dar ul nashr

#quranwithurdutranslation 
#friday  
#urdutarjuma

zikra friday class
trjuma by molana muhammad saleem akhtar
zikra trjuma quran
zikra darul nashr
zikra dar ul nashr
trjuma by zikra
Muhammad Saleem Akhtar
Molana Muhammad saleem akhtar
zikra","zikra dar ul nashr,zikra trjuma quran,urdu trjuma quran,friday class zikra,zikra friday class,Surah An-Nisaa with Urdu Translation,Surah An-Nisaa 135 to 141,Ruku 20 Surah An-Nisaa,Trjuma Surah An-Nisaa 135 to 141 with Urdu Translation,Trjuma 135 to 141 Surah An-Nisaa,Surah An-Nisaa Urdu trjuma,Urdu trjuma Surah An-Nisaa,Urdu Translation Surah An-Nisaa Ayah 135 141,Surah An-Nisaa Urdu Trjuma 135 141,Ayah 135 to 141 Surah An-Nisaa",2023-10-08T12:00:47Z,PT13M25S,57
G4VwvyRthmI,Al - Mu'minun : Ayat 8-11 #quran #shorts #qaurantranslation,"Tarjuma by :
Molana Muhammad Saleem Akhtar

Daily Short
surrah Al - Mu'minun
parah 18
ayat 1 - 5

FRIDAY CLASS PLAYLIST 
https://www.youtube.com/playlist?list=PLQowKeTNj5RHy5aDTVNMg2UP2Idoaz0Kj

Quran With Urdu Translation
PLAYLIST LIVE URDU TRJUMA QURAN 2023
https://www.youtube.com/playlist?list=PLQowKeTNj5RFktbc8r-Duku_qu5AzR1LG

Quran With Urdu Translation
 اردو ترجمہ قرآن

All platfoms we are live on
Zikra Social Media Links

YouTube
https://www.youtube.com/channel/UCLYuowOAkMxiPFNWEDzqldQ?view_as=subscriber

Facebook
https://www.facebook.com/Zikra-Dar-ul-nashr-ذکریٰ-دار-النشر-102479931673745/

Tags:
Zikra trjuma Quran
urdu trjuma quran by Zikra dar ul nashr
Ramzan Live Trjuma
Quran Urdu Hindi Translation
اردو ترجمہ قرآن
zikra dar ul nashr

#quranwithurdutranslation 
#friday  
#urdutarjuma

zikra friday class
trjuma by molana muhammad saleem akhtar
zikra trjuma quran
zikra darul nashr
zikra dar ul nashr
trjuma by zikra
Muhammad Saleem Akhtar
Molana Muhammad saleem akhtar
zikra",,2023-10-07T01:21:40Z,PT34S,205
mdiWe8J7jM8,Al - Mu'minun : Ayat 1-5 #quran #shorts #qaurantranslation,"Tarjuma by :
Molana Muhammad Saleem Akhtar

Daily Short
surrah Al - Mu'minun
parah 18
ayat 1 - 5

FRIDAY CLASS PLAYLIST 
https://www.youtube.com/playlist?list=PLQowKeTNj5RHy5aDTVNMg2UP2Idoaz0Kj

Quran With Urdu Translation
PLAYLIST LIVE URDU TRJUMA QURAN 2023
https://www.youtube.com/playlist?list=PLQowKeTNj5RFktbc8r-Duku_qu5AzR1LG

Quran With Urdu Translation
 اردو ترجمہ قرآن

All platfoms we are live on
Zikra Social Media Links

YouTube
https://www.youtube.com/channel/UCLYuowOAkMxiPFNWEDzqldQ?view_as=subscriber

Facebook
https://www.facebook.com/Zikra-Dar-ul-nashr-ذکریٰ-دار-النشر-102479931673745/

Tags:
Zikra trjuma Quran
urdu trjuma quran by Zikra dar ul nashr
Ramzan Live Trjuma
Quran Urdu Hindi Translation
اردو ترجمہ قرآن
zikra dar ul nashr

#quranwithurdutranslation 
#shorts 
#qurantranslation 
#urdutarjuma

zikra friday class
trjuma by molana muhammad saleem akhtar
zikra trjuma quran
zikra darul nashr
zikra dar ul nashr
trjuma by zikra
Muhammad Saleem Akhtar
Molana Muhammad saleem akhtar
zikra",,2023-10-06T01:00:27Z,PT33S,494
yZnNiEorsXM,Al - Kahf : Ayat 7 - 8 with urdu Tarjuma #quran #shorts,"Tarjuma by :
Molana Muhammad Saleem Akhtar

daily 1 Short 1 Ayat 

FRIDAY CLASS PLAYLIST 
https://www.youtube.com/playlist?list=PLQowKeTNj5RHy5aDTVNMg2UP2Idoaz0Kj

Quran With Urdu Translation
PLAYLIST LIVE URDU TRJUMA QURAN 2023
https://www.youtube.com/playlist?list=PLQowKeTNj5RFktbc8r-Duku_qu5AzR1LG

Quran With Urdu Translation
 اردو ترجمہ قرآن

All platfoms we are live on
Zikra Social Media Links

YouTube
https://www.youtube.com/channel/UCLYuowOAkMxiPFNWEDzqldQ?view_as=subscriber

Facebook
https://www.facebook.com/Zikra-Dar-ul-nashr-ذکریٰ-دار-النشر-102479931673745/

Tags:
Zikra trjuma Quran
urdu trjuma quran by Zikra dar ul nashr
Ramzan Live Trjuma
Quran Urdu Hindi Translation
اردو ترجمہ قرآن
zikra dar ul nashr

#quranwithurdutranslation 
#friday  
#urdutarjuma

zikra friday class
trjuma by molana muhammad saleem akhtar
zikra trjuma quran
zikra darul nashr
zikra dar ul nashr
trjuma by zikra
Muhammad Saleem Akhtar
Molana Muhammad saleem akhtar
zikra","#shorts quran,quran,tarjuma,quran translation,zikra,urdu tarjuma,quran urdu tarjuma,daily one verse,daily one ayat,quran class,quran shorts",2023-09-30T00:45:07Z,PT27S,263
UDlO_yxNSdw,Al - Kahf : Ayat 1 with Urdu Tarjuma #shorts #quran,"Tarjuma by :
Molana Muhammad Saleem Akhtar

Daily Ayat 

FRIDAY CLASS PLAYLIST 
https://www.youtube.com/playlist?list=PLQowKeTNj5RHy5aDTVNMg2UP2Idoaz0Kj

Quran With Urdu Translation
PLAYLIST LIVE URDU TRJUMA QURAN 2023
https://www.youtube.com/playlist?list=PLQowKeTNj5RFktbc8r-Duku_qu5AzR1LG

Quran With Urdu Translation
 اردو ترجمہ قرآن

All platfoms we are live on
Zikra Social Media Links

YouTube
https://www.youtube.com/channel/UCLYuowOAkMxiPFNWEDzqldQ?view_as=subscriber

Facebook
https://www.facebook.com/Zikra-Dar-ul-nashr-ذکریٰ-دار-النشر-102479931673745/

Tags:
Zikra trjuma Quran
urdu trjuma quran by Zikra dar ul nashr
Ramzan Live Trjuma
Quran Urdu Hindi Translation
اردو ترجمہ قرآن
zikra dar ul nashr

#quranwithurdutranslation 
#friday  
#urdutarjuma

zikra friday class
trjuma by molana muhammad saleem akhtar
zikra trjuma quran
zikra darul nashr
zikra dar ul nashr
trjuma by zikra
Muhammad Saleem Akhtar
Molana Muhammad saleem akhtar
zikra",,2023-09-29T00:30:27Z,PT47S,68
3o8Izt8eJZo,Al - Isra : Ayat 9 - 10 with Urdu Tarjuma #shorts #quran,"Tarjuma by :
Molana Muhammad Saleem Akhtar

Daily Ayat  short no 3 

FRIDAY CLASS PLAYLIST 
https://www.youtube.com/playlist?list=PLQowKeTNj5RHy5aDTVNMg2UP2Idoaz0Kj

Quran With Urdu Translation
PLAYLIST LIVE URDU TRJUMA QURAN 2023
https://www.youtube.com/playlist?list=PLQowKeTNj5RFktbc8r-Duku_qu5AzR1LG

Quran With Urdu Translation
 اردو ترجمہ قرآن

All platfoms we are live on
Zikra Social Media Links

YouTube
https://www.youtube.com/channel/UCLYuowOAkMxiPFNWEDzqldQ?view_as=subscriber

Facebook
https://www.facebook.com/Zikra-Dar-ul-nashr-ذکریٰ-دار-النشر-102479931673745/

Tags:
Zikra trjuma Quran
urdu trjuma quran by Zikra dar ul nashr
Ramzan Live Trjuma
Quran Urdu Hindi Translation
اردو ترجمہ قرآن
zikra dar ul nashr

#quranwithurdutranslation 
#friday  
#urdutarjuma

zikra friday class
trjuma by molana muhammad saleem akhtar
zikra trjuma quran
zikra darul nashr
zikra dar ul nashr
trjuma by zikra
Muhammad Saleem Akhtar
Molana Muhammad saleem akhtar
zikra",,2023-09-28T00:30:03Z,PT32S,53
CcUTyIeWHz0,"Surah An-Nisaa with Urdu Translation - Ayah 23 To 25 Ruku No 4,","Tarjuma by :
Molana Muhammad Saleem Akhtar

FRIDAY CLASS PLAYLIST 
https://www.youtube.com/playlist?list=PLQowKeTNj5RHy5aDTVNMg2UP2Idoaz0Kj

Quran With Urdu Translation
PLAYLIST LIVE URDU TRJUMA QURAN 2023
https://www.youtube.com/playlist?list=PLQowKeTNj5RFktbc8r-Duku_qu5AzR1LG

Quran With Urdu Translation
 اردو ترجمہ قرآن

All platfoms we are live on
Zikra Social Media Links

YouTube
https://www.youtube.com/channel/UCLYuowOAkMxiPFNWEDzqldQ?view_as=subscriber

Facebook
https://www.facebook.com/Zikra-Dar-ul-nashr-ذکریٰ-دار-النشر-102479931673745/

Tags:
Zikra trjuma Quran
urdu trjuma quran by Zikra dar ul nashr
Ramzan Live Trjuma
Quran Urdu Hindi Translation
اردو ترجمہ قرآن
zikra dar ul nashr

#quranwithurdutranslation 
#friday  
#urdutarjuma

zikra friday class
trjuma by molana muhammad saleem akhtar
zikra trjuma quran
zikra darul nashr
zikra dar ul nashr
trjuma by zikra
Muhammad Saleem Akhtar
Molana Muhammad saleem akhtar
zikra","zikra dar ul nashr,zikra trjuma quran,urdu trjuma quran,friday class zikra,zikra friday class,Surah An-Nisaa with Urdu Translation,Surah An-Nisaa 23 to 25,Ruku 4 Surah An-Nisaa,Trjuma Surah An-Nisaa 23 to 25 with Urdu Translation,Trjuma 23 to 25 Surah An-Nisaa,Surah An-Nisaa Urdu trjuma,Urdu trjuma Surah An-Nisaa,Urdu Translation Surah An-Nisaa Ayah 23 25,Surah An-Nisaa Urdu Trjuma 23 25,Ayah 23 to 25 Surah An-Nisaa",2023-09-16T12:00:08Z,PT14M52S,17
dXkyvBda7d0,Surah An-Nisaa with Urdu Translation - Ayah 23,"Tarjuma by :
Molana Muhammad Saleem Akhtar

FRIDAY CLASS PLAYLIST 
https://www.youtube.com/playlist?list=PLQowKeTNj5RHy5aDTVNMg2UP2Idoaz0Kj

Quran With Urdu Translation
PLAYLIST LIVE URDU TRJUMA QURAN 2023
https://www.youtube.com/playlist?list=PLQowKeTNj5RFktbc8r-Duku_qu5AzR1LG

Quran With Urdu Translation
 اردو ترجمہ قرآن

All platfoms we are live on
Zikra Social Media Links

YouTube
https://www.youtube.com/channel/UCLYuowOAkMxiPFNWEDzqldQ?view_as=subscriber

Facebook
https://www.facebook.com/Zikra-Dar-ul-nashr-ذکریٰ-دار-النشر-102479931673745/

Tags:
Zikra trjuma Quran
urdu trjuma quran by Zikra dar ul nashr
Ramzan Live Trjuma
Quran Urdu Hindi Translation
اردو ترجمہ قرآن
zikra dar ul nashr

#quranwithurdutranslation 
#friday  
#urdutarjuma

zikra friday class
trjuma by molana muhammad saleem akhtar
zikra trjuma quran
zikra darul nashr
zikra dar ul nashr
trjuma by zikra
Muhammad Saleem Akhtar
Molana Muhammad saleem akhtar
zikra","zikra dar ul nashr,zikra trjuma quran,urdu trjuma quran,friday class zikra,zikra friday class,Surah An-Nisaa with Urdu Translation,Surah An-Nisaa 23 to 25,Ruku 4 Surah An-Nisaa,Trjuma Surah An-Nisaa 23 to 25 with Urdu Translation,Trjuma 23 to 25 Surah An-Nisaa,Surah An-Nisaa Urdu trjuma,Urdu trjuma Surah An-Nisaa,Urdu Translation Surah An-Nisaa Ayah 23 25,Surah An-Nisaa Urdu Trjuma 23 25,Ayah 23 to 25 Surah An-Nisaa",2023-09-13T12:00:24Z,PT3M35S,21
hl7ntOhUmfI,Surah An-Nisaa with Urdu Translation - Ayah 11 To 14 Ruku No 2,"Tarjuma by :
Molana Muhammad Saleem Akhtar

FRIDAY CLASS PLAYLIST 
https://www.youtube.com/playlist?list=PLQowKeTNj5RHy5aDTVNMg2UP2Idoaz0Kj

Quran With Urdu Translation
PLAYLIST LIVE URDU TRJUMA QURAN 2023
https://www.youtube.com/playlist?list=PLQowKeTNj5RFktbc8r-Duku_qu5AzR1LG

Quran With Urdu Translation
 اردو ترجمہ قرآن

All platfoms we are live on
Zikra Social Media Links

YouTube
https://www.youtube.com/channel/UCLYuowOAkMxiPFNWEDzqldQ?view_as=subscriber

Facebook
https://www.facebook.com/Zikra-Dar-ul-nashr-ذکریٰ-دار-النشر-102479931673745/

Tags:
Zikra trjuma Quran
urdu trjuma quran by Zikra dar ul nashr
Ramzan Live Trjuma
Quran Urdu Hindi Translation
اردو ترجمہ قرآن
zikra dar ul nashr

#quranwithurdutranslation 
#friday  
#urdutarjuma

zikra friday class
trjuma by molana muhammad saleem akhtar
zikra trjuma quran
zikra darul nashr
zikra dar ul nashr
trjuma by zikra
Muhammad Saleem Akhtar
Molana Muhammad saleem akhtar
zikra","zikra dar ul nashr,zikra trjuma quran,urdu trjuma quran,friday class zikra,zikra friday class,Surah An-Nisaa with Urdu Translation,Surah An-Nisaa 11 to 14,Ruku 2 Surah An-Nisaa,Trjuma Surah An-Nisaa 11 to 14 with Urdu Translation,Trjuma 11 to 14 Surah An-Nisaa,Surah An-Nisaa Urdu trjuma,Urdu trjuma Surah An-Nisaa,Urdu Translation Surah An-Nisaa Ayah 11 14,Surah An-Nisaa Urdu Trjuma 11 14,Ayah 11 to 14 Surah An-Nisaa",2023-09-11T12:00:36Z,PT12M10S,76
EfKZDj0QmHc,Surah An-Nisaa with Urdu Translation - Ayah 6 To 10 Ruku No 1,"Tarjuma by :
Molana Muhammad Saleem Akhtar

FRIDAY CLASS PLAYLIST 
https://www.youtube.com/playlist?list=PLQowKeTNj5RHy5aDTVNMg2UP2Idoaz0Kj

Quran With Urdu Translation
PLAYLIST LIVE URDU TRJUMA QURAN 2023
https://www.youtube.com/playlist?list=PLQowKeTNj5RFktbc8r-Duku_qu5AzR1LG

Quran With Urdu Translation
 اردو ترجمہ قرآن

All platfoms we are live on
Zikra Social Media Links

YouTube
https://www.youtube.com/channel/UCLYuowOAkMxiPFNWEDzqldQ?view_as=subscriber

Facebook
https://www.facebook.com/Zikra-Dar-ul-nashr-ذکریٰ-دار-النشر-102479931673745/

Tags:
Zikra trjuma Quran
urdu trjuma quran by Zikra dar ul nashr
Ramzan Live Trjuma
Quran Urdu Hindi Translation
اردو ترجمہ قرآن
zikra dar ul nashr

#quranwithurdutranslation 
#friday  
#urdutarjuma

zikra friday class
trjuma by molana muhammad saleem akhtar
zikra trjuma quran
zikra darul nashr
zikra dar ul nashr
trjuma by zikra
Muhammad Saleem Akhtar
Molana Muhammad saleem akhtar
zikra","zikra dar ul nashr,zikra trjuma quran,urdu trjuma quran,friday class zikra,zikra friday class,Surah An-Nisaa with Urdu Translation,Surah An-Nisaa 1 to 10,Ruku 1 Surah An-Nisaa,Trjuma Surah An-Nisaa 1 to 10 with Urdu Translation,Trjuma 1 to 10 Surah An-Nisaa,Surah An-Nisaa Urdu trjuma,Urdu trjuma Surah An-Nisaa,Urdu Translation Surah An-Nisaa Ayah 1 10,Surah An-Nisaa Urdu Trjuma 1 10,Ayah 1 to 10 Surah An-Nisaa",2023-09-10T12:00:09Z,PT8M13S,53
GMIaryTEJTc,Parah 4 Ruba 4 | Urdu Trjuma Quran,"Tarjuma by :
Molana Muhammad Saleem Akhtar

FRIDAY CLASS PLAYLIST 
https://www.youtube.com/playlist?list=PLQowKeTNj5RHy5aDTVNMg2UP2Idoaz0Kj

Quran With Urdu Translation
PLAYLIST LIVE URDU TRJUMA QURAN 2023
https://www.youtube.com/playlist?list=PLQowKeTNj5RFktbc8r-Duku_qu5AzR1LG

Quran With Urdu Translation
 اردو ترجمہ قرآن

All platfoms we are live on
Zikra Social Media Links

YouTube
https://www.youtube.com/channel/UCLYuowOAkMxiPFNWEDzqldQ?view_as=subscriber

Facebook
https://www.facebook.com/Zikra-Dar-ul-nashr-ذکریٰ-دار-النشر-102479931673745/

Tags:
Zikra trjuma Quran
urdu trjuma quran by Zikra dar ul nashr
Ramzan Live Trjuma
Quran Urdu Hindi Translation
اردو ترجمہ قرآن
zikra dar ul nashr

#quranwithurdutranslation 
#friday  
#urdutarjuma

zikra friday class
trjuma by molana muhammad saleem akhtar
zikra trjuma quran
zikra darul nashr
zikra dar ul nashr
trjuma by zikra
Muhammad Saleem Akhtar
Molana Muhammad saleem akhtar
zikra",,2023-09-09T03:04:35Z,PT55M33S,49
eUjwgV8Pf8U,Surah Al-I'Imran with Urdu Translation - Ayah 181 To 189 Ruku No 19,"Tarjuma by :
Molana Muhammad Saleem Akhtar

FRIDAY CLASS PLAYLIST 
https://www.youtube.com/playlist?list=PLQowKeTNj5RHy5aDTVNMg2UP2Idoaz0Kj

Quran With Urdu Translation
PLAYLIST LIVE URDU TRJUMA QURAN 2023
https://www.youtube.com/playlist?list=PLQowKeTNj5RFktbc8r-Duku_qu5AzR1LG

Quran With Urdu Translation
 اردو ترجمہ قرآن

All platfoms we are live on
Zikra Social Media Links

YouTube
https://www.youtube.com/channel/UCLYuowOAkMxiPFNWEDzqldQ?view_as=subscriber

Facebook
https://www.facebook.com/Zikra-Dar-ul-nashr-ذکریٰ-دار-النشر-102479931673745/

Tags:
Zikra trjuma Quran
urdu trjuma quran by Zikra dar ul nashr
Ramzan Live Trjuma
Quran Urdu Hindi Translation
اردو ترجمہ قرآن
zikra dar ul nashr

#quranwithurdutranslation 
#friday  
#urdutarjuma

zikra friday class
trjuma by molana muhammad saleem akhtar
zikra trjuma quran
zikra darul nashr
zikra dar ul nashr
trjuma by zikra
Muhammad Saleem Akhtar
Molana Muhammad saleem akhtar
zikra","zikra dar ul nashr,zikra trjuma quran,urdu trjuma quran,friday class zikra,zikra friday class,Surah Al-I'Imran with Urdu Translation,Surah Al-I'Imran 181 to 189,Ruku 19 Surah Al-I'Imran,Trjuma Surah Al-I'Imran 181 to 189 with Urdu Translation,Trjuma 181 to 189 Surah Al-I'Imran,Surah Al-I'Imran Urdu trjuma,Urdu trjuma Surah Al-I'Imran,Urdu Translation Surah Al-I'Imran Ayah 181 189,Surah Al-I'Imran Urdu Trjuma 181 189,Ayah 181 to 189 Surah Al-I'Imran",2023-09-08T12:00:27Z,PT18M13S,46
RLUvQYmQcdU,Surah Al-I'Imran with Urdu Translation - Ayah 102 To 109 Ruku No 11,"Tarjuma by :
Molana Muhammad Saleem Akhtar

FRIDAY CLASS PLAYLIST 
https://www.youtube.com/playlist?list=PLQowKeTNj5RHy5aDTVNMg2UP2Idoaz0Kj

Quran With Urdu Translation
PLAYLIST LIVE URDU TRJUMA QURAN 2023
https://www.youtube.com/playlist?list=PLQowKeTNj5RFktbc8r-Duku_qu5AzR1LG

Quran With Urdu Translation
 اردو ترجمہ قرآن

All platfoms we are live on
Zikra Social Media Links

YouTube
https://www.youtube.com/channel/UCLYuowOAkMxiPFNWEDzqldQ?view_as=subscriber

Facebook
https://www.facebook.com/Zikra-Dar-ul-nashr-ذکریٰ-دار-النشر-102479931673745/

Tags:
Zikra trjuma Quran
urdu trjuma quran by Zikra dar ul nashr
Ramzan Live Trjuma
Quran Urdu Hindi Translation
اردو ترجمہ قرآن
zikra dar ul nashr

#quranwithurdutranslation 
#friday  
#urdutarjuma

zikra friday class
trjuma by molana muhammad saleem akhtar
zikra trjuma quran
zikra darul nashr
zikra dar ul nashr
trjuma by zikra
Muhammad Saleem Akhtar
Molana Muhammad saleem akhtar
zikra","al imran,tafseer quran,zikra dar ul nashr,zikra trjuma quran,urdu trjuma quran,friday class zikra,zikra friday class,Surah Al-I'Imran with Urdu Translation,Ruku 11 Surah Al-I'Imran,Trjuma Surah Al-I'Imran 102 to 109 with Urdu Translation,Trjuma 102 to 109 Surah Al-I'Imran,Surah Al-I'Imran Urdu trjuma,Urdu trjuma Surah Al-I'Imran,Urdu Translation Surah Al-I'Imran Ayah 102 109,Surah Al-I'Imran Urdu Trjuma 102 109,Ayah 102 to 109 Surah Al-I'Imran",2023-08-23T13:00:21Z,PT7M26S,16
pi7p_WI_-oI,Surah Al-I'Imran with Urdu Translation - Ayah 92 To 101 Ruku No 10,"Tarjuma by :
Molana Muhammad Saleem Akhtar
Quran With Urdu Translation
PLAYLIST LIVE URDU TRJUMA QURAN 2023
https://www.youtube.com/playlist?list=PLQowKeTNj5RFktbc8r-Duku_qu5AzR1LG

All platfoms we are live on
Zikra Social Media Links

YouTube
https://www.youtube.com/channel/UCLYuowOAkMxiPFNWEDzqldQ?view_as=subscriber

Facebook

https://www.facebook.com/Zikra-Dar-ul-nashr-ذکریٰ-دار-النشر-102479931673745/

Twich
https://www.twitch.tv/zikradarulnashr

Daily motion
Zikra Dar Ul Nashr

Instagram
https://www.instagram.com/zikradarulnashr

Twitter
https://twitter.com/dar_ul_zikra


Zikra trjuma Quran
urdu trjuma quran by Zikra dar ul nashr
Ramzan Live Trjuma
Quran Urdu Hindi Translation
اردو ترجمہ قرآن
zikra dar ul nashr

#QuranwithUrduTranslation #Ramzanlive
#ramzanlivetrjuma
#urdutarjuma","surah al imran,quran pak,islamic status,quran in urdu,zikra dar ul nashr,zikra trjuma quran,urdu trjuma quran,friday class zikra,zikra friday class,Surah Al-I'Imran with Urdu Translation,Surah Al-I'Imran 92 to 101,Ruku 10 Surah Al-I'Imran,Trjuma Surah Al-I'Imran 92 to 101 with Urdu Translation,Trjuma 92 to 101 Surah Al-I'Imran,Surah Al-I'Imran Urdu trjuma,Urdu Translation Surah Al-I'Imran Ayah 92 101,Surah Al-I'Imran Urdu Trjuma 92 101",2023-08-22T13:00:41Z,PT22M50S,10
9t0SE-41QbI,Surah Al-I'Imran with Urdu Translation - Ayah 72 To 80 Ruku No 8,"Tarjuma by :
Molana Muhammad Saleem Akhtar

FRIDAY CLASS PLAYLIST 
https://www.youtube.com/playlist?list=PLQowKeTNj5RHy5aDTVNMg2UP2Idoaz0Kj

Quran With Urdu Translation
PLAYLIST LIVE URDU TRJUMA QURAN 2023
https://www.youtube.com/playlist?list=PLQowKeTNj5RFktbc8r-Duku_qu5AzR1LG

Quran With Urdu Translation
 اردو ترجمہ قرآن

All platfoms we are live on
Zikra Social Media Links

YouTube
https://www.youtube.com/channel/UCLYuowOAkMxiPFNWEDzqldQ?view_as=subscriber

Facebook
https://www.facebook.com/Zikra-Dar-ul-nashr-ذکریٰ-دار-النشر-102479931673745/

Tags:
Zikra trjuma Quran
urdu trjuma quran by Zikra dar ul nashr
Ramzan Live Trjuma
Quran Urdu Hindi Translation
اردو ترجمہ قرآن
zikra dar ul nashr

#quranwithurdutranslation 
#friday  
#urdutarjuma

zikra friday class
trjuma by molana muhammad saleem akhtar
zikra trjuma quran
zikra darul nashr
zikra dar ul nashr
trjuma by zikra
Muhammad Saleem Akhtar
Molana Muhammad saleem akhtar
zikra","al imran,surah ali imran,surah al imran,zikra dar ul nashr,urdu trjuma quran,friday class zikra,zikra friday class,Surah Al-I'Imran with Urdu Translation,Surah Al-I'Imran 72 to 80,Ruku 8 Surah Al-I'Imran,Trjuma Surah Al-I'Imran 72 to 80 with Urdu Translation,Trjuma 72 to 80 Surah Al-I'Imran,Surah Al-I'Imran Urdu trjuma,Urdu trjuma Surah Al-I'Imran,Urdu Translation Surah Al-I'Imran Ayah 72 80,Surah Al-I'Imran Urdu Trjuma 72 80,Ayah 72 to 80 Surah Al-I'Imran",2023-08-20T13:00:08Z,PT28M51S,12
TzqHCFwzVfA,Parah 3 Ruba 3- Surah Al Imran| Urdu Trjuma Quran,"Parah 3 Ruba 3- Surah Al Imran| Urdu Trjuma Quran

Tarjuma by :
Molana Muhammad Saleem Akhtar

FRIDAY CLASS PLAYLIST 
https://www.youtube.com/playlist?list=PLQowKeTNj5RHy5aDTVNMg2UP2Idoaz0Kj

Quran With Urdu Translation
PLAYLIST LIVE URDU TRJUMA QURAN 2023
https://www.youtube.com/playlist?list=PLQowKeTNj5RFktbc8r-Duku_qu5AzR1LG

Quran With Urdu Translation
 اردو ترجمہ قرآن

All platfoms we are live on
Zikra Social Media Links

YouTube
https://www.youtube.com/channel/UCLYuowOAkMxiPFNWEDzqldQ?view_as=subscriber

Facebook
https://www.facebook.com/Zikra-Dar-ul-nashr-ذکریٰ-دار-النشر-102479931673745/

Tags:
Zikra trjuma Quran
urdu trjuma quran by Zikra dar ul nashr
Ramzan Live Trjuma
Quran Urdu Hindi Translation
اردو ترجمہ قرآن
zikra dar ul nashr

#quranwithurdutranslation 
#friday  
#urdutarjuma

zikra friday class
trjuma by molana muhammad saleem akhtar
zikra trjuma quran
zikra darul nashr
zikra dar ul nashr
trjuma by zikra
Muhammad Saleem Akhtar
Molana Muhammad saleem akhtar
zikra",,2023-07-29T03:55:34Z,PT57M38S,31
WcrrFV1N4pk,Surah Al-Baqara with Urdu Translation - Ruku No 40 Ayah 284 To 286,"Tarjuma by :
Molana Muhammad Saleem Akhtar

FRIDAY CLASS PLAYLIST 
https://www.youtube.com/playlist?list=PLQowKeTNj5RHy5aDTVNMg2UP2Idoaz0Kj

Quran With Urdu Translation
PLAYLIST LIVE URDU TRJUMA QURAN 2023
https://www.youtube.com/playlist?list=PLQowKeTNj5RFktbc8r-Duku_qu5AzR1LG

Quran With Urdu Translation
 اردو ترجمہ قرآن

All platfoms we are live on
Zikra Social Media Links

YouTube
https://www.youtube.com/channel/UCLYuowOAkMxiPFNWEDzqldQ?view_as=subscriber

Facebook
https://www.facebook.com/Zikra-Dar-ul-nashr-ذکریٰ-دار-النشر-102479931673745/

Tags:
Zikra trjuma Quran
urdu trjuma quran by Zikra dar ul nashr
Ramzan Live Trjuma
Quran Urdu Hindi Translation
اردو ترجمہ قرآن
zikra dar ul nashr

#quranwithurdutranslation 
#friday  
#urdutarjuma

zikra friday class
trjuma by molana muhammad saleem akhtar
zikra trjuma quran
zikra darul nashr
zikra dar ul nashr
trjuma by zikra
Muhammad Saleem Akhtar
Molana Muhammad saleem akhtar
zikra","surah baqarah,zikra dar ul nashr,zikra trjuma quran,urdu trjuma quran,friday class zikra,Surah Al-Baqara with Urdu Translation,Surah Al-Baqara 284 to 286,Ruku 40 Surah Al-Baqara,Trjuma Surah Al-Baqara 284 to 286 with Urdu Translation,Trjuma 284 to 286 Surah Al-Baqara,Surah Al-Baqara Urdu trjuma,Urdu trjuma Surah Al-Baqara,Urdu Translation Surah Al-Baqara Ayah 284 286,Surah Al-Baqara Urdu Trjuma 284 286,Ayah 284 to 286 Surah Al-Baqara,quran tilawat nazmus sakib",2023-07-26T12:00:32Z,PT7M10S,31
PPm-OhHtTxo,Parah 3 Ruba 2- Surah Baqarah 274-286 Ayah | Urdu Trjuma Quran,"Parah 3 Ruba 2 - Surah Baqarah Ayah | Urdu Trjuma Quran

Tarjuma by :
Molana Muhammad Saleem Akhtar

FRIDAY CLASS PLAYLIST 
https://www.youtube.com/playlist?list=PLQowKeTNj5RHy5aDTVNMg2UP2Idoaz0Kj

Quran With Urdu Translation
PLAYLIST LIVE URDU TRJUMA QURAN 2023
https://www.youtube.com/playlist?list=PLQowKeTNj5RFktbc8r-Duku_qu5AzR1LG

Quran With Urdu Translation
 اردو ترجمہ قرآن

All platfoms we are live on
Zikra Social Media Links

YouTube
https://www.youtube.com/channel/UCLYuowOAkMxiPFNWEDzqldQ?view_as=subscriber

Facebook
https://www.facebook.com/Zikra-Dar-ul-nashr-ذکریٰ-دار-النشر-102479931673745/

Tags:
Zikra trjuma Quran
urdu trjuma quran by Zikra dar ul nashr
Ramzan Live Trjuma
Quran Urdu Hindi Translation
اردو ترجمہ قرآن
zikra dar ul nashr

#quranwithurdutranslation 
#friday  
#urdutarjuma

zikra friday class
trjuma by molana muhammad saleem akhtar
zikra trjuma quran
zikra darul nashr
zikra dar ul nashr
trjuma by zikra
Muhammad Saleem Akhtar
Molana Muhammad saleem akhtar
zikra",,2023-07-23T23:05:26Z,PT1H3M9S,50
b7V4rQuYbc4,Surah al-Baqarah with Urdu Translation - Ruku No 36 Ayah 261 To 266,"Tarjuma by :
Molana Muhammad Saleem Akhtar

FRIDAY CLASS PLAYLIST 
https://www.youtube.com/playlist?list=PLQowKeTNj5RHy5aDTVNMg2UP2Idoaz0Kj

Quran With Urdu Translation
PLAYLIST LIVE URDU TRJUMA QURAN 2023
https://www.youtube.com/playlist?list=PLQowKeTNj5RFktbc8r-Duku_qu5AzR1LG

Quran With Urdu Translation
 اردو ترجمہ قرآن

All platfoms we are live on
Zikra Social Media Links

YouTube
https://www.youtube.com/channel/UCLYuowOAkMxiPFNWEDzqldQ?view_as=subscriber

Facebook
https://www.facebook.com/Zikra-Dar-ul-nashr-ذکریٰ-دار-النشر-102479931673745/

Tags:
Zikra trjuma Quran
urdu trjuma quran by Zikra dar ul nashr
Ramzan Live Trjuma
Quran Urdu Hindi Translation
اردو ترجمہ قرآن
zikra dar ul nashr

#quranwithurdutranslation 
#friday  
#urdutarjuma

zikra friday class
trjuma by molana muhammad saleem akhtar
zikra trjuma quran
zikra darul nashr
zikra dar ul nashr
trjuma by zikra
Muhammad Saleem Akhtar
Molana Muhammad saleem akhtar
zikra","zikra dar ul nashr,zikra trjuma quran,Friday class,urdu trjuma quran,friday class zikra,zikra friday class,Surah al-Baqarah with Urdu Translation,Surah al-Baqarah 261 to 266,Ruku 36 Surah al-Baqarah with Urdu Translation,Baqarah 261 to 266,Trjuma 261 to 266 surah baqarah,Parah 1 Trjuma 261 to 266,Surah baqarah Urdu,Surah baqarah 261 to 266,Trjuma Surah baqarah 261 to 266,Urdu Trjuma Surah baqarah 261 to 266,Ayah 261 to 266 surah Baqarah",2023-07-17T12:00:22Z,PT13M51S,46
1dKIqhgFh7I,Surah al-Baqarah with Urdu Translation - Ruku No 35 Ayah 258 To 260,"Tarjuma by :
Molana Muhammad Saleem Akhtar

FRIDAY CLASS PLAYLIST 
https://www.youtube.com/playlist?list=PLQowKeTNj5RHy5aDTVNMg2UP2Idoaz0Kj

Quran With Urdu Translation
PLAYLIST LIVE URDU TRJUMA QURAN 2023
https://www.youtube.com/playlist?list=PLQowKeTNj5RFktbc8r-Duku_qu5AzR1LG

Quran With Urdu Translation
 اردو ترجمہ قرآن

All platfoms we are live on
Zikra Social Media Links

YouTube
https://www.youtube.com/channel/UCLYuowOAkMxiPFNWEDzqldQ?view_as=subscriber

Facebook
https://www.facebook.com/Zikra-Dar-ul-nashr-ذکریٰ-دار-النشر-102479931673745/

Tags:
Zikra trjuma Quran
urdu trjuma quran by Zikra dar ul nashr
Ramzan Live Trjuma
Quran Urdu Hindi Translation
اردو ترجمہ قرآن
zikra dar ul nashr

#quranwithurdutranslation 
#friday  
#urdutarjuma

zikra friday class
trjuma by molana muhammad saleem akhtar
zikra trjuma quran
zikra darul nashr
zikra dar ul nashr
trjuma by zikra
Muhammad Saleem Akhtar
Molana Muhammad saleem akhtar
zikra","zikra dar ul nashr,zikra trjuma quran,Friday class,urdu trjuma quran,friday class zikra,zikra friday class,Surah al-Baqarah with Urdu Translation,Surah al-Baqarah 258 to 260,Ruku 35 Surah al-Baqarah with Urdu Translation,Baqarah 258 to 260,Trjuma 258 to 260 surah baqarah,Parah 1 Trjuma 258 to 260,Surah baqarah Urdu,Surah baqarah 258 to 260,Trjuma Surah baqarah 258 to 260,Urdu Trjuma Surah baqarah 258 to 260,Ayah 258 to 260 surah Baqarah,surah baqarah ruku 35",2023-07-16T12:00:01Z,PT10M51S,50
oewac8ovwH4,Surah al-Baqarah with Urdu Translation - Ruku No 29 Ayah 229 To 231,"Tarjuma by :
Molana Muhammad Saleem Akhtar

FRIDAY CLASS PLAYLIST 
https://www.youtube.com/playlist?list=PLQowKeTNj5RHy5aDTVNMg2UP2Idoaz0Kj

Quran With Urdu Translation
PLAYLIST LIVE URDU TRJUMA QURAN 2023
https://www.youtube.com/playlist?list=PLQowKeTNj5RFktbc8r-Duku_qu5AzR1LG

Quran With Urdu Translation
 اردو ترجمہ قرآن

All platfoms we are live on
Zikra Social Media Links

YouTube
https://www.youtube.com/channel/UCLYuowOAkMxiPFNWEDzqldQ?view_as=subscriber

Facebook
https://www.facebook.com/Zikra-Dar-ul-nashr-ذکریٰ-دار-النشر-102479931673745/

Tags:
Zikra trjuma Quran
urdu trjuma quran by Zikra dar ul nashr
Ramzan Live Trjuma
Quran Urdu Hindi Translation
اردو ترجمہ قرآن
zikra dar ul nashr

#quranwithurdutranslation 
#friday  
#urdutarjuma

zikra friday class
trjuma by molana muhammad saleem akhtar
zikra trjuma quran
zikra darul nashr
zikra dar ul nashr
trjuma by zikra
Muhammad Saleem Akhtar
Molana Muhammad saleem akhtar
zikra",,2023-07-04T12:00:39Z,PT7M11S,72
eP4-UllyrI0,Parah 2 Ruba 2 - Surah Baqarah 210-177 Ayah | Urdu Trjuma Quran,"Parah 2 Ruba 2 - Surah Baqarah 177-1210 Ayah | Urdu Trjuma Quran

Tarjuma by :
Molana Muhammad Saleem Akhtar

FRIDAY CLASS PLAYLIST 
https://www.youtube.com/playlist?list=PLQowKeTNj5RHy5aDTVNMg2UP2Idoaz0Kj

Quran With Urdu Translation
PLAYLIST LIVE URDU TRJUMA QURAN 2023
https://www.youtube.com/playlist?list=PLQowKeTNj5RFktbc8r-Duku_qu5AzR1LG

Quran With Urdu Translation
 اردو ترجمہ قرآن

All platfoms we are live on
Zikra Social Media Links

YouTube
https://www.youtube.com/channel/UCLYuowOAkMxiPFNWEDzqldQ?view_as=subscriber

Facebook
https://www.facebook.com/Zikra-Dar-ul-nashr-ذکریٰ-دار-النشر-102479931673745/

Tags:
Zikra trjuma Quran
urdu trjuma quran by Zikra dar ul nashr
Ramzan Live Trjuma
Quran Urdu Hindi Translation
اردو ترجمہ قرآن
zikra dar ul nashr

#quranwithurdutranslation 
#friday  
#urdutarjuma

zikra friday class
trjuma by molana muhammad saleem akhtar
zikra trjuma quran
zikra darul nashr
zikra dar ul nashr
trjuma by zikra
Muhammad Saleem Akhtar
Molana Muhammad saleem akhtar
zikra",,2023-06-17T04:07:00Z,PT1H8M23S,27
fwXDndYP6jk,Surah al-Baqarah with Urdu Translation - Ruku No 15 Ayah 122 To 129,"Tarjuma by :
Molana Muhammad Saleem Akhtar

FRIDAY CLASS PLAYLIST 
https://www.youtube.com/playlist?list=PLQowKeTNj5RHy5aDTVNMg2UP2Idoaz0Kj

Quran With Urdu Translation
PLAYLIST LIVE URDU TRJUMA QURAN 2023
https://www.youtube.com/playlist?list=PLQowKeTNj5RFktbc8r-Duku_qu5AzR1LG

Quran With Urdu Translation
 اردو ترجمہ قرآن

All platfoms we are live on
Zikra Social Media Links

YouTube
https://www.youtube.com/channel/UCLYuowOAkMxiPFNWEDzqldQ?view_as=subscriber

Facebook
https://www.facebook.com/Zikra-Dar-ul-nashr-ذکریٰ-دار-النشر-102479931673745/

Tags:
Zikra trjuma Quran
urdu trjuma quran by Zikra dar ul nashr
Ramzan Live Trjuma
Quran Urdu Hindi Translation
اردو ترجمہ قرآن
zikra dar ul nashr

#quranwithurdutranslation 
#friday  
#urdutarjuma

zikra friday class
trjuma by molana muhammad saleem akhtar
zikra trjuma quran
zikra darul nashr
zikra dar ul nashr
trjuma by zikra
Muhammad Saleem Akhtar
Molana Muhammad saleem akhtar
zikra","trjuma by molana muhammad saleem akhtar,zikra dar ul nashr,zikra trjuma quran,Friday class,urdu trjuma quran,friday class zikra,zikra friday class,Surah al-Baqarah with Urdu Translation,Surah al-Baqarah 122 to 129,Ruku 15 Surah al-Baqarah with Urdu Translation,Baqarah 122 to 129,Trjuma 122 to 129 surah baqarah,Parah 1 Trjuma 122 to 129,Surah baqarah Urdu,Surah baqarah 122 to 129,Trjuma Surah baqarah 122 to 129,Urdu Trjuma Surah baqarah 122 to 129",2023-06-07T12:00:36Z,PT20M31S,27
jO-a37ye8n8,Parah 1 Ruba 4 - Surah Baqarah 113-141 Ayah | Urdu Trjuma Quran,"Parah 1 Ruba 4 - Surah Baqarah 113-141 Ayah | Urdu Trjuma Quran

Tarjuma by :
Molana Muhammad Saleem Akhtar

FRIDAY CLASS PLAYLIST 
https://www.youtube.com/playlist?list=PLQowKeTNj5RHy5aDTVNMg2UP2Idoaz0Kj

Quran With Urdu Translation
PLAYLIST LIVE URDU TRJUMA QURAN 2023
https://www.youtube.com/playlist?list=PLQowKeTNj5RFktbc8r-Duku_qu5AzR1LG

Quran With Urdu Translation
 اردو ترجمہ قرآن

All platfoms we are live on
Zikra Social Media Links

YouTube
https://www.youtube.com/channel/UCLYuowOAkMxiPFNWEDzqldQ?view_as=subscriber

Facebook
https://www.facebook.com/Zikra-Dar-ul-nashr-ذکریٰ-دار-النشر-102479931673745/

Tags:
Zikra trjuma Quran
urdu trjuma quran by Zikra dar ul nashr
Ramzan Live Trjuma
Quran Urdu Hindi Translation
اردو ترجمہ قرآن
zikra dar ul nashr

#quranwithurdutranslation 
#friday  
#urdutarjuma

zikra friday class
trjuma by molana muhammad saleem akhtar
zikra trjuma quran
zikra darul nashr
zikra dar ul nashr
trjuma by zikra
Muhammad Saleem Akhtar
Molana Muhammad saleem akhtar
zikra",,2023-06-03T04:10:15Z,PT1H14M54S,41
TlLvKkG17S4,Surah al-Baqarah with Urdu Translation - RUKU NO 8 AYAH 62 To 71,"Surah Faitah and Surah Baqarah 1 - 46 Ayah |  Parah 1 Ruba 1 Urdu Trjuma Quran

Tarjuma by :
Molana Muhammad Saleem Akhtar

FRIDAY CLASS PLAYLIST 
https://www.youtube.com/playlist?list=PLQowKeTNj5RHy5aDTVNMg2UP2Idoaz0Kj

Quran With Urdu Translation
PLAYLIST LIVE URDU TRJUMA QURAN 2023
https://www.youtube.com/playlist?list=PLQowKeTNj5RFktbc8r-Duku_qu5AzR1LG

Quran With Urdu Translation
 اردو ترجمہ قرآن

All platfoms we are live on
Zikra Social Media Links

YouTube
https://www.youtube.com/channel/UCLYuowOAkMxiPFNWEDzqldQ?view_as=subscriber

Facebook
https://www.facebook.com/Zikra-Dar-ul-nashr-ذکریٰ-دار-النشر-102479931673745/

Tags:
Zikra trjuma Quran
urdu trjuma quran by Zikra dar ul nashr
Ramzan Live Trjuma
Quran Urdu Hindi Translation
اردو ترجمہ قرآن
zikra dar ul nashr

#quranwithurdutranslation 
#friday  
#urdutarjuma

zikra friday class
trjuma by molana muhammad saleem akhtar
zikra trjuma quran
zikra darul nashr
zikra dar ul nashr
trjuma by zikra
Muhammad Saleem Akhtar
Molana Muhammad saleem akhtar
zikra","trjuma by molana muhammad saleem akhtar,zikra dar ul nashr,zikra trjuma quran,Friday class,urdu trjuma quran,friday class zikra,zikra friday class,Surah al-Baqarah with Urdu Translation,Surah al-Baqarah 62 to 71,Ruku 8 Surah al-Baqarah with Urdu Translation,Baqarah 62 to 71,Trjuma 62 to 71 surah baqarah,Parah 1 Trjuma 62 to 71,Surah baqarah Urdu,Surah baqarah 62 to 71,Trjuma Surah baqarah 62 to 71,Urdu Trjuma Surah baqarah 62 to 71,Ayah 62 to 71 surah Baqarah",2023-05-31T12:00:33Z,PT15M36S,36
p16HRYTIXJ4,Surah Al-Fatiha With Urdu Translation,"Surah Fatiha With Urdu Translation

Tarjuma by :
Molana Muhammad Saleem Akhtar

FRIDAY CLASS PLAYLIST 
https://www.youtube.com/playlist?list=PLQowKeTNj5RHy5aDTVNMg2UP2Idoaz0Kj

Quran With Urdu Translation
PLAYLIST LIVE URDU TRJUMA QURAN 2023
https://www.youtube.com/playlist?list=PLQowKeTNj5RFktbc8r-Duku_qu5AzR1LG

Quran With Urdu Translation
 اردو ترجمہ قرآن

All platfoms we are live on
Zikra Social Media Links

YouTube
https://www.youtube.com/channel/UCLYuowOAkMxiPFNWEDzqldQ?view_as=subscriber

Facebook
https://www.facebook.com/Zikra-Dar-ul-nashr-ذکریٰ-دار-النشر-102479931673745/

Tags:
Zikra trjuma Quran
urdu trjuma quran by Zikra dar ul nashr
Ramzan Live Trjuma
Quran Urdu Hindi Translation
اردو ترجمہ قرآن
zikra dar ul nashr

#quranwithurdutranslation 
#friday  
#urdutarjuma

zikra friday class
trjuma by molana muhammad saleem akhtar
zikra trjuma quran
zikra darul nashr
zikra dar ul nashr
trjuma by zikra
Muhammad Saleem Akhtar
Molana Muhammad saleem akhtar
zikra|
surah fatiha with urdu translation and tafseer, surah fatiha with urdu translation full, surah fatiha with urdu translation mishary rashid alafasy, urdu, islam, quran","zikra darul nashr,trjuma by molana muhammad saleem akhtar,zikra dar ul nashr,zikra trjuma quran,zikra,Friday class,urdu trjuma quran,friday class zikra,zikra friday class,Surah Fatiha With Urdu Translation,surah fatiha with urdu translation and tafseer,surah fatiha with urdu translation full,surah fatiha with urdu translation mishary rashid alafasy,urdu,islam,quran",2023-05-22T12:00:09Z,PT11M38S,132
apJQATMy8ns,Parah 1 Ruba 2 - Surah Baqarah 47 - 82 Ayah | Urdu Trjuma Quran,"Parah 1 Ruba 2 - Surah Baqarah 47 - 82 Ayah | Urdu Trjuma Quran

Tarjuma by :
Molana Muhammad Saleem Akhtar

FRIDAY CLASS PLAYLIST 
https://www.youtube.com/playlist?list=PLQowKeTNj5RHy5aDTVNMg2UP2Idoaz0Kj

Quran With Urdu Translation
PLAYLIST LIVE URDU TRJUMA QURAN 2023
https://www.youtube.com/playlist?list=PLQowKeTNj5RFktbc8r-Duku_qu5AzR1LG

Quran With Urdu Translation
 اردو ترجمہ قرآن

All platfoms we are live on
Zikra Social Media Links

YouTube
https://www.youtube.com/channel/UCLYuowOAkMxiPFNWEDzqldQ?view_as=subscriber

Facebook
https://www.facebook.com/Zikra-Dar-ul-nashr-ذکریٰ-دار-النشر-102479931673745/

Tags:
Zikra trjuma Quran
urdu trjuma quran by Zikra dar ul nashr
Ramzan Live Trjuma
Quran Urdu Hindi Translation
اردو ترجمہ قرآن
zikra dar ul nashr

#quranwithurdutranslation 
#friday  
#urdutarjuma

zikra friday class
trjuma by molana muhammad saleem akhtar
zikra trjuma quran
zikra darul nashr
zikra dar ul nashr
trjuma by zikra
Muhammad Saleem Akhtar
Molana Muhammad saleem akhtar
zikra","zikra darul nashr,trjuma by molana muhammad saleem akhtar,zikra dar ul nashr,zikra trjuma quran,zikra,Friday class,urdu trjuma quran,friday class zikra,zikra friday class,Parah 1 Ruba 1 - Surah Baqarah 47 - 82 Ayah | Urdu Trjuma Quran,parah 1,parah 1 ruba 2,suarh baqarah trjuma,surah baqarah ayah 47,surah baqarah ayah 82,surah baqarah ayah 47-82,suarh baqarah trjuma urdu",2023-05-21T13:13:16Z,PT59M23S,120
70o_yY41xGo,Surah Al Faitah and Surah Baqarah 1 - 46 Ayah |  Parah 1 Ruba 1 Urdu Trjuma Quran - Friday Class,"Surah Faitah and Surah Baqarah 1 - 46 Ayah |  Parah 1 Ruba 1 Urdu Trjuma Quran

Tarjuma by :
Molana Muhammad Saleem Akhtar

FRIDAY CLASS PLAYLIST 
https://www.youtube.com/playlist?list=PLQowKeTNj5RHy5aDTVNMg2UP2Idoaz0Kj

Quran With Urdu Translation
PLAYLIST LIVE URDU TRJUMA QURAN 2023
https://www.youtube.com/playlist?list=PLQowKeTNj5RFktbc8r-Duku_qu5AzR1LG

Quran With Urdu Translation
 اردو ترجمہ قرآن

All platfoms we are live on
Zikra Social Media Links

YouTube
https://www.youtube.com/channel/UCLYuowOAkMxiPFNWEDzqldQ?view_as=subscriber

Facebook
https://www.facebook.com/Zikra-Dar-ul-nashr-ذکریٰ-دار-النشر-102479931673745/

Tags:
Zikra trjuma Quran
urdu trjuma quran by Zikra dar ul nashr
Ramzan Live Trjuma
Quran Urdu Hindi Translation
اردو ترجمہ قرآن
zikra dar ul nashr

#quranwithurdutranslation 
#friday  
#urdutarjuma

zikra friday class
trjuma by molana muhammad saleem akhtar
zikra trjuma quran
zikra darul nashr
zikra dar ul nashr
trjuma by zikra
Muhammad Saleem Akhtar
Molana Muhammad saleem akhtar
zikra","zikra darul nashr,trjuma by molana muhammad saleem akhtar,zikra dar ul nashr,zikra trjuma quran,zikra,Friday class,parah1 trjuma,suarh faitah urdu trjuma,para 1 urdu trjuma,para 1 ruba 1,parah 1 ruba 1 urdu trjuma,surah al fatiah trjuma,surah faitah translation in urdu,surah baqarah trjuma,surah baqarah in udu,surah faitah in urdu,suarh baqarah 1-46 ayah,urdu trjuma quran,friday class zikra,zikra friday class",2023-05-13T12:05:34Z,PT1H7M39S,198
CyPVsq1XJEQ,Parah 23 With Urdu Translation🔴 Ramzan Live 2023 اردو ترجمہ قرآن,"Parah 23 With Urdu Translation🔴 Ramzan Live 2023 اردو ترجمہ قرآن
Tarjuma by :
Molana Muhammad Saleem Akhtar
Quran With Urdu Translation
PLAYLIST LIVE URDU TRJUMA QURAN 2023
https://www.youtube.com/playlist?list=PLQowKeTNj5RFktbc8r-Duku_qu5AzR1LG

All platfoms we are live on
Zikra Social Media Links

YouTube
https://www.youtube.com/channel/UCLYuowOAkMxiPFNWEDzqldQ?view_as=subscriber

Facebook

https://www.facebook.com/","parah 23 Tarjuma,Urdu translation,Urdu Trjuma Quran,parah 23 Urdu Trjuma,Ramadan live,Ramadan live 2023,parah 23 translation,parah 23 Urdu translation,parah 23 Urdu Tarjuma,para 23 Urdu Trjuma,word by word Trjuma,para 23 with urdu translation,para 23 only urdu translation,para 23 with urdu tarjuma,para 23 word by word,para 23 with urdu,para 23 urdu tarjuma ke sath,para 23 urdu tarjuma,quran para 23/30 urdu translation,para 23 urdu translation only",2023-04-13T01:23:12Z,PT1H9M14S,52
2vgPjOdWw58,Parah 22 With Urdu Translation🔴 Ramzan Live 2023 اردو ترجمہ قرآن,"Parah 22 With Urdu Translation🔴 Ramzan Live 2023 اردو ترجمہ قرآن
Tarjuma by :
Molana Muhammad Saleem Akhtar
Quran With Urdu Translation
PLAYLIST LIVE URDU TRJUMA QURAN 2023
https://www.youtube.com/playlist?list=PLQowKeTNj5RFktbc8r-Duku_qu5AzR1LG

All platfoms we are live on
Zikra Social Media Links

YouTube
https://www.youtube.com/channel/UCLYuowOAkMxiPFNWEDzqldQ?view_as=subscriber

Facebook

https://www.facebook.com/Zikra-Dar-ul-nashr-ذکریٰ-دار-النشر-102479931673745/

Twich
https://www.twitch.tv/zikradarulnashr

Daily motion
Zikra Dar Ul Nashr

Instagram
https://www.instagram.com/zikradarulnashr

Twitter
https://twitter.com/dar_ul_zikra


Zikra trjuma Quran
urdu trjuma quran by Zikra dar ul nashr
Ramzan Live Trjuma
Quran Urdu Hindi Translation
اردو ترجمہ قرآن
zikra dar ul nashr

#QuranwithUrduTranslation #Ramzanlive
#ramzanlivetrjuma
#urdutarjuma","parah 22 Tarjuma,Urdu translation,Urdu Trjuma Quran,parah 22 Urdu Trjuma,Ramadan live,Ramadan live 2023,parah 22 translation,parah 22 Urdu translation,parah 22 Urdu Tarjuma,para 22 Urdu Trjuma,word by word Trjuma,para 22 with urdu translation,para 22 only urdu translation,para 22 with urdu tarjuma,para 22 word by word,para 22 with urdu,para 22 urdu tarjuma ke sath,para 22 urdu tarjuma,quran para 22/30 urdu translation,para 22 urdu translation only",2023-04-12T01:29:11Z,PT1H6M25S,149
TyEGCUgFekg,Parah 19 With Urdu Translation🔴 Ramzan Live 2023 اردو ترجمہ قرآن,"Parah 19 With Urdu Translation🔴 Ramzan Live 2023 اردو ترجمہ قرآن
Tarjuma by :
Molana Muhammad Saleem Akhtar
Quran With Urdu Translation
PLAYLIST LIVE URDU TRJUMA QURAN 2023
https://www.youtube.com/playlist?list=PLQowKeTNj5RFktbc8r-Duku_qu5AzR1LG

All platfoms we are live on
Zikra Social Media Links

YouTube
https://www.youtube.com/channel/UCLYuowOAkMxiPFNWEDzqldQ?view_as=subscriber

Facebook

https://www.facebook.com/Zikra-Dar-ul-nashr-ذکریٰ-دار-النشر-102479931673745/

Twich
https://www.twitch.tv/zikradarulnashr

Daily motion
Zikra Dar Ul Nashr

Instagram
https://www.instagram.com/zikradarulnashr

Twitter
https://twitter.com/dar_ul_zikra


Zikra trjuma Quran
urdu trjuma quran by Zikra dar ul nashr
Ramzan Live Trjuma
Quran Urdu Hindi Translation
اردو ترجمہ قرآن
zikra dar ul nashr

#QuranwithUrduTranslation #Ramzanlive
#ramzanlivetrjuma
#urdutarjuma","parah 19 Tarjuma,Urdu translation,Urdu Trjuma Quran,parah 19 Urdu Trjuma,Ramadan live,Ramadan live 2023,parah 19 translation,parah 19 Urdu translation,parah 19 Urdu Tarjuma,para 19 Urdu Trjuma,word by word Trjuma,para 19 with urdu translation,para 19 only urdu translation,para 19 with urdu tarjuma,para 19 word by word,para 19 with urdu,para 19 urdu tarjuma ke sath,para 19 urdu tarjuma,quran para 19/30 urdu translation,para 19 urdu translation only",2023-04-10T00:11:27Z,PT1H4M8S,84
A6ZVGzxFXak,Parah 18 With Urdu Translation🔴 Ramzan Live 2023 اردو ترجمہ قرآن,"Parah 18 With Urdu Translation🔴 Ramzan Live 2023 اردو ترجمہ قرآن
Tarjuma by :
Molana Muhammad Saleem Akhtar
Quran With Urdu Translation
PLAYLIST LIVE URDU TRJUMA QURAN 2023
https://www.youtube.com/playlist?list=PLQowKeTNj5RFktbc8r-Duku_qu5AzR1LG

All platfoms we are live on
Zikra Social Media Links

YouTube
https://www.youtube.com/channel/UCLYuowOAkMxiPFNWEDzqldQ?view_as=subscriber

Facebook

https://www.facebook.com/Zikra-Dar-ul-nashr-ذکریٰ-دار-النشر-102479931673745/

Twich
https://www.twitch.tv/zikradarulnashr

Daily motion
Zikra Dar Ul Nashr

Instagram
https://www.instagram.com/zikradarulnashr

Twitter
https://twitter.com/dar_ul_zikra


Zikra trjuma Quran
urdu trjuma quran by Zikra dar ul nashr
Ramzan Live Trjuma
Quran Urdu Hindi Translation
اردو ترجمہ قرآن
zikra dar ul nashr

#QuranwithUrduTranslation #Ramzanlive
#ramzanlivetrjuma
#urdutarjuma","parah 18 Tarjuma,Urdu translation,Urdu Trjuma Quran,parah 18 Urdu Trjuma,Ramadan live,Ramadan live 2023,parah 18 translation,parah 18 Urdu translation,parah 18 Urdu Tarjuma,para 18 Urdu Trjuma,word by word Trjuma,para 18 with urdu translation,para 18 only urdu translation,para 18 with urdu tarjuma,para 18 word by word,para 18 with urdu,para 18 urdu tarjuma ke sath,para 18 urdu tarjuma,quran para 18/30 urdu translation,para 18 urdu translation only",2023-04-09T01:04:52Z,PT1H2M7S,91
Bt8owjQ02PM,Parah 13 With Urdu Translation🔴 Ramzan Live 2023 اردو ترجمہ قرآن,"Parah 13 With Urdu Translation🔴 Ramzan Live 2023 اردو ترجمہ قرآن
Tarjuma by :
Molana Muhammad Saleem Akhtar
Quran With Urdu Translation
PLAYLIST LIVE URDU TRJUMA QURAN 2023
https://www.youtube.com/playlist?list=PLQowKeTNj5RFktbc8r-Duku_qu5AzR1LG

All platfoms we are live on
Zikra Social Media Links

YouTube
https://www.youtube.com/channel/UCLYuowOAkMxiPFNWEDzqldQ?view_as=subscriber

Facebook

https://www.facebook.com/Zikra-Dar-ul-nashr-ذکریٰ-دار-النشر-102479931673745/

Twich
https://www.twitch.tv/zikradarulnashr

Daily motion
Zikra Dar Ul Nashr

Instagram
https://www.instagram.com/zikradarulnashr

Twitter
https://twitter.com/dar_ul_zikra


Zikra trjuma Quran
urdu trjuma quran by Zikra dar ul nashr
Ramzan Live Trjuma
Quran Urdu Hindi Translation
اردو ترجمہ قرآن
zikra dar ul nashr

#QuranwithUrduTranslation #Ramzanlive
#ramzanlivetrjuma
#urdutarjuma","parah 13 Tarjuma,Urdu translation,Urdu Trjuma Quran,parah 13 Urdu Trjuma,Ramadan live,Ramadan live 2023,parah 13 translation,parah 13 Urdu translation,parah 13 Urdu Tarjuma,para 13 Urdu Trjuma,word by word Trjuma,para 13 with urdu translation,para 13 only urdu translation,para 13 with urdu tarjuma,para 13 word by word,para 13 with urdu,para 13 urdu tarjuma ke sath,para 13 urdu tarjuma,quran para 13/30 urdu translation,para 13 urdu translation only",2023-04-04T01:05:18Z,PT1H2M20S,119
4g2H3eYuddM,Parah 12 With Urdu Translation🔴 Ramzan Live 2023 اردو ترجمہ قرآن,"Parah 12 With Urdu Translation🔴 Ramzan Live 2023 اردو ترجمہ قرآن
Tarjuma by :
Molana Muhammad Saleem Akhtar
Quran With Urdu Translation
PLAYLIST LIVE URDU TRJUMA QURAN 2023
https://www.youtube.com/playlist?list=PLQowKeTNj5RFktbc8r-Duku_qu5AzR1LG

All platfoms we are live on
Zikra Social Media Links

YouTube
https://www.youtube.com/channel/UCLYuowOAkMxiPFNWEDzqldQ?view_as=subscriber

Facebook

https://www.facebook.com/Zikra-Dar-ul-nashr-ذکریٰ-دار-النشر-102479931673745/

Twich
https://www.twitch.tv/zikradarulnashr

Daily motion
Zikra Dar Ul Nashr

Instagram
https://www.instagram.com/zikradarulnashr

Twitter
https://twitter.com/dar_ul_zikra


Zikra trjuma Quran
urdu trjuma quran by Zikra dar ul nashr
Ramzan Live Trjuma
Quran Urdu Hindi Translation
اردو ترجمہ قرآن
zikra dar ul nashr

#QuranwithUrduTranslation #Ramzanlive
#ramzanlivetrjuma
#urdutarjuma","parah 12 Tarjuma,Urdu translation,Urdu Trjuma Quran,parah 12 Urdu Trjuma,Ramadan live,Ramadan live 2023,parah 12 translation,parah 12 Urdu translation,parah 12 Urdu Tarjuma,para 12 Urdu Trjuma,word by word Trjuma,para 12 with urdu translation,para 12 only urdu translation,para 12 with urdu tarjuma,para 12 word by word,para 12 with urdu,para 12 urdu tarjuma ke sath,para 12 urdu tarjuma,quran para 12/30 urdu translation,para 12 urdu translation only",2023-04-03T01:09:55Z,PT1H6M30S,132
MX7e2yS3gnU,Parah 9 With Urdu Tarjuma🔴 Ramzan Live 2023 اردو ترجمہ قرآن,"Parah 9 With Urdu Tarjuma🔴 Ramzan Live 2023 اردو ترجمہ قرآن
Tarjuma by :
Molana Muhammad Saleem Akhtar
Quran With Urdu Translation
PLAYLIST LIVE URDU TRJUMA QURAN 2023
https://www.youtube.com/playlist?list=PLQowKeTNj5RFktbc8r-Duku_qu5AzR1LG

All platfoms we are live on
Zikra Social Media Links

YouTube
https://www.youtube.com/channel/UCLYuowOAkMxiPFNWEDzqldQ?view_as=subscriber

Facebook

https://www.facebook.com/Zikra-Dar-ul-nashr-ذکریٰ-دار-النشر-102479931673745/

Twich
https://www.twitch.tv/zikradarulnashr

Daily motion
Zikra Dar Ul Nashr

Instagram
https://www.instagram.com/zikradarulnashr

Twitter
https://twitter.com/dar_ul_zikra


Zikra trjuma Quran
urdu trjuma quran by Zikra dar ul nashr
Ramzan Live Trjuma
Quran Urdu Hindi Translation
اردو ترجمہ قرآن
zikra dar ul nashr

#QuranwithUrduTranslation #Ramzanlive
#ramzanlivetrjuma
#urdutarjuma","Ramadan Trjuma Quran,parah 9 Tarjuma,Urdu translation,Urdu Trjuma Quran,parah 9 Urdu Trjuma,Ramadan live,Ramadan live 2023,parah 9 translation,parah 9 Urdu translation,parah 9 Urdu Tarjuma,para 9 Urdu Trjuma,word by word Trjuma,para 9 with urdu translation,para 9 only urdu translation,para 9 with urdu tarjuma,para 9 word by word,para 9 with urdu,para 9 urdu tarjuma ke sath,para 9 urdu tarjuma,quran para 9/30 urdu translation,para 9 urdu translation only",2023-03-31T01:07:15Z,PT1H1M18S,134
gbLeV6Ha-ac,Parah 5 With Urdu Tarjuma 🔴 Ramzan Live 2023 اردو ترجمہ قرآن,"Parah 5 With Urdu Translation🔴 Ramzan Live 2023 اردو ترجمہ قرآن
Tarjuma by :
Molana Muhammad Saleem Akhtar
Quran With Urdu Translation
PLAYLIST LIVE URDU TRJUMA QURAN 2023
https://www.youtube.com/playlist?list=PLQowKeTNj5RFktbc8r-Duku_qu5AzR1LG

All platfoms we are live on
Zikra Social Media Links

YouTube
https://www.youtube.com/channel/UCLYuowOAkMxiPFNWEDzqldQ?view_as=subscriber

Facebook

https://www.facebook.com/Zikra-Dar-ul-nashr-ذکریٰ-دار-النشر-102479931673745/

Twich
https://www.twitch.tv/zikradarulnashr

Daily motion
Zikra Dar Ul Nashr

Instagram
https://www.instagram.com/zikradarulnashr

Twitter
https://twitter.com/dar_ul_zikra


Zikra trjuma Quran
urdu trjuma quran by Zikra dar ul nashr
Ramzan Live Trjuma
Quran Urdu Hindi Translation
اردو ترجمہ قرآن
zikra dar ul nashr

#QuranwithUrduTranslation #Ramzanlive
#ramzanlivetrjuma
#urdutarjuma","Ramadan Trjuma Quran,parah 5 Tarjuma,Urdu translation,Urdu Trjuma Quran,parah 5 Urdu Trjuma,Ramadan live,Ramadan live 2023,parah 5 translation,parah 5 Urdu translation,parah 5 Urdu Tarjuma,para 5 Urdu Trjuma,word by word Trjuma,para 5 with urdu translation,para 5 only urdu translation,para 5 with urdu tarjuma,para 5 word by word,para 5 with urdu,para 5 urdu tarjuma ke sath,para 5 urdu tarjuma,quran para 5/30 urdu translation,para 5 urdu translation only",2023-03-27T01:06:42Z,PT1H2M18S,166
ZG7es3GAkEs,Parah 1 With Urdu Translation 🔴 Ramadan Live 2023,"Parah 1 With Urdu Translation🔴 Ramzan Live 2023 
Tarjuma by :
Molana Muhammad Saleem Akhtar

All platfoms we are live on
Zikra Social Media Links

YouTube
https://www.youtube.com/channel/UCLYuowOAkMxiPFNWEDzqldQ?view_as=subscriber

Facebook

https://www.facebook.com/Zikra-Dar-ul-nashr-ذکریٰ-دار-النشر-102479931673745/

Twich
https://www.twitch.tv/zikradarulnashr

Daily motion
Zikra Dar Ul Nashr

Instagram
https://www.instagram.com/zikradarulnashr

Twitter
https://twitter.com/dar_ul_zikra


Zikra trjuma Quran
urdu trjuma quran by Zikra dar ul nashr
Ramzan Live Trjuma
Quran Urdu Hindi Translation

#QuranwithUrduTranslation #Ramzanlive
#ramzanlivetrjuma
#urdutarjuma
Support the stream: https://streamlabs.com/zikramediahouse","Ramadan Trjuma Quran,parah 1 Tarjuma,Urdu translation,Urdu Trjuma Quran,parah 1 Urdu Trjuma,Ramadan live,Ramadan live 2023,parah 1 translation,parah 1 Urdu translation,parah 1 Urdu Tarjuma,para 1 Urdu Trjuma,word by word Trjuma,para 1 with urdu translation,para 1 only urdu translation,para 1 with urdu tarjuma,para 1 word by word,para 1 with urdu,para 1 urdu tarjuma ke sath,para 1 urdu tarjuma,quran para 1/30 urdu translation,para 1 urdu translation only",2023-03-23T01:30:02Z,PT1H11M38S,549
PHui7ifRibk,Para 30 With Urdu Translation🔴 Ramzan Live Trjuma,"Para 30 With Urdu Translation🔴 Ramzan Live Trjuma
Tarjuma by :
Molana Muhammad Saleem Akhtar

All platfoms we are live on
Zikra Social Media Links

YouTube
https://www.youtube.com/channel/UCLYuowOAkMxiPFNWEDzqldQ?view_as=subscriber

Facebook

https://www.facebook.com/Zikra-Dar-ul-nashr-ذکریٰ-دار-النشر-102479931673745/

Twich
https://www.twitch.tv/zikradarulnashr

Daily motion
Zikra Dar Ul Nashr

Instagram
https://www.instagram.com/zikradarulnashr

Twitter
https://twitter.com/dar_ul_zikra


Zikra trjuma Quran
urdu trjuma quran by Zikra dar ul nashr
Ramzan Live Trjuma
Quran Urdu Hindi Translation

#QuranwithUrduTranslation #Ramzanlive
#ramzanlivetrjuma
#urdutarjuma",,2022-05-01T01:56:51Z,PT1H32M43S,140
vZA9OlnL3CQ,Para 25 With Urdu Translation🔴 Ramzan Live Trjuma,"Para 25 With Urdu Translation🔴 Ramzan Live Trjuma
Tarjuma by :
Molana Muhammad Saleem Akhtar

All platfoms we are live on
Zikra Social Media Links

YouTube
https://www.youtube.com/channel/UCLYuowOAkMxiPFNWEDzqldQ?view_as=subscriber

Facebook

https://www.facebook.com/Zikra-Dar-ul-nashr-ذکریٰ-دار-النشر-102479931673745/

Twich
https://www.twitch.tv/zikradarulnashr

Daily motion
Zikra Dar Ul Nashr

Instagram
https://www.instagram.com/zikradarulnashr

Twitter
https://twitter.com/dar_ul_zikra


Zikra trjuma Quran
urdu trjuma quran by Zikra dar ul nashr
Ramzan Live Trjuma
Quran Urdu Hindi Translation

#QuranwithUrduTranslation #Ramzanlive
#ramzanlivetrjuma
#urdutarjuma",,2022-04-26T01:27:30Z,PT1H9M51S,37
mfxcVtqliHs,Para 24 With Urdu Translation🔴 Ramzan Live Trjuma,"Para 24 With Urdu Translation🔴 Ramzan Live Trjuma
Tarjuma by :
Molana Muhammad Saleem Akhtar

All platfoms we are live on
Zikra Social Media Links

YouTube
https://www.youtube.com/channel/UCLYuowOAkMxiPFNWEDzqldQ?view_as=subscriber

Facebook

https://www.facebook.com/Zikra-Dar-ul-nashr-ذکریٰ-دار-النشر-102479931673745/

Twich
https://www.twitch.tv/zikradarulnashr

Daily motion
Zikra Dar Ul Nashr

Instagram
https://www.instagram.com/zikradarulnashr

Twitter
https://twitter.com/dar_ul_zikra


Zikra trjuma Quran
urdu trjuma quran by Zikra dar ul nashr
Ramzan Live Trjuma
Quran Urdu Hindi Translation

#QuranwithUrduTranslation #Ramzanlive
#ramzanlivetrjuma
#urdutarjuma",,2022-04-25T01:23:55Z,PT1H5M24S,50
zQ1QgiC4-J8,Para 23 With Urdu Translation🔴 Ramzan Live Trjuma,"Para 23 With Urdu Translation🔴 Ramzan Live Trjuma
Tarjuma by :
Molana Muhammad Saleem Akhtar

All platfoms we are live on
Zikra Social Media Links

YouTube
https://www.youtube.com/channel/UCLYuowOAkMxiPFNWEDzqldQ?view_as=subscriber

Facebook

https://www.facebook.com/Zikra-Dar-ul-nashr-ذکریٰ-دار-النشر-102479931673745/

Twich
https://www.twitch.tv/zikradarulnashr

Daily motion
Zikra Dar Ul Nashr

Instagram
https://www.instagram.com/zikradarulnashr

Twitter
https://twitter.com/dar_ul_zikra


Zikra trjuma Quran
urdu trjuma quran by Zikra dar ul nashr
Ramzan Live Trjuma
Quran Urdu Hindi Translation

#QuranwithUrduTranslation #Ramzanlive
#ramzanlivetrjuma
#urdutarjuma",,2022-04-24T01:29:56Z,PT30M52S,41
_2EWjKMGJoE,Para 19 With Urdu Translation🔴 Ramzan Live Trjuma,"Para 19 With Urdu Translation🔴 Ramzan Live Trjuma
Tarjuma by :
Molana Muhammad Saleem Akhtar

All platfoms we are live on
Zikra Social Media Links

YouTube
https://www.youtube.com/channel/UCLYuowOAkMxiPFNWEDzqldQ?view_as=subscriber

Facebook

https://www.facebook.com/Zikra-Dar-ul-nashr-ذکریٰ-دار-النشر-102479931673745/

Twich
https://www.twitch.tv/zikradarulnashr

Daily motion
Zikra Dar Ul Nashr

Instagram
https://www.instagram.com/zikradarulnashr

Twitter
https://twitter.com/dar_ul_zikra


Zikra trjuma Quran
urdu trjuma quran by Zikra dar ul nashr
Ramzan Live Trjuma
Quran Urdu Hindi Translation

#QuranwithUrduTranslation #Ramzanlive
#ramzanlivetrjuma
#urdutarjuma",,2022-04-20T01:30:04Z,PT1H6M53S,57
FU6_ptATelc,Quran Para 12/30 With Urdu Translation,"Quran Para 12/30 With Urdu Translation
#QuranPara12 #FullQuran

Full Quran majeed tarjuma Playlist
https://www.youtube.com/playlist?list=PLQowKeTNj5RFYuTlYoUODSqZTgQuaLiDK

Para 12 With Urdu Translation🔴 Ramzan Live Trjuma
Tarjuma by :
Molana Muhammad Saleem Akhtar

All platfoms we are live on
Zikra Social Media Links

YouTube
https://www.youtube.com/channel/UCLYuowOAkMxiPFNWEDzqldQ?view_as=subscriber

Facebook

https://www.facebook.com/Zikra-Dar-ul-nashr-ذکریٰ-دار-النشر-102479931673745/

Twich
https://www.twitch.tv/zikradarulnashr

Daily motion
Zikra Dar Ul Nashr

Instagram
https://www.instagram.com/zikradarulnashr

Twitter
https://twitter.com/dar_ul_zikra


Zikra trjuma Quran
urdu trjuma quran by Zikra dar ul nashr
Ramzan Live Trjuma
Quran Urdu Hindi Translation

#QuranwithUrduTranslation #Ramzanlive
#ramzanlivetrjuma
#urdutarjuma

para 12 translation in urdu, para 12 urdu translation, para 12 urdu translation only, para 12 with translation, para 12 with urdu translation, para 12 with urdu translation only, para 12 with urdu translation sudais, quran para 12/30 with urdu translation, quran sharif para 12 urdu translation, with","para 12 translation in urdu,para 12 urdu translation,para 12 urdu translation only,para 12 with translation,para 12 with urdu translation,para 12 with urdu translation only,para 12 with urdu translation sudais,quran para 12/30 with urdu translation,quran sharif para 12 urdu translation,with,Zikra trjuma quran,Molana Muhammad saleem akhtar,Tarjuma by molana muhammad saleem akhtar,Zikra dar ul nashr",2022-04-14T01:25:02Z,PT1H9M57S,79
y15q1LXZbLE,Quran Para 10 Urdu Translation Only,"Quran Para 10 Urdu Translation Only

#QuranPara10

Full Quran majeed tarjuma Playlist
https://www.youtube.com/playlist?list=PLQowKeTNj5RFYuTlYoUODSqZTgQuaLiDK

Para 10 With Urdu Translation🔴 Ramzan Live Trjuma
Tarjuma by :
Molana Muhammad Saleem Akhtar

All platfoms we are live on
Zikra Social Media Links

YouTube
https://www.youtube.com/channel/UCLYuowOAkMxiPFNWEDzqldQ?view_as=subscriber

Facebook

https://www.facebook.com/Zikra-Dar-ul-nashr-ذکریٰ-دار-النشر-102479931673745/

Twich
https://www.twitch.tv/zikradarulnashr

Daily motion
Zikra Dar Ul Nashr

Instagram
https://www.instagram.com/zikradarulnashr

Twitter
https://twitter.com/dar_ul_zikra


Zikra trjuma Quran
urdu trjuma quran by Zikra dar ul nashr
Ramzan Live Trjuma
Quran Urdu Hindi Translation

#QuranwithUrduTranslation #Ramzanlive

10, fahm ul quran para 10, irfan ul quran para 10, para, para 10 with urdu translation, quran para 10 urdu, quran para 10 urdu translation, quran para 10 urdu translation only, Quran para 10 with urdu translation, quran para 10 with urdu translation mishary rashid alafasy, quran para 10/30 with urdu translation, quran sharif para 10 urdu translation, quran urdu tarjuma para 10, translation, urdu
#ramzanlivetrjuma
#urdutarjuma","10,fahm ul quran para 10,irfan ul quran para 10,para,para 10 with urdu translation,quran para 10 urdu,quran para 10 urdu translation,quran para 10 urdu translation only,Quran para 10 with urdu translation,quran para 10 with urdu translation mishary rashid alafasy,quran para 10/30 with urdu translation,quran sharif para 10 urdu translation,quran urdu tarjuma para 10,Zikra trjuma quran,Tarjuma by molana muhammad saleem akhtar,Zikra dar ul nashr",2022-04-12T01:25:27Z,PT1H3M30S,97
jPYarUIvq58,Para 9 With Urdu Translation🔴 Ramzan Live Trjuma,"Para 9 With Urdu Translation🔴 Ramzan Live Trjuma
Tarjuma by :
Molana Muhammad Saleem Akhtar

All platfoms we are live on
Zikra Social Media Links

YouTube
https://www.youtube.com/channel/UCLYuowOAkMxiPFNWEDzqldQ?view_as=subscriber

Facebook

https://www.facebook.com/Zikra-Dar-ul-nashr-ذکریٰ-دار-النشر-102479931673745/

Twich
https://www.twitch.tv/zikradarulnashr

Daily motion
Zikra Dar Ul Nashr

Instagram
https://www.instagram.com/zikradarulnashr

Twitter
https://twitter.com/dar_ul_zikra


Zikra trjuma Quran
urdu trjuma quran by Zikra dar ul nashr
Ramzan Live Trjuma
Quran Urdu Hindi Translation

#QuranwithUrduTranslation #Ramzanlive
#ramzanlivetrjuma
#urdutarjuma",,2022-04-11T01:17:50Z,PT42M40S,77
H3OgmZiJD4Q,Parah No 1 With Urdu Translation,"Parah No 1 With Urdu Translation

Full Quran majeed tarjuma Playlist
https://www.youtube.com/playlist?list=PLQowKeTNj5RFYuTlYoUODSqZTgQuaLiDK

#QuranPara1

Parah 1 trjuma quran

para 1 only word by word tarjuma and tafseer 


Para 1 With Urdu Translation
Ramzan Live Trjuma
Tarjuma by :
Molana Muhammad Saleem Akhtar

All platfoms we are live on
Zikra Social Media Links

YouTube
https://www.youtube.com/channel/UCLYuowOAkMxiPFNWEDzqldQ?view_as=subscriber

Facebook

https://www.facebook.com/Zikra-Dar-ul-nashr-ذکریٰ-دار-النشر-102479931673745/

Twich
https://www.twitch.tv/zikradarulnashr

Daily motion
Zikra Dar Ul Nashr

Instagram
https://www.instagram.com/zikradarulnashr

Twitter
https://twitter.com/dar_ul_zikra


Zikra trjuma Quran
urdu trjuma quran by Zikra dar ul nashr
Ramzan Live Trjuma
Quran Urdu Hindi Translation

#QuranwithUrduTranslation #Ramzanlive
#ramzanlivetrjuma
#urdutarjuma","trjuma by molana muhammad saleem akhtar,zikra trjuma quran,para 1 only urdu translation,para 1 tarjuma,para 1 with urdu translation,para 1 with urdu translation and tafseer,para 1 with urdu translation full,para 1 with urdu translation only,para 1 with urdu translation word by word,parah no 1 only urdu translation,parah no 1 with tarjuma,parah no 1 with urdu translation,parah no 1 with urdu translation and tafseer,quran urdu translation,urdu translation",2022-04-10T03:00:06Z,PT1H8M39S,158
m7Hx9aY5Lgc,Surah Al-Mumtahanah With Urdu Translation Full Ruku 1 Zikra Trjuma Quran,"Surah Al-Mumtahanah With Urdu Translation Full Ruku 1 Zikra Trjuma Quran


 Zikra Trjuma 
Zikra Trjuma Quran
#QuranTilawat
#surahhashr


Al-Hashr (Arabic: الحشر‎, ""The Exile"") is the 59th chapter (sūrah) of the Qur'an and has 24 verses. The chapter is named al-hashr because the word hashr, meaning 'exile' or 'banishment', appears in verse 2, describing the expulsion of Jewish Banu Nadir tribe from their settlements. The surah features 15 attributes of God in the last three verses. A similitude is given in verse 21. Verse 6 may be related to the controversies of the land of Fadak.


Position Juzʼ 28
No. of Rukus 3
No. of verses 24






previous videos




Surah Mujadila With Urdu Translation Ruku 3 Molana Muhammad Saleem Akhtar https://youtu.be/dWppdswNLJA








Surah Al Hadeed Urdu Tarjuma Ruku 2 By Molana Muhammad Saleem Akhtar https://youtu.be/U-OE168TkOY




Surah Waqiah Word To Word Translation Ruku 3 https://youtu.be/-xwpPslAyrQ




Only Translation Of Surah Rahman In Urdu Lesson no 3 ZIKRA DAR UL NASHR https://youtu.be/F3X19lKdV00




TRJUMA MOLANA MUHAMMAD SALEEM AKHTAR


السلام علیکم ورحمۃ اللہ وبرکاتہ
 Zikra Social Media Links
YouTube 
https://www.youtube.com/channel/UCLYuowOAkMxiPFNWEDzqldQ?view_as=subscriber


Facebook
https://www.facebook.com/ZIKRA-Dar-UL-Nashr-100392554993558


Instagram
https://www.instagram.com/zikradarulnashr


Twitter
https://twitter.com/dar_ul_zikra
ذکرٰی دارالنشر
ذکرٰی وہ نصیحت ہے جو انسانوں کو حقیقی علم کے حصول پر ابھارتی ہے۔ انسانوں اور دوسری تمام مخلوقات  کے اندر بنیادی فرق ہی یہ ہے کہ انسان جبلی علوم کے علاوہ حقیقی اور اکتسابی  علم کا ایک وسیع میدان رکھتا ہے اور یہ علم ہی اس میں انسانیت کی پرورش و  پرداخت کرتا ہے۔ گویا ذکرٰی انسانوں میں انسانیت کی ترقی کی ایک کاوش کا نام ہے۔
یہ حقیقی علم اللہ تعالٰی کی جانب سے قرآن مجید کی صورت میں انسانوں کے پاس موجود ہے۔ چوں کہ یہ عربی زبان میں ہے   اس لئے  ہمیں اسے سمجھنے  کے لئے ترجمہ قرآن کی ضرورت پڑتی ہے۔ اسی سلسلے میں ذکرٰی دارالنشر نے قرآن مجید کے فہم تک لوگوں کی رسائی کواآسان بنا نے کی جِدوجُہد کی ہے۔ ذکرٰی دارالنشر کی  یہ کاوش  مندرجہ ذیل خصوصیات کی حامل ہے جو اسے دیگر ترجمہ قرآن کی کوششوں سے  ممتاز کرتی ہے۔
o لفظی اور با محاورہ ترجمہ کے ساتھ مختصر وضاحت
o الفاظ معانی 
o مختصر شرح اللغات (عربی قواعد)


trjuma by molana muhammad saleem akhtar
zikra trjuma quran
zikra darul nashr
zikra dar ul nashr
trjuma by zikra
Muhammad Saleem Akhtar
Molana Muhammad saleem akhtar
Zikra","zikra darul nashr,trjuma by molana muhammad saleem akhtar,zikra dar ul nashr,zikra trjuma quran,zikra,surah mumtahinah with urdu translation full,surah mumtahinah with urdu translation,surah mumtahinah with urdu translation mp3 free download,surah mumtahinah with urdu translation pdf,59 surah mumtahinah with urdu translation,surah mumtahinah with tarjuma,surah mumtahinah with translation,surah mumtahinah 22-24 with urdu translation,zikra tarjuma",2021-03-12T00:45:14Z,PT30M53S,47
jIhqNhYrmlU,(Quran Urdu Lafzi Tarjuma) Surah Hadeed سورہ الحدید اردو ترجمہ,"(Quran Urdu Lafzi Tarjuma) Surah Hadeed  سورہ الحدید اردو ترجمہ

TRJUMA MOLANA MUHAMMAD SALEEM AKHTAR

 Zikra Social Media Links
YouTube 
https://www.youtube.com/channel/UCLYuowOAkMxiPFNWEDzqldQ?view_as=subscriber

Facebook
https://www.facebook.com/ZIKRA-Dar-UL-Nashr-100392554993558

Instagram
https://www.instagram.com/zikradarulnashr

Twitter
https://twitter.com/dar_ul_zikra
ذکرٰی دارالنشر
ذکرٰی وہ نصیحت ہے جو انسانوں کو حقیقی علم کے حصول پر ابھارتی ہے۔ انسانوں اور دوسری تمام مخلوقات  کے اندر بنیادی فرق ہی یہ ہے کہ انسان جبلی علوم کے علاوہ حقیقی اور اکتسابی  علم کا ایک وسیع میدان رکھتا ہے اور یہ علم ہی اس میں انسانیت کی پرورش و  پرداخت کرتا ہے۔ گویا ذکرٰی انسانوں میں انسانیت کی ترقی کی ایک کاوش کا نام ہے۔
یہ حقیقی علم اللہ تعالٰی کی جانب سے قرآن مجید کی صورت میں انسانوں کے پاس موجود ہے۔ چوں کہ یہ عربی زبان میں ہے   اس لئے  ہمیں اسے سمجھنے  کے لئے ترجمہ قرآن کی ضرورت پڑتی ہے۔ اسی سلسلے میں ذکرٰی دارالنشر نے قرآن مجید کے فہم تک لوگوں کی رسائی کواآسان بنا نے کی جِدوجُہد کی ہے۔ ذکرٰی دارالنشر کی  یہ کاوش  مندرجہ ذیل خصوصیات کی حامل ہے جو اسے دیگر ترجمہ قرآن کی کوششوں سے  ممتاز کرتی ہے۔
o لفظی اور با محاورہ ترجمہ کے ساتھ مختصر وضاحت
o الفاظ معانی 
o مختصر شرح اللغات (عربی قواعد)

trjuma by molana muhammad saleem akhtar
zikra trjuma quran
zikra darul nashr
zikra dar ul nashr
trjuma by zikra
Muhammad Saleem Akhtar
Molana Muhammad saleem akhtar
zikra

quran urdu lafzi tarjuma
quran urdu lafzi tarjuma 
surah Al Hadeed, quran urdu lafzi translation","(Quran Urdu Lafzi Tarjuma) Surah hadeed سورہ الحدید اردو ترجمہ,quran urdu lafzi tarjuma surah Al Hadeed,quran urdu lafzi tarjuma,quran urdu lafzi translation,quran urdu lafzi(word by word) translation beta,lafzi tarjuma of quran in urdu by farhat hashmi,lafzi tarjuma para 2,lafzi tarjuma quran in urdu para 1,surah hadeed first 10 ayat with urdu translation,surah hadeed urdu tarjuma,surah al hadeed tarjuma",2021-01-22T12:00:13Z,PT16M8S,53
6PQEHUj8-bY,(Quran Urdu Lafzi Tarjuma) Surah Baqurah ruku 2 parah 2  سورہ بقرہ اردو ترجمہ,"Surah Baqurah ruku 2 parah 2 Quran Urdu Lafzi Tarjuma

سورہ بقرہ اردو ترجمہ


TRJUMA MOLANA MUHAMMAD SALEEM AKHTAR

السلام علیکم ورحمۃ اللہ وبرکاتہ
 Zikra Social Media Links
YouTube 
https://www.youtube.com/channel/UCLYuowOAkMxiPFNWEDzqldQ?view_as=subscriber

Facebook
https://www.facebook.com/ZIKRA-Dar-UL-Nashr-100392554993558

Instagram
https://www.instagram.com/zikradarulnashr

Twitter
https://twitter.com/dar_ul_zikra
ذکرٰی دارالنشر
ذکرٰی وہ نصیحت ہے جو انسانوں کو حقیقی علم کے حصول پر ابھارتی ہے۔ انسانوں اور دوسری تمام مخلوقات  کے اندر بنیادی فرق ہی یہ ہے کہ انسان جبلی علوم کے علاوہ حقیقی اور اکتسابی  علم کا ایک وسیع میدان رکھتا ہے اور یہ علم ہی اس میں انسانیت کی پرورش و  پرداخت کرتا ہے۔ گویا ذکرٰی انسانوں میں انسانیت کی ترقی کی ایک کاوش کا نام ہے۔
یہ حقیقی علم اللہ تعالٰی کی جانب سے قرآن مجید کی صورت میں انسانوں کے پاس موجود ہے۔ چوں کہ یہ عربی زبان میں ہے   اس لئے  ہمیں اسے سمجھنے  کے لئے ترجمہ قرآن کی ضرورت پڑتی ہے۔ اسی سلسلے میں ذکرٰی دارالنشر نے قرآن مجید کے فہم تک لوگوں کی رسائی کواآسان بنا نے کی جِدوجُہد کی ہے۔ ذکرٰی دارالنشر کی  یہ کاوش  مندرجہ ذیل خصوصیات کی حامل ہے جو اسے دیگر ترجمہ قرآن کی کوششوں سے  ممتاز کرتی ہے۔
o لفظی اور با محاورہ ترجمہ کے ساتھ مختصر وضاحت
o الفاظ معانی 
o مختصر شرح اللغات (عربی قواعد)

trjuma by molana muhammad saleem akhtar
zikra trjuma quran
zikra darul nashr
zikra dar ul nashr
trjuma by zikra
Muhammad Saleem Akhtar
Molana Muhammad saleem akhtar
zikra

quran urdu lafzi tarjuma
quran urdu lafzi tarjuma 
surah baqurah, quran urdu lafzi translation
 quran urdu lafzi(word by word) translation beta
lafzi tarjuma of quran in urdu by farhat hashmi,
 lafzi tarjuma para2","zikra darul nashr,trjuma by molana muhammad saleem akhtar,zikra dar ul nashr,zikra trjuma quran,zikra,quran urdu lafzi tarjuma,quran urdu lafzi tarjuma surah baqurah,quran urdu lafzi translation,quran urdu lafzi(word by word) translation beta,lafzi tarjuma of quran in urdu by farhat hashmi,lafzi tarjuma para 2,lafzi tarjuma quran in urdu para 1,lafzi tarjuma surah baqarah,quran pak ka lafzi tarjuma in urdu,tarjuma para 2,urdu alphabets,urdu seekhein,para 2",2020-11-05T12:47:33Z,PT20M19S,6863
wHcYEmLzaTw,Only Translation Of Surah Rahman In Urdu Lesson no 5 ZIKRA DAR UL NASHR,"Only Translation Of Surah Rahman In Urdu Lesson no 5 ZIKRA DAR UL NASHR

TRJUMA MOLANA MUHAMMAD SALEEM AKHTAR

السلام علیکم ورحمۃ اللہ وبرکاتہ
 SOCIAL MEDIA LINKS
YouTube 
https://www.youtube.com/channel/UCLYuowOAkMxiPFNWEDzqldQ?view_as=subscriber

Facebook
https://www.facebook.com/ZIKRA-Dar-UL-Nashr-100392554993558

Instagram
https://www.instagram.com/zikradarulnashr

Twitter
https://twitter.com/dar_ul_zikra
ذکرٰی دارالنشر
ذکرٰی وہ نصیحت ہے جو انسانوں کو حقیقی علم کے حصول پر ابھارتی ہے۔ انسانوں اور دوسری تمام مخلوقات  کے اندر بنیادی فرق ہی یہ ہے کہ انسان جبلی علوم کے علاوہ حقیقی اور اکتسابی  علم کا ایک وسیع میدان رکھتا ہے اور یہ علم ہی اس میں انسانیت کی پرورش و  پرداخت کرتا ہے۔ گویا ذکرٰی انسانوں میں انسانیت کی ترقی کی ایک کاوش کا نام ہے۔
یہ حقیقی علم اللہ تعالٰی کی جانب سے قرآن مجید کی صورت میں انسانوں کے پاس موجود ہے۔ چوں کہ یہ عربی زبان میں ہے   اس لئے  ہمیں اسے سمجھنے  کے لئے ترجمہ قرآن کی ضرورت پڑتی ہے۔ اسی سلسلے میں ذکرٰی دارالنشر نے قرآن مجید کے فہم تک لوگوں کی رسائی کواآسان بنا نے کی جِدوجُہد کی ہے۔ ذکرٰی دارالنشر کی  یہ کاوش  مندرجہ ذیل خصوصیات کی حامل ہے جو اسے دیگر ترجمہ قرآن کی کوششوں سے  ممتاز کرتی ہے۔
o لفظی اور با محاورہ ترجمہ کے ساتھ مختصر وضاحت
o الفاظ معانی 
o مختصر شرح اللغات (عربی قواعد)

trjuma by molana muhammad saleem akhtar
zikra trjuma quran
zikra darul nashr
zikra dar ul nashr
trjuma by zikra
Muhammad Saleem Akhtar
Molana Muhammad saleem akhtar
zikra


zikra darul nashr,zikra dar ul nashr,zikra trjuma quran,zikra,zikradarulnashr,darulzikra,zikramedia,only translation of surah rahman in urdu,only translation of surah mulk,only translation of surah waqiah in urdu,surah rahman only urdu translation,surah rahman tarjuma ke sath,surah rahman urdu translation only,surah rehman urdu trjuma ka sat,سورة الرحمن اردو ترجمہ کے ساتھ,سورة الرحمن ترجمه اردو,سورة الرحمن ترجمہ اردو,پورا قرآن اردو ترجمہ کے ساتھ,zikra trjuma","zikra darul nashr,zikra dar ul nashr,zikra trjuma quran,zikra,zikradarulnashr,darulzikra,zikramedia,only translation of surah rahman in urdu,only translation of surah mulk,only translation of surah waqiah in urdu,surah rahman only urdu translation,surah rahman tarjuma ke sath,surah rahman urdu translation only,surah rehman urdu trjuma ka sat,سورة الرحمن اردو ترجمہ کے ساتھ,سورة الرحمن ترجمه اردو,سورة الرحمن ترجمہ اردو,پورا قرآن اردو ترجمہ کے ساتھ,zikra trjuma",2020-11-03T01:00:04Z,PT17M28S,347
azYeXLE4h8w,Surah Najam Urdu Tarjuma Lesson 03 Zikra Trjuma Quran,"Surah Najam Urdu Tarjuma


Trjuma By Molana Muhammad Saleem Akhtar

An-Najm[1] (Arabic: النجم‎, an-najm; meaning: The Star) is the 53rd chapter (surah) of the Quran with 62 verses (āyāt). The surah that opens with the oath of the Divine One swearing by every one of the stars, as they descend and disappear beneath the horizon, that Muhammad is indeed God’s awaited Messenger. It takes its name from Ayat #1, which mentions ""the stars"" (najm). The surah confirms the divine source of the Prophet’s message and refers to his ascension to heaven during the Night Journey (Ayah#1 ff.). The surah refutes the claims of the disbelievers about the goddesses and the angels (ayah#19 ff.), and lists several truths about God’s power. It closes with a warning of the imminent Day of Judgement.

#surah najam
#Tarjuma_Quran_in_Urdu

 Zikra Trjuma Quran Videos

Only Translation Of Surah Rahman In Urdu Lesson no 2 ZIKRA DAR UL NASHR 


https://youtu.be/zIKTIlzaJ9Q


(Quran Urdu Lafzi Tarjuma) Surah Baqurah ruku 2 parah 2  سورہ بقرہ اردو ترجمہ https://youtu.be/6PQEHUj8-bY



Surah Al Hadeed Urdu Tarjuma Roko 2 By Molana Muhammad Saleem Akhtar https://youtu.be/SGY6HAvBDmc


Surah Waqiah Word To Word Translation Ruku 3 https://youtu.be/-xwpPslAyrQ


Trjuma By Molana Muhammad Saleem Akhtar

ذکرٰی وہ نصیحت ہے جو انسانوں کو حقیقی علم کے حصول پر ابھارتی ہے۔ انسانوں اور دوسری تمام مخلوقات  کے اندر بنیادی فرق ہی یہ ہے کہ انسان جبلی علوم کے علاوہ حقیقی اور اکتسابی  علم کا ایک وسیع میدان رکھتا ہے اور یہ علم ہی اس میں انسانیت کی پرورش و  پرداخت کرتا ہے۔ گویا ذکرٰی انسانوں میں انسانیت کی ترقی کی ایک کاوش کا نام ہے۔
یہ حقیقی علم اللہ تعالٰی کی جانب سے قرآن مجید کی صورت میں انسانوں کے پاس موجود ہے۔ چوں کہ یہ عربی زبان میں ہے   اس لئے  ہمیں اسے سمجھنے  کے لئے ترجمہ قرآن کی ضرورت پڑتی ہے۔ اسی سلسلے میں ذکرٰی دارالنشر نے قرآن مجید کے فہم تک لوگوں کی رسائی کواآسان بنا نے کی جِدوجُہد کی ہے۔ ذکرٰی دارالنشر کی  یہ کاوش  مندرجہ ذیل خصوصیات کی حامل ہے جو اسے دیگر ترجمہ قرآن کی کوششوں سے  ممتاز کرتی ہے۔
o لفظی اور با محاورہ ترجمہ کے ساتھ مختصر وضاحت
o الفاظ معانی 
o مختصر شرح اللغات (عربی قواعد)


trjuma by molana muhammad saleem akhtar
zikra trjuma quran
zikra darul nashr
zikra dar ul nashr
trjuma by zikra
Muhammad Saleem Akhtar
Molana Muhammad saleem akhtar
zikra

 Zikra Trjuma Quran

Tags

surah najam urdu tarjuma
 surah najam urdu tarjuma ke sath


surah najm urdu trjuma
 surah najm with urdu translation only


 Zikra Trjuma Quran","surah najam urdu tarjuma,surah najam urdu tarjuma ke sath,surat najam urdu tarjuma,surat najam urdu tarjuma ke sath,surah najam trjuma in urdu,surah najm urdu tarjuma,surah najm urdu tarjuma ke sath,surah 57 urdu translation only,surah al najam only urdu translation,surah najm urdu translation,surah najm urdu translation only,surah najm urdu trjuma,surah najm with urdu translation only,dr israr ahmed tafseer quran in urdu surah najm,Zikra Trjuma Quran",2020-07-17T14:00:01Z,PT17M45S,34
